seed,plaintext_bytes,wire_bytes,roundtrip
0,0,28,1
0,1,29,1
0,2,30,1
0,3,31,1
0,4,32,1
0,5,33,1
0,6,34,1
0,7,35,1
0,8,36,1
0,9,37,1
0,10,38,1
0,11,39,1
0,12,40,1
0,13,41,1
0,14,42,1
0,15,43,1
0,16,44,1
0,17,45,1
0,18,46,1
0,19,47,1
0,20,48,1
0,21,49,1
0,22,50,1
0,23,51,1
0,24,52,1
0,25,53,1
0,26,54,1
0,27,55,1
0,28,56,1
0,29,57,1
0,30,58,1
0,31,59,1
0,32,60,1
0,33,61,1
0,34,62,1
0,35,63,1
0,36,64,1
0,37,65,1
0,38,66,1
0,39,67,1
0,40,68,1
0,41,69,1
0,42,70,1
0,43,71,1
0,44,72,1
0,45,73,1
0,46,74,1
0,47,75,1
0,48,76,1
0,49,77,1
0,50,78,1
0,51,79,1
0,52,80,1
0,53,81,1
0,54,82,1
0,55,83,1
0,56,84,1
0,57,85,1
0,58,86,1
0,59,87,1
0,60,88,1
0,61,89,1
0,62,90,1
0,63,91,1
0,64,92,1
0,65,93,1
0,66,94,1
0,67,95,1
0,68,96,1
0,69,97,1
0,70,98,1
0,71,99,1
0,72,100,1
0,73,101,1
0,74,102,1
0,75,103,1
0,76,104,1
0,77,105,1
0,78,106,1
0,79,107,1
0,80,108,1
0,81,109,1
0,82,110,1
0,83,111,1
0,84,112,1
0,85,113,1
0,86,114,1
0,87,115,1
0,88,116,1
0,89,117,1
0,90,118,1
0,91,119,1
0,92,120,1
0,93,121,1
0,94,122,1
0,95,123,1
0,96,124,1
0,97,125,1
0,98,126,1
0,99,127,1
0,100,128,1
0,101,129,1
0,102,130,1
0,103,131,1
0,104,132,1
0,105,133,1
0,106,134,1
0,107,135,1
0,108,136,1
0,109,137,1
0,110,138,1
0,111,139,1
0,112,140,1
0,113,141,1
0,114,142,1
0,115,143,1
0,116,144,1
0,117,145,1
0,118,146,1
0,119,147,1
0,120,148,1
0,121,149,1
0,122,150,1
0,123,151,1
0,124,152,1
0,125,153,1
0,126,154,1
0,127,155,1
0,128,156,1
0,129,157,1
0,130,158,1
0,131,159,1
0,132,160,1
0,133,161,1
0,134,162,1
0,135,163,1
0,136,164,1
0,137,165,1
0,138,166,1
0,139,167,1
0,140,168,1
0,141,169,1
0,142,170,1
0,143,171,1
0,144,172,1
0,145,173,1
0,146,174,1
0,147,175,1
0,148,176,1
0,149,177,1
0,150,178,1
0,151,179,1
0,152,180,1
0,153,181,1
0,154,182,1
0,155,183,1
0,156,184,1
0,157,185,1
0,158,186,1
0,159,187,1
0,160,188,1
0,161,189,1
0,162,190,1
0,163,191,1
0,164,192,1
0,165,193,1
0,166,194,1
0,167,195,1
0,168,196,1
0,169,197,1
0,170,198,1
0,171,199,1
0,172,200,1
0,173,201,1
0,174,202,1
0,175,203,1
0,176,204,1
0,177,205,1
0,178,206,1
0,179,207,1
0,180,208,1
0,181,209,1
0,182,210,1
0,183,211,1
0,184,212,1
0,185,213,1
0,186,214,1
0,187,215,1
0,188,216,1
0,189,217,1
0,190,218,1
0,191,219,1
0,192,220,1
0,193,221,1
0,194,222,1
0,195,223,1
0,196,224,1
0,197,225,1
0,198,226,1
0,199,227,1
0,200,228,1
0,201,229,1
0,202,230,1
0,203,231,1
0,204,232,1
0,205,233,1
0,206,234,1
0,207,235,1
0,208,236,1
0,209,237,1
0,210,238,1
0,211,239,1
0,212,240,1
0,213,241,1
0,214,242,1
0,215,243,1
0,216,244,1
0,217,245,1
0,218,246,1
0,219,247,1
0,220,248,1
0,221,249,1
0,222,250,1
0,223,251,1
0,224,252,1
0,225,253,1
0,226,254,1
0,227,255,1
0,228,256,1
0,229,257,1
0,230,258,1
0,231,259,1
0,232,260,1
0,233,261,1
0,234,262,1
0,235,263,1
0,236,264,1
0,237,265,1
0,238,266,1
0,239,267,1
0,240,268,1
0,241,269,1
0,242,270,1
0,243,271,1
0,244,272,1
0,245,273,1
0,246,274,1
0,247,275,1
0,248,276,1
0,249,277,1
0,250,278,1
0,251,279,1
0,252,280,1
0,253,281,1
0,254,282,1
0,255,283,1
0,256,284,1
0,257,285,1
0,258,286,1
0,259,287,1
0,260,288,1
0,261,289,1
0,262,290,1
0,263,291,1
0,264,292,1
0,265,293,1
0,266,294,1
0,267,295,1
0,268,296,1
0,269,297,1
0,270,298,1
0,271,299,1
0,272,300,1
0,273,301,1
0,274,302,1
0,275,303,1
0,276,304,1
0,277,305,1
0,278,306,1
0,279,307,1
0,280,308,1
0,281,309,1
0,282,310,1
0,283,311,1
0,284,312,1
0,285,313,1
0,286,314,1
0,287,315,1
0,288,316,1
0,289,317,1
0,290,318,1
0,291,319,1
0,292,320,1
0,293,321,1
0,294,322,1
0,295,323,1
0,296,324,1
0,297,325,1
0,298,326,1
0,299,327,1
0,300,328,1
0,301,329,1
0,302,330,1
0,303,331,1
0,304,332,1
0,305,333,1
0,306,334,1
0,307,335,1
0,308,336,1
0,309,337,1
0,310,338,1
0,311,339,1
0,312,340,1
0,313,341,1
0,314,342,1
0,315,343,1
0,316,344,1
0,317,345,1
0,318,346,1
0,319,347,1
0,320,348,1
0,321,349,1
0,322,350,1
0,323,351,1
0,324,352,1
0,325,353,1
0,326,354,1
0,327,355,1
0,328,356,1
0,329,357,1
0,330,358,1
0,331,359,1
0,332,360,1
0,333,361,1
0,334,362,1
0,335,363,1
0,336,364,1
0,337,365,1
0,338,366,1
0,339,367,1
0,340,368,1
0,341,369,1
0,342,370,1
0,343,371,1
0,344,372,1
0,345,373,1
0,346,374,1
0,347,375,1
0,348,376,1
0,349,377,1
0,350,378,1
0,351,379,1
0,352,380,1
0,353,381,1
0,354,382,1
0,355,383,1
0,356,384,1
0,357,385,1
0,358,386,1
0,359,387,1
0,360,388,1
0,361,389,1
0,362,390,1
0,363,391,1
0,364,392,1
0,365,393,1
0,366,394,1
0,367,395,1
0,368,396,1
0,369,397,1
0,370,398,1
0,371,399,1
0,372,400,1
0,373,401,1
0,374,402,1
0,375,403,1
0,376,404,1
0,377,405,1
0,378,406,1
0,379,407,1
0,380,408,1
0,381,409,1
0,382,410,1
0,383,411,1
0,384,412,1
0,385,413,1
0,386,414,1
0,387,415,1
0,388,416,1
0,389,417,1
0,390,418,1
0,391,419,1
0,392,420,1
0,393,421,1
0,394,422,1
0,395,423,1
0,396,424,1
0,397,425,1
0,398,426,1
0,399,427,1
0,400,428,1
0,401,429,1
0,402,430,1
0,403,431,1
0,404,432,1
0,405,433,1
0,406,434,1
0,407,435,1
0,408,436,1
0,409,437,1
0,410,438,1
0,411,439,1
0,412,440,1
0,413,441,1
0,414,442,1
0,415,443,1
0,416,444,1
0,417,445,1
0,418,446,1
0,419,447,1
0,420,448,1
0,421,449,1
0,422,450,1
0,423,451,1
0,424,452,1
0,425,453,1
0,426,454,1
0,427,455,1
0,428,456,1
0,429,457,1
0,430,458,1
0,431,459,1
0,432,460,1
0,433,461,1
0,434,462,1
0,435,463,1
0,436,464,1
0,437,465,1
0,438,466,1
0,439,467,1
0,440,468,1
0,441,469,1
0,442,470,1
0,443,471,1
0,444,472,1
0,445,473,1
0,446,474,1
0,447,475,1
0,448,476,1
0,449,477,1
0,450,478,1
0,451,479,1
0,452,480,1
0,453,481,1
0,454,482,1
0,455,483,1
0,456,484,1
0,457,485,1
0,458,486,1
0,459,487,1
0,460,488,1
0,461,489,1
0,462,490,1
0,463,491,1
0,464,492,1
0,465,493,1
0,466,494,1
0,467,495,1
0,468,496,1
0,469,497,1
0,470,498,1
0,471,499,1
0,472,500,1
0,473,501,1
0,474,502,1
0,475,503,1
0,476,504,1
0,477,505,1
0,478,506,1
0,479,507,1
0,480,508,1
0,481,509,1
0,482,510,1
0,483,511,1
0,484,512,1
0,485,513,1
0,486,514,1
0,487,515,1
0,488,516,1
0,489,517,1
0,490,518,1
0,491,519,1
0,492,520,1
0,493,521,1
0,494,522,1
0,495,523,1
0,496,524,1
0,497,525,1
0,498,526,1
0,499,527,1
0,500,528,1
0,501,529,1
0,502,530,1
0,503,531,1
0,504,532,1
0,505,533,1
0,506,534,1
0,507,535,1
0,508,536,1
0,509,537,1
0,510,538,1
0,511,539,1
0,512,540,1
0,513,541,1
0,514,542,1
0,515,543,1
0,516,544,1
0,517,545,1
0,518,546,1
0,519,547,1
0,520,548,1
0,521,549,1
0,522,550,1
0,523,551,1
0,524,552,1
0,525,553,1
0,526,554,1
0,527,555,1
0,528,556,1
0,529,557,1
0,530,558,1
0,531,559,1
0,532,560,1
0,533,561,1
0,534,562,1
0,535,563,1
0,536,564,1
0,537,565,1
0,538,566,1
0,539,567,1
0,540,568,1
0,541,569,1
0,542,570,1
0,543,571,1
0,544,572,1
0,545,573,1
0,546,574,1
0,547,575,1
0,548,576,1
0,549,577,1
0,550,578,1
0,551,579,1
0,552,580,1
0,553,581,1
0,554,582,1
0,555,583,1
0,556,584,1
0,557,585,1
0,558,586,1
0,559,587,1
0,560,588,1
0,561,589,1
0,562,590,1
0,563,591,1
0,564,592,1
0,565,593,1
0,566,594,1
0,567,595,1
0,568,596,1
0,569,597,1
0,570,598,1
0,571,599,1
0,572,600,1
0,573,601,1
0,574,602,1
0,575,603,1
0,576,604,1
0,577,605,1
0,578,606,1
0,579,607,1
0,580,608,1
0,581,609,1
0,582,610,1
0,583,611,1
0,584,612,1
0,585,613,1
0,586,614,1
0,587,615,1
0,588,616,1
0,589,617,1
0,590,618,1
0,591,619,1
0,592,620,1
0,593,621,1
0,594,622,1
0,595,623,1
0,596,624,1
0,597,625,1
0,598,626,1
0,599,627,1
0,600,628,1
0,601,629,1
0,602,630,1
0,603,631,1
0,604,632,1
0,605,633,1
0,606,634,1
0,607,635,1
0,608,636,1
0,609,637,1
0,610,638,1
0,611,639,1
0,612,640,1
0,613,641,1
0,614,642,1
0,615,643,1
0,616,644,1
0,617,645,1
0,618,646,1
0,619,647,1
0,620,648,1
0,621,649,1
0,622,650,1
0,623,651,1
0,624,652,1
0,625,653,1
0,626,654,1
0,627,655,1
0,628,656,1
0,629,657,1
0,630,658,1
0,631,659,1
0,632,660,1
0,633,661,1
0,634,662,1
0,635,663,1
0,636,664,1
0,637,665,1
0,638,666,1
0,639,667,1
0,640,668,1
0,641,669,1
0,642,670,1
0,643,671,1
0,644,672,1
0,645,673,1
0,646,674,1
0,647,675,1
0,648,676,1
0,649,677,1
0,650,678,1
0,651,679,1
0,652,680,1
0,653,681,1
0,654,682,1
0,655,683,1
0,656,684,1
0,657,685,1
0,658,686,1
0,659,687,1
0,660,688,1
0,661,689,1
0,662,690,1
0,663,691,1
0,664,692,1
0,665,693,1
0,666,694,1
0,667,695,1
0,668,696,1
0,669,697,1
0,670,698,1
0,671,699,1
0,672,700,1
0,673,701,1
0,674,702,1
0,675,703,1
0,676,704,1
0,677,705,1
0,678,706,1
0,679,707,1
0,680,708,1
0,681,709,1
0,682,710,1
0,683,711,1
0,684,712,1
0,685,713,1
0,686,714,1
0,687,715,1
0,688,716,1
0,689,717,1
0,690,718,1
0,691,719,1
0,692,720,1
0,693,721,1
0,694,722,1
0,695,723,1
0,696,724,1
0,697,725,1
0,698,726,1
0,699,727,1
0,700,728,1
0,701,729,1
0,702,730,1
0,703,731,1
0,704,732,1
0,705,733,1
0,706,734,1
0,707,735,1
0,708,736,1
0,709,737,1
0,710,738,1
0,711,739,1
0,712,740,1
0,713,741,1
0,714,742,1
0,715,743,1
0,716,744,1
0,717,745,1
0,718,746,1
0,719,747,1
0,720,748,1
0,721,749,1
0,722,750,1
0,723,751,1
0,724,752,1
0,725,753,1
0,726,754,1
0,727,755,1
0,728,756,1
0,729,757,1
0,730,758,1
0,731,759,1
0,732,760,1
0,733,761,1
0,734,762,1
0,735,763,1
0,736,764,1
0,737,765,1
0,738,766,1
0,739,767,1
0,740,768,1
0,741,769,1
0,742,770,1
0,743,771,1
0,744,772,1
0,745,773,1
0,746,774,1
0,747,775,1
0,748,776,1
0,749,777,1
0,750,778,1
0,751,779,1
0,752,780,1
0,753,781,1
0,754,782,1
0,755,783,1
0,756,784,1
0,757,785,1
0,758,786,1
0,759,787,1
0,760,788,1
0,761,789,1
0,762,790,1
0,763,791,1
0,764,792,1
0,765,793,1
0,766,794,1
0,767,795,1
0,768,796,1
0,769,797,1
0,770,798,1
0,771,799,1
0,772,800,1
0,773,801,1
0,774,802,1
0,775,803,1
0,776,804,1
0,777,805,1
0,778,806,1
0,779,807,1
0,780,808,1
0,781,809,1
0,782,810,1
0,783,811,1
0,784,812,1
0,785,813,1
0,786,814,1
0,787,815,1
0,788,816,1
0,789,817,1
0,790,818,1
0,791,819,1
0,792,820,1
0,793,821,1
0,794,822,1
0,795,823,1
0,796,824,1
0,797,825,1
0,798,826,1
0,799,827,1
0,800,828,1
0,801,829,1
0,802,830,1
0,803,831,1
0,804,832,1
0,805,833,1
0,806,834,1
0,807,835,1
0,808,836,1
0,809,837,1
0,810,838,1
0,811,839,1
0,812,840,1
0,813,841,1
0,814,842,1
0,815,843,1
0,816,844,1
0,817,845,1
0,818,846,1
0,819,847,1
0,820,848,1
0,821,849,1
0,822,850,1
0,823,851,1
0,824,852,1
0,825,853,1
0,826,854,1
0,827,855,1
0,828,856,1
0,829,857,1
0,830,858,1
0,831,859,1
0,832,860,1
0,833,861,1
0,834,862,1
0,835,863,1
0,836,864,1
0,837,865,1
0,838,866,1
0,839,867,1
0,840,868,1
0,841,869,1
0,842,870,1
0,843,871,1
0,844,872,1
0,845,873,1
0,846,874,1
0,847,875,1
0,848,876,1
0,849,877,1
0,850,878,1
0,851,879,1
0,852,880,1
0,853,881,1
0,854,882,1
0,855,883,1
0,856,884,1
0,857,885,1
0,858,886,1
0,859,887,1
0,860,888,1
0,861,889,1
0,862,890,1
0,863,891,1
0,864,892,1
0,865,893,1
0,866,894,1
0,867,895,1
0,868,896,1
0,869,897,1
0,870,898,1
0,871,899,1
0,872,900,1
0,873,901,1
0,874,902,1
0,875,903,1
0,876,904,1
0,877,905,1
0,878,906,1
0,879,907,1
0,880,908,1
0,881,909,1
0,882,910,1
0,883,911,1
0,884,912,1
0,885,913,1
0,886,914,1
0,887,915,1
0,888,916,1
0,889,917,1
0,890,918,1
0,891,919,1
0,892,920,1
0,893,921,1
0,894,922,1
0,895,923,1
0,896,924,1
0,897,925,1
0,898,926,1
0,899,927,1
0,900,928,1
0,901,929,1
0,902,930,1
0,903,931,1
0,904,932,1
0,905,933,1
0,906,934,1
0,907,935,1
0,908,936,1
0,909,937,1
0,910,938,1
0,911,939,1
0,912,940,1
0,913,941,1
0,914,942,1
0,915,943,1
0,916,944,1
0,917,945,1
0,918,946,1
0,919,947,1
0,920,948,1
0,921,949,1
0,922,950,1
0,923,951,1
0,924,952,1
0,925,953,1
0,926,954,1
0,927,955,1
0,928,956,1
0,929,957,1
0,930,958,1
0,931,959,1
0,932,960,1
0,933,961,1
0,934,962,1
0,935,963,1
0,936,964,1
0,937,965,1
0,938,966,1
0,939,967,1
0,940,968,1
0,941,969,1
0,942,970,1
0,943,971,1
0,944,972,1
0,945,973,1
0,946,974,1
0,947,975,1
0,948,976,1
0,949,977,1
0,950,978,1
0,951,979,1
0,952,980,1
0,953,981,1
0,954,982,1
0,955,983,1
0,956,984,1
0,957,985,1
0,958,986,1
0,959,987,1
0,960,988,1
0,961,989,1
0,962,990,1
0,963,991,1
0,964,992,1
0,965,993,1
0,966,994,1
0,967,995,1
0,968,996,1
0,969,997,1
0,970,998,1
0,971,999,1
0,972,1000,1
0,973,1001,1
0,974,1002,1
0,975,1003,1
0,976,1004,1
0,977,1005,1
0,978,1006,1
0,979,1007,1
0,980,1008,1
0,981,1009,1
0,982,1010,1
0,983,1011,1
0,984,1012,1
0,985,1013,1
0,986,1014,1
0,987,1015,1
0,988,1016,1
0,989,1017,1
0,990,1018,1
0,991,1019,1
0,992,1020,1
0,993,1021,1
0,994,1022,1
0,995,1023,1
0,996,1024,1
0,997,1025,1
0,998,1026,1
0,999,1027,1
0,1000,1028,1
0,1001,1029,1
0,1002,1030,1
0,1003,1031,1
0,1004,1032,1
0,1005,1033,1
0,1006,1034,1
0,1007,1035,1
0,1008,1036,1
0,1009,1037,1
0,1010,1038,1
0,1011,1039,1
0,1012,1040,1
0,1013,1041,1
0,1014,1042,1
0,1015,1043,1
0,1016,1044,1
0,1017,1045,1
0,1018,1046,1
0,1019,1047,1
0,1020,1048,1
0,1021,1049,1
0,1022,1050,1
0,1023,1051,1
0,1024,1052,1
0,1025,1053,1
0,1026,1054,1
0,1027,1055,1
0,1028,1056,1
0,1029,1057,1
0,1030,1058,1
0,1031,1059,1
0,1032,1060,1
0,1033,1061,1
0,1034,1062,1
0,1035,1063,1
0,1036,1064,1
0,1037,1065,1
0,1038,1066,1
0,1039,1067,1
0,1040,1068,1
0,1041,1069,1
0,1042,1070,1
0,1043,1071,1
0,1044,1072,1
0,1045,1073,1
0,1046,1074,1
0,1047,1075,1
0,1048,1076,1
0,1049,1077,1
0,1050,1078,1
0,1051,1079,1
0,1052,1080,1
0,1053,1081,1
0,1054,1082,1
0,1055,1083,1
0,1056,1084,1
0,1057,1085,1
0,1058,1086,1
0,1059,1087,1
0,1060,1088,1
0,1061,1089,1
0,1062,1090,1
0,1063,1091,1
0,1064,1092,1
0,1065,1093,1
0,1066,1094,1
0,1067,1095,1
0,1068,1096,1
0,1069,1097,1
0,1070,1098,1
0,1071,1099,1
0,1072,1100,1
0,1073,1101,1
0,1074,1102,1
0,1075,1103,1
0,1076,1104,1
0,1077,1105,1
0,1078,1106,1
0,1079,1107,1
0,1080,1108,1
0,1081,1109,1
0,1082,1110,1
0,1083,1111,1
0,1084,1112,1
0,1085,1113,1
0,1086,1114,1
0,1087,1115,1
0,1088,1116,1
0,1089,1117,1
0,1090,1118,1
0,1091,1119,1
0,1092,1120,1
0,1093,1121,1
0,1094,1122,1
0,1095,1123,1
0,1096,1124,1
0,1097,1125,1
0,1098,1126,1
0,1099,1127,1
0,1100,1128,1
0,1101,1129,1
0,1102,1130,1
0,1103,1131,1
0,1104,1132,1
0,1105,1133,1
0,1106,1134,1
0,1107,1135,1
0,1108,1136,1
0,1109,1137,1
0,1110,1138,1
0,1111,1139,1
0,1112,1140,1
0,1113,1141,1
0,1114,1142,1
0,1115,1143,1
0,1116,1144,1
0,1117,1145,1
0,1118,1146,1
0,1119,1147,1
0,1120,1148,1
0,1121,1149,1
0,1122,1150,1
0,1123,1151,1
0,1124,1152,1
0,1125,1153,1
0,1126,1154,1
0,1127,1155,1
0,1128,1156,1
0,1129,1157,1
0,1130,1158,1
0,1131,1159,1
0,1132,1160,1
0,1133,1161,1
0,1134,1162,1
0,1135,1163,1
0,1136,1164,1
0,1137,1165,1
0,1138,1166,1
0,1139,1167,1
0,1140,1168,1
0,1141,1169,1
0,1142,1170,1
0,1143,1171,1
0,1144,1172,1
0,1145,1173,1
0,1146,1174,1
0,1147,1175,1
0,1148,1176,1
0,1149,1177,1
0,1150,1178,1
0,1151,1179,1
0,1152,1180,1
0,1153,1181,1
0,1154,1182,1
0,1155,1183,1
0,1156,1184,1
0,1157,1185,1
0,1158,1186,1
0,1159,1187,1
0,1160,1188,1
0,1161,1189,1
0,1162,1190,1
0,1163,1191,1
0,1164,1192,1
0,1165,1193,1
0,1166,1194,1
0,1167,1195,1
0,1168,1196,1
0,1169,1197,1
0,1170,1198,1
0,1171,1199,1
0,1172,1200,1
0,1173,1201,1
0,1174,1202,1
0,1175,1203,1
0,1176,1204,1
0,1177,1205,1
0,1178,1206,1
0,1179,1207,1
0,1180,1208,1
0,1181,1209,1
0,1182,1210,1
0,1183,1211,1
0,1184,1212,1
0,1185,1213,1
0,1186,1214,1
0,1187,1215,1
0,1188,1216,1
0,1189,1217,1
0,1190,1218,1
0,1191,1219,1
0,1192,1220,1
0,1193,1221,1
0,1194,1222,1
0,1195,1223,1
0,1196,1224,1
0,1197,1225,1
0,1198,1226,1
0,1199,1227,1
0,1200,1228,1
0,1201,1229,1
0,1202,1230,1
0,1203,1231,1
0,1204,1232,1
0,1205,1233,1
0,1206,1234,1
0,1207,1235,1
0,1208,1236,1
0,1209,1237,1
0,1210,1238,1
0,1211,1239,1
0,1212,1240,1
0,1213,1241,1
0,1214,1242,1
0,1215,1243,1
0,1216,1244,1
0,1217,1245,1
0,1218,1246,1
0,1219,1247,1
0,1220,1248,1
0,1221,1249,1
0,1222,1250,1
0,1223,1251,1
0,1224,1252,1
0,1225,1253,1
0,1226,1254,1
0,1227,1255,1
0,1228,1256,1
0,1229,1257,1
0,1230,1258,1
0,1231,1259,1
0,1232,1260,1
0,1233,1261,1
0,1234,1262,1
0,1235,1263,1
0,1236,1264,1
0,1237,1265,1
0,1238,1266,1
0,1239,1267,1
0,1240,1268,1
0,1241,1269,1
0,1242,1270,1
0,1243,1271,1
0,1244,1272,1
0,1245,1273,1
0,1246,1274,1
0,1247,1275,1
0,1248,1276,1
0,1249,1277,1
0,1250,1278,1
0,1251,1279,1
0,1252,1280,1
0,1253,1281,1
0,1254,1282,1
0,1255,1283,1
0,1256,1284,1
0,1257,1285,1
0,1258,1286,1
0,1259,1287,1
0,1260,1288,1
0,1261,1289,1
0,1262,1290,1
0,1263,1291,1
0,1264,1292,1
0,1265,1293,1
0,1266,1294,1
0,1267,1295,1
0,1268,1296,1
0,1269,1297,1
0,1270,1298,1
0,1271,1299,1
0,1272,1300,1
0,1273,1301,1
0,1274,1302,1
0,1275,1303,1
0,1276,1304,1
0,1277,1305,1
0,1278,1306,1
0,1279,1307,1
0,1280,1308,1
0,1281,1309,1
0,1282,1310,1
0,1283,1311,1
0,1284,1312,1
0,1285,1313,1
0,1286,1314,1
0,1287,1315,1
0,1288,1316,1
0,1289,1317,1
0,1290,1318,1
0,1291,1319,1
0,1292,1320,1
0,1293,1321,1
0,1294,1322,1
0,1295,1323,1
0,1296,1324,1
0,1297,1325,1
0,1298,1326,1
0,1299,1327,1
0,1300,1328,1
0,1301,1329,1
0,1302,1330,1
0,1303,1331,1
0,1304,1332,1
0,1305,1333,1
0,1306,1334,1
0,1307,1335,1
0,1308,1336,1
0,1309,1337,1
0,1310,1338,1
0,1311,1339,1
0,1312,1340,1
0,1313,1341,1
0,1314,1342,1
0,1315,1343,1
0,1316,1344,1
0,1317,1345,1
0,1318,1346,1
0,1319,1347,1
0,1320,1348,1
0,1321,1349,1
0,1322,1350,1
0,1323,1351,1
0,1324,1352,1
0,1325,1353,1
0,1326,1354,1
0,1327,1355,1
0,1328,1356,1
0,1329,1357,1
0,1330,1358,1
0,1331,1359,1
0,1332,1360,1
0,1333,1361,1
0,1334,1362,1
0,1335,1363,1
0,1336,1364,1
0,1337,1365,1
0,1338,1366,1
0,1339,1367,1
0,1340,1368,1
0,1341,1369,1
0,1342,1370,1
0,1343,1371,1
0,1344,1372,1
0,1345,1373,1
0,1346,1374,1
0,1347,1375,1
0,1348,1376,1
0,1349,1377,1
0,1350,1378,1
0,1351,1379,1
0,1352,1380,1
0,1353,1381,1
0,1354,1382,1
0,1355,1383,1
0,1356,1384,1
0,1357,1385,1
0,1358,1386,1
0,1359,1387,1
0,1360,1388,1
0,1361,1389,1
0,1362,1390,1
0,1363,1391,1
0,1364,1392,1
0,1365,1393,1
0,1366,1394,1
0,1367,1395,1
0,1368,1396,1
0,1369,1397,1
0,1370,1398,1
0,1371,1399,1
0,1372,1400,1
0,1373,1401,1
0,1374,1402,1
0,1375,1403,1
0,1376,1404,1
0,1377,1405,1
0,1378,1406,1
0,1379,1407,1
0,1380,1408,1
0,1381,1409,1
0,1382,1410,1
0,1383,1411,1
0,1384,1412,1
0,1385,1413,1
0,1386,1414,1
0,1387,1415,1
0,1388,1416,1
0,1389,1417,1
0,1390,1418,1
0,1391,1419,1
0,1392,1420,1
0,1393,1421,1
0,1394,1422,1
0,1395,1423,1
0,1396,1424,1
0,1397,1425,1
0,1398,1426,1
0,1399,1427,1
0,1400,1428,1
0,1401,1429,1
0,1402,1430,1
0,1403,1431,1
0,1404,1432,1
0,1405,1433,1
0,1406,1434,1
0,1407,1435,1
0,1408,1436,1
0,1409,1437,1
0,1410,1438,1
0,1411,1439,1
0,1412,1440,1
0,1413,1441,1
0,1414,1442,1
0,1415,1443,1
0,1416,1444,1
0,1417,1445,1
0,1418,1446,1
0,1419,1447,1
0,1420,1448,1
0,1421,1449,1
0,1422,1450,1
0,1423,1451,1
0,1424,1452,1
0,1425,1453,1
0,1426,1454,1
0,1427,1455,1
0,1428,1456,1
0,1429,1457,1
0,1430,1458,1
0,1431,1459,1
0,1432,1460,1
0,1433,1461,1
0,1434,1462,1
0,1435,1463,1
0,1436,1464,1
0,1437,1465,1
0,1438,1466,1
0,1439,1467,1
0,1440,1468,1
0,1441,1469,1
0,1442,1470,1
0,1443,1471,1
0,1444,1472,1
0,1445,1473,1
0,1446,1474,1
0,1447,1475,1
0,1448,1476,1
0,1449,1477,1
0,1450,1478,1
0,1451,1479,1
0,1452,1480,1
0,1453,1481,1
0,1454,1482,1
0,1455,1483,1
0,1456,1484,1
0,1457,1485,1
0,1458,1486,1
0,1459,1487,1
0,1460,1488,1
0,1461,1489,1
0,1462,1490,1
0,1463,1491,1
0,1464,1492,1
0,1465,1493,1
0,1466,1494,1
0,1467,1495,1
0,1468,1496,1
0,1469,1497,1
0,1470,1498,1
0,1471,1499,1
0,1472,1500,1
0,1473,1501,1
0,1474,1502,1
0,1475,1503,1
0,1476,1504,1
0,1477,1505,1
0,1478,1506,1
0,1479,1507,1
0,1480,1508,1
0,1481,1509,1
0,1482,1510,1
0,1483,1511,1
0,1484,1512,1
0,1485,1513,1
0,1486,1514,1
0,1487,1515,1
0,1488,1516,1
0,1489,1517,1
0,1490,1518,1
0,1491,1519,1
0,1492,1520,1
0,1493,1521,1
0,1494,1522,1
0,1495,1523,1
0,1496,1524,1
0,1497,1525,1
0,1498,1526,1
0,1499,1527,1
0,1500,1528,1
1,0,28,1
1,1,29,1
1,2,30,1
1,3,31,1
1,4,32,1
1,5,33,1
1,6,34,1
1,7,35,1
1,8,36,1
1,9,37,1
1,10,38,1
1,11,39,1
1,12,40,1
1,13,41,1
1,14,42,1
1,15,43,1
1,16,44,1
1,17,45,1
1,18,46,1
1,19,47,1
1,20,48,1
1,21,49,1
1,22,50,1
1,23,51,1
1,24,52,1
1,25,53,1
1,26,54,1
1,27,55,1
1,28,56,1
1,29,57,1
1,30,58,1
1,31,59,1
1,32,60,1
1,33,61,1
1,34,62,1
1,35,63,1
1,36,64,1
1,37,65,1
1,38,66,1
1,39,67,1
1,40,68,1
1,41,69,1
1,42,70,1
1,43,71,1
1,44,72,1
1,45,73,1
1,46,74,1
1,47,75,1
1,48,76,1
1,49,77,1
1,50,78,1
1,51,79,1
1,52,80,1
1,53,81,1
1,54,82,1
1,55,83,1
1,56,84,1
1,57,85,1
1,58,86,1
1,59,87,1
1,60,88,1
1,61,89,1
1,62,90,1
1,63,91,1
1,64,92,1
1,65,93,1
1,66,94,1
1,67,95,1
1,68,96,1
1,69,97,1
1,70,98,1
1,71,99,1
1,72,100,1
1,73,101,1
1,74,102,1
1,75,103,1
1,76,104,1
1,77,105,1
1,78,106,1
1,79,107,1
1,80,108,1
1,81,109,1
1,82,110,1
1,83,111,1
1,84,112,1
1,85,113,1
1,86,114,1
1,87,115,1
1,88,116,1
1,89,117,1
1,90,118,1
1,91,119,1
1,92,120,1
1,93,121,1
1,94,122,1
1,95,123,1
1,96,124,1
1,97,125,1
1,98,126,1
1,99,127,1
1,100,128,1
1,101,129,1
1,102,130,1
1,103,131,1
1,104,132,1
1,105,133,1
1,106,134,1
1,107,135,1
1,108,136,1
1,109,137,1
1,110,138,1
1,111,139,1
1,112,140,1
1,113,141,1
1,114,142,1
1,115,143,1
1,116,144,1
1,117,145,1
1,118,146,1
1,119,147,1
1,120,148,1
1,121,149,1
1,122,150,1
1,123,151,1
1,124,152,1
1,125,153,1
1,126,154,1
1,127,155,1
1,128,156,1
1,129,157,1
1,130,158,1
1,131,159,1
1,132,160,1
1,133,161,1
1,134,162,1
1,135,163,1
1,136,164,1
1,137,165,1
1,138,166,1
1,139,167,1
1,140,168,1
1,141,169,1
1,142,170,1
1,143,171,1
1,144,172,1
1,145,173,1
1,146,174,1
1,147,175,1
1,148,176,1
1,149,177,1
1,150,178,1
1,151,179,1
1,152,180,1
1,153,181,1
1,154,182,1
1,155,183,1
1,156,184,1
1,157,185,1
1,158,186,1
1,159,187,1
1,160,188,1
1,161,189,1
1,162,190,1
1,163,191,1
1,164,192,1
1,165,193,1
1,166,194,1
1,167,195,1
1,168,196,1
1,169,197,1
1,170,198,1
1,171,199,1
1,172,200,1
1,173,201,1
1,174,202,1
1,175,203,1
1,176,204,1
1,177,205,1
1,178,206,1
1,179,207,1
1,180,208,1
1,181,209,1
1,182,210,1
1,183,211,1
1,184,212,1
1,185,213,1
1,186,214,1
1,187,215,1
1,188,216,1
1,189,217,1
1,190,218,1
1,191,219,1
1,192,220,1
1,193,221,1
1,194,222,1
1,195,223,1
1,196,224,1
1,197,225,1
1,198,226,1
1,199,227,1
1,200,228,1
1,201,229,1
1,202,230,1
1,203,231,1
1,204,232,1
1,205,233,1
1,206,234,1
1,207,235,1
1,208,236,1
1,209,237,1
1,210,238,1
1,211,239,1
1,212,240,1
1,213,241,1
1,214,242,1
1,215,243,1
1,216,244,1
1,217,245,1
1,218,246,1
1,219,247,1
1,220,248,1
1,221,249,1
1,222,250,1
1,223,251,1
1,224,252,1
1,225,253,1
1,226,254,1
1,227,255,1
1,228,256,1
1,229,257,1
1,230,258,1
1,231,259,1
1,232,260,1
1,233,261,1
1,234,262,1
1,235,263,1
1,236,264,1
1,237,265,1
1,238,266,1
1,239,267,1
1,240,268,1
1,241,269,1
1,242,270,1
1,243,271,1
1,244,272,1
1,245,273,1
1,246,274,1
1,247,275,1
1,248,276,1
1,249,277,1
1,250,278,1
1,251,279,1
1,252,280,1
1,253,281,1
1,254,282,1
1,255,283,1
1,256,284,1
1,257,285,1
1,258,286,1
1,259,287,1
1,260,288,1
1,261,289,1
1,262,290,1
1,263,291,1
1,264,292,1
1,265,293,1
1,266,294,1
1,267,295,1
1,268,296,1
1,269,297,1
1,270,298,1
1,271,299,1
1,272,300,1
1,273,301,1
1,274,302,1
1,275,303,1
1,276,304,1
1,277,305,1
1,278,306,1
1,279,307,1
1,280,308,1
1,281,309,1
1,282,310,1
1,283,311,1
1,284,312,1
1,285,313,1
1,286,314,1
1,287,315,1
1,288,316,1
1,289,317,1
1,290,318,1
1,291,319,1
1,292,320,1
1,293,321,1
1,294,322,1
1,295,323,1
1,296,324,1
1,297,325,1
1,298,326,1
1,299,327,1
1,300,328,1
1,301,329,1
1,302,330,1
1,303,331,1
1,304,332,1
1,305,333,1
1,306,334,1
1,307,335,1
1,308,336,1
1,309,337,1
1,310,338,1
1,311,339,1
1,312,340,1
1,313,341,1
1,314,342,1
1,315,343,1
1,316,344,1
1,317,345,1
1,318,346,1
1,319,347,1
1,320,348,1
1,321,349,1
1,322,350,1
1,323,351,1
1,324,352,1
1,325,353,1
1,326,354,1
1,327,355,1
1,328,356,1
1,329,357,1
1,330,358,1
1,331,359,1
1,332,360,1
1,333,361,1
1,334,362,1
1,335,363,1
1,336,364,1
1,337,365,1
1,338,366,1
1,339,367,1
1,340,368,1
1,341,369,1
1,342,370,1
1,343,371,1
1,344,372,1
1,345,373,1
1,346,374,1
1,347,375,1
1,348,376,1
1,349,377,1
1,350,378,1
1,351,379,1
1,352,380,1
1,353,381,1
1,354,382,1
1,355,383,1
1,356,384,1
1,357,385,1
1,358,386,1
1,359,387,1
1,360,388,1
1,361,389,1
1,362,390,1
1,363,391,1
1,364,392,1
1,365,393,1
1,366,394,1
1,367,395,1
1,368,396,1
1,369,397,1
1,370,398,1
1,371,399,1
1,372,400,1
1,373,401,1
1,374,402,1
1,375,403,1
1,376,404,1
1,377,405,1
1,378,406,1
1,379,407,1
1,380,408,1
1,381,409,1
1,382,410,1
1,383,411,1
1,384,412,1
1,385,413,1
1,386,414,1
1,387,415,1
1,388,416,1
1,389,417,1
1,390,418,1
1,391,419,1
1,392,420,1
1,393,421,1
1,394,422,1
1,395,423,1
1,396,424,1
1,397,425,1
1,398,426,1
1,399,427,1
1,400,428,1
1,401,429,1
1,402,430,1
1,403,431,1
1,404,432,1
1,405,433,1
1,406,434,1
1,407,435,1
1,408,436,1
1,409,437,1
1,410,438,1
1,411,439,1
1,412,440,1
1,413,441,1
1,414,442,1
1,415,443,1
1,416,444,1
1,417,445,1
1,418,446,1
1,419,447,1
1,420,448,1
1,421,449,1
1,422,450,1
1,423,451,1
1,424,452,1
1,425,453,1
1,426,454,1
1,427,455,1
1,428,456,1
1,429,457,1
1,430,458,1
1,431,459,1
1,432,460,1
1,433,461,1
1,434,462,1
1,435,463,1
1,436,464,1
1,437,465,1
1,438,466,1
1,439,467,1
1,440,468,1
1,441,469,1
1,442,470,1
1,443,471,1
1,444,472,1
1,445,473,1
1,446,474,1
1,447,475,1
1,448,476,1
1,449,477,1
1,450,478,1
1,451,479,1
1,452,480,1
1,453,481,1
1,454,482,1
1,455,483,1
1,456,484,1
1,457,485,1
1,458,486,1
1,459,487,1
1,460,488,1
1,461,489,1
1,462,490,1
1,463,491,1
1,464,492,1
1,465,493,1
1,466,494,1
1,467,495,1
1,468,496,1
1,469,497,1
1,470,498,1
1,471,499,1
1,472,500,1
1,473,501,1
1,474,502,1
1,475,503,1
1,476,504,1
1,477,505,1
1,478,506,1
1,479,507,1
1,480,508,1
1,481,509,1
1,482,510,1
1,483,511,1
1,484,512,1
1,485,513,1
1,486,514,1
1,487,515,1
1,488,516,1
1,489,517,1
1,490,518,1
1,491,519,1
1,492,520,1
1,493,521,1
1,494,522,1
1,495,523,1
1,496,524,1
1,497,525,1
1,498,526,1
1,499,527,1
1,500,528,1
1,501,529,1
1,502,530,1
1,503,531,1
1,504,532,1
1,505,533,1
1,506,534,1
1,507,535,1
1,508,536,1
1,509,537,1
1,510,538,1
1,511,539,1
1,512,540,1
1,513,541,1
1,514,542,1
1,515,543,1
1,516,544,1
1,517,545,1
1,518,546,1
1,519,547,1
1,520,548,1
1,521,549,1
1,522,550,1
1,523,551,1
1,524,552,1
1,525,553,1
1,526,554,1
1,527,555,1
1,528,556,1
1,529,557,1
1,530,558,1
1,531,559,1
1,532,560,1
1,533,561,1
1,534,562,1
1,535,563,1
1,536,564,1
1,537,565,1
1,538,566,1
1,539,567,1
1,540,568,1
1,541,569,1
1,542,570,1
1,543,571,1
1,544,572,1
1,545,573,1
1,546,574,1
1,547,575,1
1,548,576,1
1,549,577,1
1,550,578,1
1,551,579,1
1,552,580,1
1,553,581,1
1,554,582,1
1,555,583,1
1,556,584,1
1,557,585,1
1,558,586,1
1,559,587,1
1,560,588,1
1,561,589,1
1,562,590,1
1,563,591,1
1,564,592,1
1,565,593,1
1,566,594,1
1,567,595,1
1,568,596,1
1,569,597,1
1,570,598,1
1,571,599,1
1,572,600,1
1,573,601,1
1,574,602,1
1,575,603,1
1,576,604,1
1,577,605,1
1,578,606,1
1,579,607,1
1,580,608,1
1,581,609,1
1,582,610,1
1,583,611,1
1,584,612,1
1,585,613,1
1,586,614,1
1,587,615,1
1,588,616,1
1,589,617,1
1,590,618,1
1,591,619,1
1,592,620,1
1,593,621,1
1,594,622,1
1,595,623,1
1,596,624,1
1,597,625,1
1,598,626,1
1,599,627,1
1,600,628,1
1,601,629,1
1,602,630,1
1,603,631,1
1,604,632,1
1,605,633,1
1,606,634,1
1,607,635,1
1,608,636,1
1,609,637,1
1,610,638,1
1,611,639,1
1,612,640,1
1,613,641,1
1,614,642,1
1,615,643,1
1,616,644,1
1,617,645,1
1,618,646,1
1,619,647,1
1,620,648,1
1,621,649,1
1,622,650,1
1,623,651,1
1,624,652,1
1,625,653,1
1,626,654,1
1,627,655,1
1,628,656,1
1,629,657,1
1,630,658,1
1,631,659,1
1,632,660,1
1,633,661,1
1,634,662,1
1,635,663,1
1,636,664,1
1,637,665,1
1,638,666,1
1,639,667,1
1,640,668,1
1,641,669,1
1,642,670,1
1,643,671,1
1,644,672,1
1,645,673,1
1,646,674,1
1,647,675,1
1,648,676,1
1,649,677,1
1,650,678,1
1,651,679,1
1,652,680,1
1,653,681,1
1,654,682,1
1,655,683,1
1,656,684,1
1,657,685,1
1,658,686,1
1,659,687,1
1,660,688,1
1,661,689,1
1,662,690,1
1,663,691,1
1,664,692,1
1,665,693,1
1,666,694,1
1,667,695,1
1,668,696,1
1,669,697,1
1,670,698,1
1,671,699,1
1,672,700,1
1,673,701,1
1,674,702,1
1,675,703,1
1,676,704,1
1,677,705,1
1,678,706,1
1,679,707,1
1,680,708,1
1,681,709,1
1,682,710,1
1,683,711,1
1,684,712,1
1,685,713,1
1,686,714,1
1,687,715,1
1,688,716,1
1,689,717,1
1,690,718,1
1,691,719,1
1,692,720,1
1,693,721,1
1,694,722,1
1,695,723,1
1,696,724,1
1,697,725,1
1,698,726,1
1,699,727,1
1,700,728,1
1,701,729,1
1,702,730,1
1,703,731,1
1,704,732,1
1,705,733,1
1,706,734,1
1,707,735,1
1,708,736,1
1,709,737,1
1,710,738,1
1,711,739,1
1,712,740,1
1,713,741,1
1,714,742,1
1,715,743,1
1,716,744,1
1,717,745,1
1,718,746,1
1,719,747,1
1,720,748,1
1,721,749,1
1,722,750,1
1,723,751,1
1,724,752,1
1,725,753,1
1,726,754,1
1,727,755,1
1,728,756,1
1,729,757,1
1,730,758,1
1,731,759,1
1,732,760,1
1,733,761,1
1,734,762,1
1,735,763,1
1,736,764,1
1,737,765,1
1,738,766,1
1,739,767,1
1,740,768,1
1,741,769,1
1,742,770,1
1,743,771,1
1,744,772,1
1,745,773,1
1,746,774,1
1,747,775,1
1,748,776,1
1,749,777,1
1,750,778,1
1,751,779,1
1,752,780,1
1,753,781,1
1,754,782,1
1,755,783,1
1,756,784,1
1,757,785,1
1,758,786,1
1,759,787,1
1,760,788,1
1,761,789,1
1,762,790,1
1,763,791,1
1,764,792,1
1,765,793,1
1,766,794,1
1,767,795,1
1,768,796,1
1,769,797,1
1,770,798,1
1,771,799,1
1,772,800,1
1,773,801,1
1,774,802,1
1,775,803,1
1,776,804,1
1,777,805,1
1,778,806,1
1,779,807,1
1,780,808,1
1,781,809,1
1,782,810,1
1,783,811,1
1,784,812,1
1,785,813,1
1,786,814,1
1,787,815,1
1,788,816,1
1,789,817,1
1,790,818,1
1,791,819,1
1,792,820,1
1,793,821,1
1,794,822,1
1,795,823,1
1,796,824,1
1,797,825,1
1,798,826,1
1,799,827,1
1,800,828,1
1,801,829,1
1,802,830,1
1,803,831,1
1,804,832,1
1,805,833,1
1,806,834,1
1,807,835,1
1,808,836,1
1,809,837,1
1,810,838,1
1,811,839,1
1,812,840,1
1,813,841,1
1,814,842,1
1,815,843,1
1,816,844,1
1,817,845,1
1,818,846,1
1,819,847,1
1,820,848,1
1,821,849,1
1,822,850,1
1,823,851,1
1,824,852,1
1,825,853,1
1,826,854,1
1,827,855,1
1,828,856,1
1,829,857,1
1,830,858,1
1,831,859,1
1,832,860,1
1,833,861,1
1,834,862,1
1,835,863,1
1,836,864,1
1,837,865,1
1,838,866,1
1,839,867,1
1,840,868,1
1,841,869,1
1,842,870,1
1,843,871,1
1,844,872,1
1,845,873,1
1,846,874,1
1,847,875,1
1,848,876,1
1,849,877,1
1,850,878,1
1,851,879,1
1,852,880,1
1,853,881,1
1,854,882,1
1,855,883,1
1,856,884,1
1,857,885,1
1,858,886,1
1,859,887,1
1,860,888,1
1,861,889,1
1,862,890,1
1,863,891,1
1,864,892,1
1,865,893,1
1,866,894,1
1,867,895,1
1,868,896,1
1,869,897,1
1,870,898,1
1,871,899,1
1,872,900,1
1,873,901,1
1,874,902,1
1,875,903,1
1,876,904,1
1,877,905,1
1,878,906,1
1,879,907,1
1,880,908,1
1,881,909,1
1,882,910,1
1,883,911,1
1,884,912,1
1,885,913,1
1,886,914,1
1,887,915,1
1,888,916,1
1,889,917,1
1,890,918,1
1,891,919,1
1,892,920,1
1,893,921,1
1,894,922,1
1,895,923,1
1,896,924,1
1,897,925,1
1,898,926,1
1,899,927,1
1,900,928,1
1,901,929,1
1,902,930,1
1,903,931,1
1,904,932,1
1,905,933,1
1,906,934,1
1,907,935,1
1,908,936,1
1,909,937,1
1,910,938,1
1,911,939,1
1,912,940,1
1,913,941,1
1,914,942,1
1,915,943,1
1,916,944,1
1,917,945,1
1,918,946,1
1,919,947,1
1,920,948,1
1,921,949,1
1,922,950,1
1,923,951,1
1,924,952,1
1,925,953,1
1,926,954,1
1,927,955,1
1,928,956,1
1,929,957,1
1,930,958,1
1,931,959,1
1,932,960,1
1,933,961,1
1,934,962,1
1,935,963,1
1,936,964,1
1,937,965,1
1,938,966,1
1,939,967,1
1,940,968,1
1,941,969,1
1,942,970,1
1,943,971,1
1,944,972,1
1,945,973,1
1,946,974,1
1,947,975,1
1,948,976,1
1,949,977,1
1,950,978,1
1,951,979,1
1,952,980,1
1,953,981,1
1,954,982,1
1,955,983,1
1,956,984,1
1,957,985,1
1,958,986,1
1,959,987,1
1,960,988,1
1,961,989,1
1,962,990,1
1,963,991,1
1,964,992,1
1,965,993,1
1,966,994,1
1,967,995,1
1,968,996,1
1,969,997,1
1,970,998,1
1,971,999,1
1,972,1000,1
1,973,1001,1
1,974,1002,1
1,975,1003,1
1,976,1004,1
1,977,1005,1
1,978,1006,1
1,979,1007,1
1,980,1008,1
1,981,1009,1
1,982,1010,1
1,983,1011,1
1,984,1012,1
1,985,1013,1
1,986,1014,1
1,987,1015,1
1,988,1016,1
1,989,1017,1
1,990,1018,1
1,991,1019,1
1,992,1020,1
1,993,1021,1
1,994,1022,1
1,995,1023,1
1,996,1024,1
1,997,1025,1
1,998,1026,1
1,999,1027,1
1,1000,1028,1
1,1001,1029,1
1,1002,1030,1
1,1003,1031,1
1,1004,1032,1
1,1005,1033,1
1,1006,1034,1
1,1007,1035,1
1,1008,1036,1
1,1009,1037,1
1,1010,1038,1
1,1011,1039,1
1,1012,1040,1
1,1013,1041,1
1,1014,1042,1
1,1015,1043,1
1,1016,1044,1
1,1017,1045,1
1,1018,1046,1
1,1019,1047,1
1,1020,1048,1
1,1021,1049,1
1,1022,1050,1
1,1023,1051,1
1,1024,1052,1
1,1025,1053,1
1,1026,1054,1
1,1027,1055,1
1,1028,1056,1
1,1029,1057,1
1,1030,1058,1
1,1031,1059,1
1,1032,1060,1
1,1033,1061,1
1,1034,1062,1
1,1035,1063,1
1,1036,1064,1
1,1037,1065,1
1,1038,1066,1
1,1039,1067,1
1,1040,1068,1
1,1041,1069,1
1,1042,1070,1
1,1043,1071,1
1,1044,1072,1
1,1045,1073,1
1,1046,1074,1
1,1047,1075,1
1,1048,1076,1
1,1049,1077,1
1,1050,1078,1
1,1051,1079,1
1,1052,1080,1
1,1053,1081,1
1,1054,1082,1
1,1055,1083,1
1,1056,1084,1
1,1057,1085,1
1,1058,1086,1
1,1059,1087,1
1,1060,1088,1
1,1061,1089,1
1,1062,1090,1
1,1063,1091,1
1,1064,1092,1
1,1065,1093,1
1,1066,1094,1
1,1067,1095,1
1,1068,1096,1
1,1069,1097,1
1,1070,1098,1
1,1071,1099,1
1,1072,1100,1
1,1073,1101,1
1,1074,1102,1
1,1075,1103,1
1,1076,1104,1
1,1077,1105,1
1,1078,1106,1
1,1079,1107,1
1,1080,1108,1
1,1081,1109,1
1,1082,1110,1
1,1083,1111,1
1,1084,1112,1
1,1085,1113,1
1,1086,1114,1
1,1087,1115,1
1,1088,1116,1
1,1089,1117,1
1,1090,1118,1
1,1091,1119,1
1,1092,1120,1
1,1093,1121,1
1,1094,1122,1
1,1095,1123,1
1,1096,1124,1
1,1097,1125,1
1,1098,1126,1
1,1099,1127,1
1,1100,1128,1
1,1101,1129,1
1,1102,1130,1
1,1103,1131,1
1,1104,1132,1
1,1105,1133,1
1,1106,1134,1
1,1107,1135,1
1,1108,1136,1
1,1109,1137,1
1,1110,1138,1
1,1111,1139,1
1,1112,1140,1
1,1113,1141,1
1,1114,1142,1
1,1115,1143,1
1,1116,1144,1
1,1117,1145,1
1,1118,1146,1
1,1119,1147,1
1,1120,1148,1
1,1121,1149,1
1,1122,1150,1
1,1123,1151,1
1,1124,1152,1
1,1125,1153,1
1,1126,1154,1
1,1127,1155,1
1,1128,1156,1
1,1129,1157,1
1,1130,1158,1
1,1131,1159,1
1,1132,1160,1
1,1133,1161,1
1,1134,1162,1
1,1135,1163,1
1,1136,1164,1
1,1137,1165,1
1,1138,1166,1
1,1139,1167,1
1,1140,1168,1
1,1141,1169,1
1,1142,1170,1
1,1143,1171,1
1,1144,1172,1
1,1145,1173,1
1,1146,1174,1
1,1147,1175,1
1,1148,1176,1
1,1149,1177,1
1,1150,1178,1
1,1151,1179,1
1,1152,1180,1
1,1153,1181,1
1,1154,1182,1
1,1155,1183,1
1,1156,1184,1
1,1157,1185,1
1,1158,1186,1
1,1159,1187,1
1,1160,1188,1
1,1161,1189,1
1,1162,1190,1
1,1163,1191,1
1,1164,1192,1
1,1165,1193,1
1,1166,1194,1
1,1167,1195,1
1,1168,1196,1
1,1169,1197,1
1,1170,1198,1
1,1171,1199,1
1,1172,1200,1
1,1173,1201,1
1,1174,1202,1
1,1175,1203,1
1,1176,1204,1
1,1177,1205,1
1,1178,1206,1
1,1179,1207,1
1,1180,1208,1
1,1181,1209,1
1,1182,1210,1
1,1183,1211,1
1,1184,1212,1
1,1185,1213,1
1,1186,1214,1
1,1187,1215,1
1,1188,1216,1
1,1189,1217,1
1,1190,1218,1
1,1191,1219,1
1,1192,1220,1
1,1193,1221,1
1,1194,1222,1
1,1195,1223,1
1,1196,1224,1
1,1197,1225,1
1,1198,1226,1
1,1199,1227,1
1,1200,1228,1
1,1201,1229,1
1,1202,1230,1
1,1203,1231,1
1,1204,1232,1
1,1205,1233,1
1,1206,1234,1
1,1207,1235,1
1,1208,1236,1
1,1209,1237,1
1,1210,1238,1
1,1211,1239,1
1,1212,1240,1
1,1213,1241,1
1,1214,1242,1
1,1215,1243,1
1,1216,1244,1
1,1217,1245,1
1,1218,1246,1
1,1219,1247,1
1,1220,1248,1
1,1221,1249,1
1,1222,1250,1
1,1223,1251,1
1,1224,1252,1
1,1225,1253,1
1,1226,1254,1
1,1227,1255,1
1,1228,1256,1
1,1229,1257,1
1,1230,1258,1
1,1231,1259,1
1,1232,1260,1
1,1233,1261,1
1,1234,1262,1
1,1235,1263,1
1,1236,1264,1
1,1237,1265,1
1,1238,1266,1
1,1239,1267,1
1,1240,1268,1
1,1241,1269,1
1,1242,1270,1
1,1243,1271,1
1,1244,1272,1
1,1245,1273,1
1,1246,1274,1
1,1247,1275,1
1,1248,1276,1
1,1249,1277,1
1,1250,1278,1
1,1251,1279,1
1,1252,1280,1
1,1253,1281,1
1,1254,1282,1
1,1255,1283,1
1,1256,1284,1
1,1257,1285,1
1,1258,1286,1
1,1259,1287,1
1,1260,1288,1
1,1261,1289,1
1,1262,1290,1
1,1263,1291,1
1,1264,1292,1
1,1265,1293,1
1,1266,1294,1
1,1267,1295,1
1,1268,1296,1
1,1269,1297,1
1,1270,1298,1
1,1271,1299,1
1,1272,1300,1
1,1273,1301,1
1,1274,1302,1
1,1275,1303,1
1,1276,1304,1
1,1277,1305,1
1,1278,1306,1
1,1279,1307,1
1,1280,1308,1
1,1281,1309,1
1,1282,1310,1
1,1283,1311,1
1,1284,1312,1
1,1285,1313,1
1,1286,1314,1
1,1287,1315,1
1,1288,1316,1
1,1289,1317,1
1,1290,1318,1
1,1291,1319,1
1,1292,1320,1
1,1293,1321,1
1,1294,1322,1
1,1295,1323,1
1,1296,1324,1
1,1297,1325,1
1,1298,1326,1
1,1299,1327,1
1,1300,1328,1
1,1301,1329,1
1,1302,1330,1
1,1303,1331,1
1,1304,1332,1
1,1305,1333,1
1,1306,1334,1
1,1307,1335,1
1,1308,1336,1
1,1309,1337,1
1,1310,1338,1
1,1311,1339,1
1,1312,1340,1
1,1313,1341,1
1,1314,1342,1
1,1315,1343,1
1,1316,1344,1
1,1317,1345,1
1,1318,1346,1
1,1319,1347,1
1,1320,1348,1
1,1321,1349,1
1,1322,1350,1
1,1323,1351,1
1,1324,1352,1
1,1325,1353,1
1,1326,1354,1
1,1327,1355,1
1,1328,1356,1
1,1329,1357,1
1,1330,1358,1
1,1331,1359,1
1,1332,1360,1
1,1333,1361,1
1,1334,1362,1
1,1335,1363,1
1,1336,1364,1
1,1337,1365,1
1,1338,1366,1
1,1339,1367,1
1,1340,1368,1
1,1341,1369,1
1,1342,1370,1
1,1343,1371,1
1,1344,1372,1
1,1345,1373,1
1,1346,1374,1
1,1347,1375,1
1,1348,1376,1
1,1349,1377,1
1,1350,1378,1
1,1351,1379,1
1,1352,1380,1
1,1353,1381,1
1,1354,1382,1
1,1355,1383,1
1,1356,1384,1
1,1357,1385,1
1,1358,1386,1
1,1359,1387,1
1,1360,1388,1
1,1361,1389,1
1,1362,1390,1
1,1363,1391,1
1,1364,1392,1
1,1365,1393,1
1,1366,1394,1
1,1367,1395,1
1,1368,1396,1
1,1369,1397,1
1,1370,1398,1
1,1371,1399,1
1,1372,1400,1
1,1373,1401,1
1,1374,1402,1
1,1375,1403,1
1,1376,1404,1
1,1377,1405,1
1,1378,1406,1
1,1379,1407,1
1,1380,1408,1
1,1381,1409,1
1,1382,1410,1
1,1383,1411,1
1,1384,1412,1
1,1385,1413,1
1,1386,1414,1
1,1387,1415,1
1,1388,1416,1
1,1389,1417,1
1,1390,1418,1
1,1391,1419,1
1,1392,1420,1
1,1393,1421,1
1,1394,1422,1
1,1395,1423,1
1,1396,1424,1
1,1397,1425,1
1,1398,1426,1
1,1399,1427,1
1,1400,1428,1
1,1401,1429,1
1,1402,1430,1
1,1403,1431,1
1,1404,1432,1
1,1405,1433,1
1,1406,1434,1
1,1407,1435,1
1,1408,1436,1
1,1409,1437,1
1,1410,1438,1
1,1411,1439,1
1,1412,1440,1
1,1413,1441,1
1,1414,1442,1
1,1415,1443,1
1,1416,1444,1
1,1417,1445,1
1,1418,1446,1
1,1419,1447,1
1,1420,1448,1
1,1421,1449,1
1,1422,1450,1
1,1423,1451,1
1,1424,1452,1
1,1425,1453,1
1,1426,1454,1
1,1427,1455,1
1,1428,1456,1
1,1429,1457,1
1,1430,1458,1
1,1431,1459,1
1,1432,1460,1
1,1433,1461,1
1,1434,1462,1
1,1435,1463,1
1,1436,1464,1
1,1437,1465,1
1,1438,1466,1
1,1439,1467,1
1,1440,1468,1
1,1441,1469,1
1,1442,1470,1
1,1443,1471,1
1,1444,1472,1
1,1445,1473,1
1,1446,1474,1
1,1447,1475,1
1,1448,1476,1
1,1449,1477,1
1,1450,1478,1
1,1451,1479,1
1,1452,1480,1
1,1453,1481,1
1,1454,1482,1
1,1455,1483,1
1,1456,1484,1
1,1457,1485,1
1,1458,1486,1
1,1459,1487,1
1,1460,1488,1
1,1461,1489,1
1,1462,1490,1
1,1463,1491,1
1,1464,1492,1
1,1465,1493,1
1,1466,1494,1
1,1467,1495,1
1,1468,1496,1
1,1469,1497,1
1,1470,1498,1
1,1471,1499,1
1,1472,1500,1
1,1473,1501,1
1,1474,1502,1
1,1475,1503,1
1,1476,1504,1
1,1477,1505,1
1,1478,1506,1
1,1479,1507,1
1,1480,1508,1
1,1481,1509,1
1,1482,1510,1
1,1483,1511,1
1,1484,1512,1
1,1485,1513,1
1,1486,1514,1
1,1487,1515,1
1,1488,1516,1
1,1489,1517,1
1,1490,1518,1
1,1491,1519,1
1,1492,1520,1
1,1493,1521,1
1,1494,1522,1
1,1495,1523,1
1,1496,1524,1
1,1497,1525,1
1,1498,1526,1
1,1499,1527,1
1,1500,1528,1
2,0,28,1
2,1,29,1
2,2,30,1
2,3,31,1
2,4,32,1
2,5,33,1
2,6,34,1
2,7,35,1
2,8,36,1
2,9,37,1
2,10,38,1
2,11,39,1
2,12,40,1
2,13,41,1
2,14,42,1
2,15,43,1
2,16,44,1
2,17,45,1
2,18,46,1
2,19,47,1
2,20,48,1
2,21,49,1
2,22,50,1
2,23,51,1
2,24,52,1
2,25,53,1
2,26,54,1
2,27,55,1
2,28,56,1
2,29,57,1
2,30,58,1
2,31,59,1
2,32,60,1
2,33,61,1
2,34,62,1
2,35,63,1
2,36,64,1
2,37,65,1
2,38,66,1
2,39,67,1
2,40,68,1
2,41,69,1
2,42,70,1
2,43,71,1
2,44,72,1
2,45,73,1
2,46,74,1
2,47,75,1
2,48,76,1
2,49,77,1
2,50,78,1
2,51,79,1
2,52,80,1
2,53,81,1
2,54,82,1
2,55,83,1
2,56,84,1
2,57,85,1
2,58,86,1
2,59,87,1
2,60,88,1
2,61,89,1
2,62,90,1
2,63,91,1
2,64,92,1
2,65,93,1
2,66,94,1
2,67,95,1
2,68,96,1
2,69,97,1
2,70,98,1
2,71,99,1
2,72,100,1
2,73,101,1
2,74,102,1
2,75,103,1
2,76,104,1
2,77,105,1
2,78,106,1
2,79,107,1
2,80,108,1
2,81,109,1
2,82,110,1
2,83,111,1
2,84,112,1
2,85,113,1
2,86,114,1
2,87,115,1
2,88,116,1
2,89,117,1
2,90,118,1
2,91,119,1
2,92,120,1
2,93,121,1
2,94,122,1
2,95,123,1
2,96,124,1
2,97,125,1
2,98,126,1
2,99,127,1
2,100,128,1
2,101,129,1
2,102,130,1
2,103,131,1
2,104,132,1
2,105,133,1
2,106,134,1
2,107,135,1
2,108,136,1
2,109,137,1
2,110,138,1
2,111,139,1
2,112,140,1
2,113,141,1
2,114,142,1
2,115,143,1
2,116,144,1
2,117,145,1
2,118,146,1
2,119,147,1
2,120,148,1
2,121,149,1
2,122,150,1
2,123,151,1
2,124,152,1
2,125,153,1
2,126,154,1
2,127,155,1
2,128,156,1
2,129,157,1
2,130,158,1
2,131,159,1
2,132,160,1
2,133,161,1
2,134,162,1
2,135,163,1
2,136,164,1
2,137,165,1
2,138,166,1
2,139,167,1
2,140,168,1
2,141,169,1
2,142,170,1
2,143,171,1
2,144,172,1
2,145,173,1
2,146,174,1
2,147,175,1
2,148,176,1
2,149,177,1
2,150,178,1
2,151,179,1
2,152,180,1
2,153,181,1
2,154,182,1
2,155,183,1
2,156,184,1
2,157,185,1
2,158,186,1
2,159,187,1
2,160,188,1
2,161,189,1
2,162,190,1
2,163,191,1
2,164,192,1
2,165,193,1
2,166,194,1
2,167,195,1
2,168,196,1
2,169,197,1
2,170,198,1
2,171,199,1
2,172,200,1
2,173,201,1
2,174,202,1
2,175,203,1
2,176,204,1
2,177,205,1
2,178,206,1
2,179,207,1
2,180,208,1
2,181,209,1
2,182,210,1
2,183,211,1
2,184,212,1
2,185,213,1
2,186,214,1
2,187,215,1
2,188,216,1
2,189,217,1
2,190,218,1
2,191,219,1
2,192,220,1
2,193,221,1
2,194,222,1
2,195,223,1
2,196,224,1
2,197,225,1
2,198,226,1
2,199,227,1
2,200,228,1
2,201,229,1
2,202,230,1
2,203,231,1
2,204,232,1
2,205,233,1
2,206,234,1
2,207,235,1
2,208,236,1
2,209,237,1
2,210,238,1
2,211,239,1
2,212,240,1
2,213,241,1
2,214,242,1
2,215,243,1
2,216,244,1
2,217,245,1
2,218,246,1
2,219,247,1
2,220,248,1
2,221,249,1
2,222,250,1
2,223,251,1
2,224,252,1
2,225,253,1
2,226,254,1
2,227,255,1
2,228,256,1
2,229,257,1
2,230,258,1
2,231,259,1
2,232,260,1
2,233,261,1
2,234,262,1
2,235,263,1
2,236,264,1
2,237,265,1
2,238,266,1
2,239,267,1
2,240,268,1
2,241,269,1
2,242,270,1
2,243,271,1
2,244,272,1
2,245,273,1
2,246,274,1
2,247,275,1
2,248,276,1
2,249,277,1
2,250,278,1
2,251,279,1
2,252,280,1
2,253,281,1
2,254,282,1
2,255,283,1
2,256,284,1
2,257,285,1
2,258,286,1
2,259,287,1
2,260,288,1
2,261,289,1
2,262,290,1
2,263,291,1
2,264,292,1
2,265,293,1
2,266,294,1
2,267,295,1
2,268,296,1
2,269,297,1
2,270,298,1
2,271,299,1
2,272,300,1
2,273,301,1
2,274,302,1
2,275,303,1
2,276,304,1
2,277,305,1
2,278,306,1
2,279,307,1
2,280,308,1
2,281,309,1
2,282,310,1
2,283,311,1
2,284,312,1
2,285,313,1
2,286,314,1
2,287,315,1
2,288,316,1
2,289,317,1
2,290,318,1
2,291,319,1
2,292,320,1
2,293,321,1
2,294,322,1
2,295,323,1
2,296,324,1
2,297,325,1
2,298,326,1
2,299,327,1
2,300,328,1
2,301,329,1
2,302,330,1
2,303,331,1
2,304,332,1
2,305,333,1
2,306,334,1
2,307,335,1
2,308,336,1
2,309,337,1
2,310,338,1
2,311,339,1
2,312,340,1
2,313,341,1
2,314,342,1
2,315,343,1
2,316,344,1
2,317,345,1
2,318,346,1
2,319,347,1
2,320,348,1
2,321,349,1
2,322,350,1
2,323,351,1
2,324,352,1
2,325,353,1
2,326,354,1
2,327,355,1
2,328,356,1
2,329,357,1
2,330,358,1
2,331,359,1
2,332,360,1
2,333,361,1
2,334,362,1
2,335,363,1
2,336,364,1
2,337,365,1
2,338,366,1
2,339,367,1
2,340,368,1
2,341,369,1
2,342,370,1
2,343,371,1
2,344,372,1
2,345,373,1
2,346,374,1
2,347,375,1
2,348,376,1
2,349,377,1
2,350,378,1
2,351,379,1
2,352,380,1
2,353,381,1
2,354,382,1
2,355,383,1
2,356,384,1
2,357,385,1
2,358,386,1
2,359,387,1
2,360,388,1
2,361,389,1
2,362,390,1
2,363,391,1
2,364,392,1
2,365,393,1
2,366,394,1
2,367,395,1
2,368,396,1
2,369,397,1
2,370,398,1
2,371,399,1
2,372,400,1
2,373,401,1
2,374,402,1
2,375,403,1
2,376,404,1
2,377,405,1
2,378,406,1
2,379,407,1
2,380,408,1
2,381,409,1
2,382,410,1
2,383,411,1
2,384,412,1
2,385,413,1
2,386,414,1
2,387,415,1
2,388,416,1
2,389,417,1
2,390,418,1
2,391,419,1
2,392,420,1
2,393,421,1
2,394,422,1
2,395,423,1
2,396,424,1
2,397,425,1
2,398,426,1
2,399,427,1
2,400,428,1
2,401,429,1
2,402,430,1
2,403,431,1
2,404,432,1
2,405,433,1
2,406,434,1
2,407,435,1
2,408,436,1
2,409,437,1
2,410,438,1
2,411,439,1
2,412,440,1
2,413,441,1
2,414,442,1
2,415,443,1
2,416,444,1
2,417,445,1
2,418,446,1
2,419,447,1
2,420,448,1
2,421,449,1
2,422,450,1
2,423,451,1
2,424,452,1
2,425,453,1
2,426,454,1
2,427,455,1
2,428,456,1
2,429,457,1
2,430,458,1
2,431,459,1
2,432,460,1
2,433,461,1
2,434,462,1
2,435,463,1
2,436,464,1
2,437,465,1
2,438,466,1
2,439,467,1
2,440,468,1
2,441,469,1
2,442,470,1
2,443,471,1
2,444,472,1
2,445,473,1
2,446,474,1
2,447,475,1
2,448,476,1
2,449,477,1
2,450,478,1
2,451,479,1
2,452,480,1
2,453,481,1
2,454,482,1
2,455,483,1
2,456,484,1
2,457,485,1
2,458,486,1
2,459,487,1
2,460,488,1
2,461,489,1
2,462,490,1
2,463,491,1
2,464,492,1
2,465,493,1
2,466,494,1
2,467,495,1
2,468,496,1
2,469,497,1
2,470,498,1
2,471,499,1
2,472,500,1
2,473,501,1
2,474,502,1
2,475,503,1
2,476,504,1
2,477,505,1
2,478,506,1
2,479,507,1
2,480,508,1
2,481,509,1
2,482,510,1
2,483,511,1
2,484,512,1
2,485,513,1
2,486,514,1
2,487,515,1
2,488,516,1
2,489,517,1
2,490,518,1
2,491,519,1
2,492,520,1
2,493,521,1
2,494,522,1
2,495,523,1
2,496,524,1
2,497,525,1
2,498,526,1
2,499,527,1
2,500,528,1
2,501,529,1
2,502,530,1
2,503,531,1
2,504,532,1
2,505,533,1
2,506,534,1
2,507,535,1
2,508,536,1
2,509,537,1
2,510,538,1
2,511,539,1
2,512,540,1
2,513,541,1
2,514,542,1
2,515,543,1
2,516,544,1
2,517,545,1
2,518,546,1
2,519,547,1
2,520,548,1
2,521,549,1
2,522,550,1
2,523,551,1
2,524,552,1
2,525,553,1
2,526,554,1
2,527,555,1
2,528,556,1
2,529,557,1
2,530,558,1
2,531,559,1
2,532,560,1
2,533,561,1
2,534,562,1
2,535,563,1
2,536,564,1
2,537,565,1
2,538,566,1
2,539,567,1
2,540,568,1
2,541,569,1
2,542,570,1
2,543,571,1
2,544,572,1
2,545,573,1
2,546,574,1
2,547,575,1
2,548,576,1
2,549,577,1
2,550,578,1
2,551,579,1
2,552,580,1
2,553,581,1
2,554,582,1
2,555,583,1
2,556,584,1
2,557,585,1
2,558,586,1
2,559,587,1
2,560,588,1
2,561,589,1
2,562,590,1
2,563,591,1
2,564,592,1
2,565,593,1
2,566,594,1
2,567,595,1
2,568,596,1
2,569,597,1
2,570,598,1
2,571,599,1
2,572,600,1
2,573,601,1
2,574,602,1
2,575,603,1
2,576,604,1
2,577,605,1
2,578,606,1
2,579,607,1
2,580,608,1
2,581,609,1
2,582,610,1
2,583,611,1
2,584,612,1
2,585,613,1
2,586,614,1
2,587,615,1
2,588,616,1
2,589,617,1
2,590,618,1
2,591,619,1
2,592,620,1
2,593,621,1
2,594,622,1
2,595,623,1
2,596,624,1
2,597,625,1
2,598,626,1
2,599,627,1
2,600,628,1
2,601,629,1
2,602,630,1
2,603,631,1
2,604,632,1
2,605,633,1
2,606,634,1
2,607,635,1
2,608,636,1
2,609,637,1
2,610,638,1
2,611,639,1
2,612,640,1
2,613,641,1
2,614,642,1
2,615,643,1
2,616,644,1
2,617,645,1
2,618,646,1
2,619,647,1
2,620,648,1
2,621,649,1
2,622,650,1
2,623,651,1
2,624,652,1
2,625,653,1
2,626,654,1
2,627,655,1
2,628,656,1
2,629,657,1
2,630,658,1
2,631,659,1
2,632,660,1
2,633,661,1
2,634,662,1
2,635,663,1
2,636,664,1
2,637,665,1
2,638,666,1
2,639,667,1
2,640,668,1
2,641,669,1
2,642,670,1
2,643,671,1
2,644,672,1
2,645,673,1
2,646,674,1
2,647,675,1
2,648,676,1
2,649,677,1
2,650,678,1
2,651,679,1
2,652,680,1
2,653,681,1
2,654,682,1
2,655,683,1
2,656,684,1
2,657,685,1
2,658,686,1
2,659,687,1
2,660,688,1
2,661,689,1
2,662,690,1
2,663,691,1
2,664,692,1
2,665,693,1
2,666,694,1
2,667,695,1
2,668,696,1
2,669,697,1
2,670,698,1
2,671,699,1
2,672,700,1
2,673,701,1
2,674,702,1
2,675,703,1
2,676,704,1
2,677,705,1
2,678,706,1
2,679,707,1
2,680,708,1
2,681,709,1
2,682,710,1
2,683,711,1
2,684,712,1
2,685,713,1
2,686,714,1
2,687,715,1
2,688,716,1
2,689,717,1
2,690,718,1
2,691,719,1
2,692,720,1
2,693,721,1
2,694,722,1
2,695,723,1
2,696,724,1
2,697,725,1
2,698,726,1
2,699,727,1
2,700,728,1
2,701,729,1
2,702,730,1
2,703,731,1
2,704,732,1
2,705,733,1
2,706,734,1
2,707,735,1
2,708,736,1
2,709,737,1
2,710,738,1
2,711,739,1
2,712,740,1
2,713,741,1
2,714,742,1
2,715,743,1
2,716,744,1
2,717,745,1
2,718,746,1
2,719,747,1
2,720,748,1
2,721,749,1
2,722,750,1
2,723,751,1
2,724,752,1
2,725,753,1
2,726,754,1
2,727,755,1
2,728,756,1
2,729,757,1
2,730,758,1
2,731,759,1
2,732,760,1
2,733,761,1
2,734,762,1
2,735,763,1
2,736,764,1
2,737,765,1
2,738,766,1
2,739,767,1
2,740,768,1
2,741,769,1
2,742,770,1
2,743,771,1
2,744,772,1
2,745,773,1
2,746,774,1
2,747,775,1
2,748,776,1
2,749,777,1
2,750,778,1
2,751,779,1
2,752,780,1
2,753,781,1
2,754,782,1
2,755,783,1
2,756,784,1
2,757,785,1
2,758,786,1
2,759,787,1
2,760,788,1
2,761,789,1
2,762,790,1
2,763,791,1
2,764,792,1
2,765,793,1
2,766,794,1
2,767,795,1
2,768,796,1
2,769,797,1
2,770,798,1
2,771,799,1
2,772,800,1
2,773,801,1
2,774,802,1
2,775,803,1
2,776,804,1
2,777,805,1
2,778,806,1
2,779,807,1
2,780,808,1
2,781,809,1
2,782,810,1
2,783,811,1
2,784,812,1
2,785,813,1
2,786,814,1
2,787,815,1
2,788,816,1
2,789,817,1
2,790,818,1
2,791,819,1
2,792,820,1
2,793,821,1
2,794,822,1
2,795,823,1
2,796,824,1
2,797,825,1
2,798,826,1
2,799,827,1
2,800,828,1
2,801,829,1
2,802,830,1
2,803,831,1
2,804,832,1
2,805,833,1
2,806,834,1
2,807,835,1
2,808,836,1
2,809,837,1
2,810,838,1
2,811,839,1
2,812,840,1
2,813,841,1
2,814,842,1
2,815,843,1
2,816,844,1
2,817,845,1
2,818,846,1
2,819,847,1
2,820,848,1
2,821,849,1
2,822,850,1
2,823,851,1
2,824,852,1
2,825,853,1
2,826,854,1
2,827,855,1
2,828,856,1
2,829,857,1
2,830,858,1
2,831,859,1
2,832,860,1
2,833,861,1
2,834,862,1
2,835,863,1
2,836,864,1
2,837,865,1
2,838,866,1
2,839,867,1
2,840,868,1
2,841,869,1
2,842,870,1
2,843,871,1
2,844,872,1
2,845,873,1
2,846,874,1
2,847,875,1
2,848,876,1
2,849,877,1
2,850,878,1
2,851,879,1
2,852,880,1
2,853,881,1
2,854,882,1
2,855,883,1
2,856,884,1
2,857,885,1
2,858,886,1
2,859,887,1
2,860,888,1
2,861,889,1
2,862,890,1
2,863,891,1
2,864,892,1
2,865,893,1
2,866,894,1
2,867,895,1
2,868,896,1
2,869,897,1
2,870,898,1
2,871,899,1
2,872,900,1
2,873,901,1
2,874,902,1
2,875,903,1
2,876,904,1
2,877,905,1
2,878,906,1
2,879,907,1
2,880,908,1
2,881,909,1
2,882,910,1
2,883,911,1
2,884,912,1
2,885,913,1
2,886,914,1
2,887,915,1
2,888,916,1
2,889,917,1
2,890,918,1
2,891,919,1
2,892,920,1
2,893,921,1
2,894,922,1
2,895,923,1
2,896,924,1
2,897,925,1
2,898,926,1
2,899,927,1
2,900,928,1
2,901,929,1
2,902,930,1
2,903,931,1
2,904,932,1
2,905,933,1
2,906,934,1
2,907,935,1
2,908,936,1
2,909,937,1
2,910,938,1
2,911,939,1
2,912,940,1
2,913,941,1
2,914,942,1
2,915,943,1
2,916,944,1
2,917,945,1
2,918,946,1
2,919,947,1
2,920,948,1
2,921,949,1
2,922,950,1
2,923,951,1
2,924,952,1
2,925,953,1
2,926,954,1
2,927,955,1
2,928,956,1
2,929,957,1
2,930,958,1
2,931,959,1
2,932,960,1
2,933,961,1
2,934,962,1
2,935,963,1
2,936,964,1
2,937,965,1
2,938,966,1
2,939,967,1
2,940,968,1
2,941,969,1
2,942,970,1
2,943,971,1
2,944,972,1
2,945,973,1
2,946,974,1
2,947,975,1
2,948,976,1
2,949,977,1
2,950,978,1
2,951,979,1
2,952,980,1
2,953,981,1
2,954,982,1
2,955,983,1
2,956,984,1
2,957,985,1
2,958,986,1
2,959,987,1
2,960,988,1
2,961,989,1
2,962,990,1
2,963,991,1
2,964,992,1
2,965,993,1
2,966,994,1
2,967,995,1
2,968,996,1
2,969,997,1
2,970,998,1
2,971,999,1
2,972,1000,1
2,973,1001,1
2,974,1002,1
2,975,1003,1
2,976,1004,1
2,977,1005,1
2,978,1006,1
2,979,1007,1
2,980,1008,1
2,981,1009,1
2,982,1010,1
2,983,1011,1
2,984,1012,1
2,985,1013,1
2,986,1014,1
2,987,1015,1
2,988,1016,1
2,989,1017,1
2,990,1018,1
2,991,1019,1
2,992,1020,1
2,993,1021,1
2,994,1022,1
2,995,1023,1
2,996,1024,1
2,997,1025,1
2,998,1026,1
2,999,1027,1
2,1000,1028,1
2,1001,1029,1
2,1002,1030,1
2,1003,1031,1
2,1004,1032,1
2,1005,1033,1
2,1006,1034,1
2,1007,1035,1
2,1008,1036,1
2,1009,1037,1
2,1010,1038,1
2,1011,1039,1
2,1012,1040,1
2,1013,1041,1
2,1014,1042,1
2,1015,1043,1
2,1016,1044,1
2,1017,1045,1
2,1018,1046,1
2,1019,1047,1
2,1020,1048,1
2,1021,1049,1
2,1022,1050,1
2,1023,1051,1
2,1024,1052,1
2,1025,1053,1
2,1026,1054,1
2,1027,1055,1
2,1028,1056,1
2,1029,1057,1
2,1030,1058,1
2,1031,1059,1
2,1032,1060,1
2,1033,1061,1
2,1034,1062,1
2,1035,1063,1
2,1036,1064,1
2,1037,1065,1
2,1038,1066,1
2,1039,1067,1
2,1040,1068,1
2,1041,1069,1
2,1042,1070,1
2,1043,1071,1
2,1044,1072,1
2,1045,1073,1
2,1046,1074,1
2,1047,1075,1
2,1048,1076,1
2,1049,1077,1
2,1050,1078,1
2,1051,1079,1
2,1052,1080,1
2,1053,1081,1
2,1054,1082,1
2,1055,1083,1
2,1056,1084,1
2,1057,1085,1
2,1058,1086,1
2,1059,1087,1
2,1060,1088,1
2,1061,1089,1
2,1062,1090,1
2,1063,1091,1
2,1064,1092,1
2,1065,1093,1
2,1066,1094,1
2,1067,1095,1
2,1068,1096,1
2,1069,1097,1
2,1070,1098,1
2,1071,1099,1
2,1072,1100,1
2,1073,1101,1
2,1074,1102,1
2,1075,1103,1
2,1076,1104,1
2,1077,1105,1
2,1078,1106,1
2,1079,1107,1
2,1080,1108,1
2,1081,1109,1
2,1082,1110,1
2,1083,1111,1
2,1084,1112,1
2,1085,1113,1
2,1086,1114,1
2,1087,1115,1
2,1088,1116,1
2,1089,1117,1
2,1090,1118,1
2,1091,1119,1
2,1092,1120,1
2,1093,1121,1
2,1094,1122,1
2,1095,1123,1
2,1096,1124,1
2,1097,1125,1
2,1098,1126,1
2,1099,1127,1
2,1100,1128,1
2,1101,1129,1
2,1102,1130,1
2,1103,1131,1
2,1104,1132,1
2,1105,1133,1
2,1106,1134,1
2,1107,1135,1
2,1108,1136,1
2,1109,1137,1
2,1110,1138,1
2,1111,1139,1
2,1112,1140,1
2,1113,1141,1
2,1114,1142,1
2,1115,1143,1
2,1116,1144,1
2,1117,1145,1
2,1118,1146,1
2,1119,1147,1
2,1120,1148,1
2,1121,1149,1
2,1122,1150,1
2,1123,1151,1
2,1124,1152,1
2,1125,1153,1
2,1126,1154,1
2,1127,1155,1
2,1128,1156,1
2,1129,1157,1
2,1130,1158,1
2,1131,1159,1
2,1132,1160,1
2,1133,1161,1
2,1134,1162,1
2,1135,1163,1
2,1136,1164,1
2,1137,1165,1
2,1138,1166,1
2,1139,1167,1
2,1140,1168,1
2,1141,1169,1
2,1142,1170,1
2,1143,1171,1
2,1144,1172,1
2,1145,1173,1
2,1146,1174,1
2,1147,1175,1
2,1148,1176,1
2,1149,1177,1
2,1150,1178,1
2,1151,1179,1
2,1152,1180,1
2,1153,1181,1
2,1154,1182,1
2,1155,1183,1
2,1156,1184,1
2,1157,1185,1
2,1158,1186,1
2,1159,1187,1
2,1160,1188,1
2,1161,1189,1
2,1162,1190,1
2,1163,1191,1
2,1164,1192,1
2,1165,1193,1
2,1166,1194,1
2,1167,1195,1
2,1168,1196,1
2,1169,1197,1
2,1170,1198,1
2,1171,1199,1
2,1172,1200,1
2,1173,1201,1
2,1174,1202,1
2,1175,1203,1
2,1176,1204,1
2,1177,1205,1
2,1178,1206,1
2,1179,1207,1
2,1180,1208,1
2,1181,1209,1
2,1182,1210,1
2,1183,1211,1
2,1184,1212,1
2,1185,1213,1
2,1186,1214,1
2,1187,1215,1
2,1188,1216,1
2,1189,1217,1
2,1190,1218,1
2,1191,1219,1
2,1192,1220,1
2,1193,1221,1
2,1194,1222,1
2,1195,1223,1
2,1196,1224,1
2,1197,1225,1
2,1198,1226,1
2,1199,1227,1
2,1200,1228,1
2,1201,1229,1
2,1202,1230,1
2,1203,1231,1
2,1204,1232,1
2,1205,1233,1
2,1206,1234,1
2,1207,1235,1
2,1208,1236,1
2,1209,1237,1
2,1210,1238,1
2,1211,1239,1
2,1212,1240,1
2,1213,1241,1
2,1214,1242,1
2,1215,1243,1
2,1216,1244,1
2,1217,1245,1
2,1218,1246,1
2,1219,1247,1
2,1220,1248,1
2,1221,1249,1
2,1222,1250,1
2,1223,1251,1
2,1224,1252,1
2,1225,1253,1
2,1226,1254,1
2,1227,1255,1
2,1228,1256,1
2,1229,1257,1
2,1230,1258,1
2,1231,1259,1
2,1232,1260,1
2,1233,1261,1
2,1234,1262,1
2,1235,1263,1
2,1236,1264,1
2,1237,1265,1
2,1238,1266,1
2,1239,1267,1
2,1240,1268,1
2,1241,1269,1
2,1242,1270,1
2,1243,1271,1
2,1244,1272,1
2,1245,1273,1
2,1246,1274,1
2,1247,1275,1
2,1248,1276,1
2,1249,1277,1
2,1250,1278,1
2,1251,1279,1
2,1252,1280,1
2,1253,1281,1
2,1254,1282,1
2,1255,1283,1
2,1256,1284,1
2,1257,1285,1
2,1258,1286,1
2,1259,1287,1
2,1260,1288,1
2,1261,1289,1
2,1262,1290,1
2,1263,1291,1
2,1264,1292,1
2,1265,1293,1
2,1266,1294,1
2,1267,1295,1
2,1268,1296,1
2,1269,1297,1
2,1270,1298,1
2,1271,1299,1
2,1272,1300,1
2,1273,1301,1
2,1274,1302,1
2,1275,1303,1
2,1276,1304,1
2,1277,1305,1
2,1278,1306,1
2,1279,1307,1
2,1280,1308,1
2,1281,1309,1
2,1282,1310,1
2,1283,1311,1
2,1284,1312,1
2,1285,1313,1
2,1286,1314,1
2,1287,1315,1
2,1288,1316,1
2,1289,1317,1
2,1290,1318,1
2,1291,1319,1
2,1292,1320,1
2,1293,1321,1
2,1294,1322,1
2,1295,1323,1
2,1296,1324,1
2,1297,1325,1
2,1298,1326,1
2,1299,1327,1
2,1300,1328,1
2,1301,1329,1
2,1302,1330,1
2,1303,1331,1
2,1304,1332,1
2,1305,1333,1
2,1306,1334,1
2,1307,1335,1
2,1308,1336,1
2,1309,1337,1
2,1310,1338,1
2,1311,1339,1
2,1312,1340,1
2,1313,1341,1
2,1314,1342,1
2,1315,1343,1
2,1316,1344,1
2,1317,1345,1
2,1318,1346,1
2,1319,1347,1
2,1320,1348,1
2,1321,1349,1
2,1322,1350,1
2,1323,1351,1
2,1324,1352,1
2,1325,1353,1
2,1326,1354,1
2,1327,1355,1
2,1328,1356,1
2,1329,1357,1
2,1330,1358,1
2,1331,1359,1
2,1332,1360,1
2,1333,1361,1
2,1334,1362,1
2,1335,1363,1
2,1336,1364,1
2,1337,1365,1
2,1338,1366,1
2,1339,1367,1
2,1340,1368,1
2,1341,1369,1
2,1342,1370,1
2,1343,1371,1
2,1344,1372,1
2,1345,1373,1
2,1346,1374,1
2,1347,1375,1
2,1348,1376,1
2,1349,1377,1
2,1350,1378,1
2,1351,1379,1
2,1352,1380,1
2,1353,1381,1
2,1354,1382,1
2,1355,1383,1
2,1356,1384,1
2,1357,1385,1
2,1358,1386,1
2,1359,1387,1
2,1360,1388,1
2,1361,1389,1
2,1362,1390,1
2,1363,1391,1
2,1364,1392,1
2,1365,1393,1
2,1366,1394,1
2,1367,1395,1
2,1368,1396,1
2,1369,1397,1
2,1370,1398,1
2,1371,1399,1
2,1372,1400,1
2,1373,1401,1
2,1374,1402,1
2,1375,1403,1
2,1376,1404,1
2,1377,1405,1
2,1378,1406,1
2,1379,1407,1
2,1380,1408,1
2,1381,1409,1
2,1382,1410,1
2,1383,1411,1
2,1384,1412,1
2,1385,1413,1
2,1386,1414,1
2,1387,1415,1
2,1388,1416,1
2,1389,1417,1
2,1390,1418,1
2,1391,1419,1
2,1392,1420,1
2,1393,1421,1
2,1394,1422,1
2,1395,1423,1
2,1396,1424,1
2,1397,1425,1
2,1398,1426,1
2,1399,1427,1
2,1400,1428,1
2,1401,1429,1
2,1402,1430,1
2,1403,1431,1
2,1404,1432,1
2,1405,1433,1
2,1406,1434,1
2,1407,1435,1
2,1408,1436,1
2,1409,1437,1
2,1410,1438,1
2,1411,1439,1
2,1412,1440,1
2,1413,1441,1
2,1414,1442,1
2,1415,1443,1
2,1416,1444,1
2,1417,1445,1
2,1418,1446,1
2,1419,1447,1
2,1420,1448,1
2,1421,1449,1
2,1422,1450,1
2,1423,1451,1
2,1424,1452,1
2,1425,1453,1
2,1426,1454,1
2,1427,1455,1
2,1428,1456,1
2,1429,1457,1
2,1430,1458,1
2,1431,1459,1
2,1432,1460,1
2,1433,1461,1
2,1434,1462,1
2,1435,1463,1
2,1436,1464,1
2,1437,1465,1
2,1438,1466,1
2,1439,1467,1
2,1440,1468,1
2,1441,1469,1
2,1442,1470,1
2,1443,1471,1
2,1444,1472,1
2,1445,1473,1
2,1446,1474,1
2,1447,1475,1
2,1448,1476,1
2,1449,1477,1
2,1450,1478,1
2,1451,1479,1
2,1452,1480,1
2,1453,1481,1
2,1454,1482,1
2,1455,1483,1
2,1456,1484,1
2,1457,1485,1
2,1458,1486,1
2,1459,1487,1
2,1460,1488,1
2,1461,1489,1
2,1462,1490,1
2,1463,1491,1
2,1464,1492,1
2,1465,1493,1
2,1466,1494,1
2,1467,1495,1
2,1468,1496,1
2,1469,1497,1
2,1470,1498,1
2,1471,1499,1
2,1472,1500,1
2,1473,1501,1
2,1474,1502,1
2,1475,1503,1
2,1476,1504,1
2,1477,1505,1
2,1478,1506,1
2,1479,1507,1
2,1480,1508,1
2,1481,1509,1
2,1482,1510,1
2,1483,1511,1
2,1484,1512,1
2,1485,1513,1
2,1486,1514,1
2,1487,1515,1
2,1488,1516,1
2,1489,1517,1
2,1490,1518,1
2,1491,1519,1
2,1492,1520,1
2,1493,1521,1
2,1494,1522,1
2,1495,1523,1
2,1496,1524,1
2,1497,1525,1
2,1498,1526,1
2,1499,1527,1
2,1500,1528,1
3,0,28,1
3,1,29,1
3,2,30,1
3,3,31,1
3,4,32,1
3,5,33,1
3,6,34,1
3,7,35,1
3,8,36,1
3,9,37,1
3,10,38,1
3,11,39,1
3,12,40,1
3,13,41,1
3,14,42,1
3,15,43,1
3,16,44,1
3,17,45,1
3,18,46,1
3,19,47,1
3,20,48,1
3,21,49,1
3,22,50,1
3,23,51,1
3,24,52,1
3,25,53,1
3,26,54,1
3,27,55,1
3,28,56,1
3,29,57,1
3,30,58,1
3,31,59,1
3,32,60,1
3,33,61,1
3,34,62,1
3,35,63,1
3,36,64,1
3,37,65,1
3,38,66,1
3,39,67,1
3,40,68,1
3,41,69,1
3,42,70,1
3,43,71,1
3,44,72,1
3,45,73,1
3,46,74,1
3,47,75,1
3,48,76,1
3,49,77,1
3,50,78,1
3,51,79,1
3,52,80,1
3,53,81,1
3,54,82,1
3,55,83,1
3,56,84,1
3,57,85,1
3,58,86,1
3,59,87,1
3,60,88,1
3,61,89,1
3,62,90,1
3,63,91,1
3,64,92,1
3,65,93,1
3,66,94,1
3,67,95,1
3,68,96,1
3,69,97,1
3,70,98,1
3,71,99,1
3,72,100,1
3,73,101,1
3,74,102,1
3,75,103,1
3,76,104,1
3,77,105,1
3,78,106,1
3,79,107,1
3,80,108,1
3,81,109,1
3,82,110,1
3,83,111,1
3,84,112,1
3,85,113,1
3,86,114,1
3,87,115,1
3,88,116,1
3,89,117,1
3,90,118,1
3,91,119,1
3,92,120,1
3,93,121,1
3,94,122,1
3,95,123,1
3,96,124,1
3,97,125,1
3,98,126,1
3,99,127,1
3,100,128,1
3,101,129,1
3,102,130,1
3,103,131,1
3,104,132,1
3,105,133,1
3,106,134,1
3,107,135,1
3,108,136,1
3,109,137,1
3,110,138,1
3,111,139,1
3,112,140,1
3,113,141,1
3,114,142,1
3,115,143,1
3,116,144,1
3,117,145,1
3,118,146,1
3,119,147,1
3,120,148,1
3,121,149,1
3,122,150,1
3,123,151,1
3,124,152,1
3,125,153,1
3,126,154,1
3,127,155,1
3,128,156,1
3,129,157,1
3,130,158,1
3,131,159,1
3,132,160,1
3,133,161,1
3,134,162,1
3,135,163,1
3,136,164,1
3,137,165,1
3,138,166,1
3,139,167,1
3,140,168,1
3,141,169,1
3,142,170,1
3,143,171,1
3,144,172,1
3,145,173,1
3,146,174,1
3,147,175,1
3,148,176,1
3,149,177,1
3,150,178,1
3,151,179,1
3,152,180,1
3,153,181,1
3,154,182,1
3,155,183,1
3,156,184,1
3,157,185,1
3,158,186,1
3,159,187,1
3,160,188,1
3,161,189,1
3,162,190,1
3,163,191,1
3,164,192,1
3,165,193,1
3,166,194,1
3,167,195,1
3,168,196,1
3,169,197,1
3,170,198,1
3,171,199,1
3,172,200,1
3,173,201,1
3,174,202,1
3,175,203,1
3,176,204,1
3,177,205,1
3,178,206,1
3,179,207,1
3,180,208,1
3,181,209,1
3,182,210,1
3,183,211,1
3,184,212,1
3,185,213,1
3,186,214,1
3,187,215,1
3,188,216,1
3,189,217,1
3,190,218,1
3,191,219,1
3,192,220,1
3,193,221,1
3,194,222,1
3,195,223,1
3,196,224,1
3,197,225,1
3,198,226,1
3,199,227,1
3,200,228,1
3,201,229,1
3,202,230,1
3,203,231,1
3,204,232,1
3,205,233,1
3,206,234,1
3,207,235,1
3,208,236,1
3,209,237,1
3,210,238,1
3,211,239,1
3,212,240,1
3,213,241,1
3,214,242,1
3,215,243,1
3,216,244,1
3,217,245,1
3,218,246,1
3,219,247,1
3,220,248,1
3,221,249,1
3,222,250,1
3,223,251,1
3,224,252,1
3,225,253,1
3,226,254,1
3,227,255,1
3,228,256,1
3,229,257,1
3,230,258,1
3,231,259,1
3,232,260,1
3,233,261,1
3,234,262,1
3,235,263,1
3,236,264,1
3,237,265,1
3,238,266,1
3,239,267,1
3,240,268,1
3,241,269,1
3,242,270,1
3,243,271,1
3,244,272,1
3,245,273,1
3,246,274,1
3,247,275,1
3,248,276,1
3,249,277,1
3,250,278,1
3,251,279,1
3,252,280,1
3,253,281,1
3,254,282,1
3,255,283,1
3,256,284,1
3,257,285,1
3,258,286,1
3,259,287,1
3,260,288,1
3,261,289,1
3,262,290,1
3,263,291,1
3,264,292,1
3,265,293,1
3,266,294,1
3,267,295,1
3,268,296,1
3,269,297,1
3,270,298,1
3,271,299,1
3,272,300,1
3,273,301,1
3,274,302,1
3,275,303,1
3,276,304,1
3,277,305,1
3,278,306,1
3,279,307,1
3,280,308,1
3,281,309,1
3,282,310,1
3,283,311,1
3,284,312,1
3,285,313,1
3,286,314,1
3,287,315,1
3,288,316,1
3,289,317,1
3,290,318,1
3,291,319,1
3,292,320,1
3,293,321,1
3,294,322,1
3,295,323,1
3,296,324,1
3,297,325,1
3,298,326,1
3,299,327,1
3,300,328,1
3,301,329,1
3,302,330,1
3,303,331,1
3,304,332,1
3,305,333,1
3,306,334,1
3,307,335,1
3,308,336,1
3,309,337,1
3,310,338,1
3,311,339,1
3,312,340,1
3,313,341,1
3,314,342,1
3,315,343,1
3,316,344,1
3,317,345,1
3,318,346,1
3,319,347,1
3,320,348,1
3,321,349,1
3,322,350,1
3,323,351,1
3,324,352,1
3,325,353,1
3,326,354,1
3,327,355,1
3,328,356,1
3,329,357,1
3,330,358,1
3,331,359,1
3,332,360,1
3,333,361,1
3,334,362,1
3,335,363,1
3,336,364,1
3,337,365,1
3,338,366,1
3,339,367,1
3,340,368,1
3,341,369,1
3,342,370,1
3,343,371,1
3,344,372,1
3,345,373,1
3,346,374,1
3,347,375,1
3,348,376,1
3,349,377,1
3,350,378,1
3,351,379,1
3,352,380,1
3,353,381,1
3,354,382,1
3,355,383,1
3,356,384,1
3,357,385,1
3,358,386,1
3,359,387,1
3,360,388,1
3,361,389,1
3,362,390,1
3,363,391,1
3,364,392,1
3,365,393,1
3,366,394,1
3,367,395,1
3,368,396,1
3,369,397,1
3,370,398,1
3,371,399,1
3,372,400,1
3,373,401,1
3,374,402,1
3,375,403,1
3,376,404,1
3,377,405,1
3,378,406,1
3,379,407,1
3,380,408,1
3,381,409,1
3,382,410,1
3,383,411,1
3,384,412,1
3,385,413,1
3,386,414,1
3,387,415,1
3,388,416,1
3,389,417,1
3,390,418,1
3,391,419,1
3,392,420,1
3,393,421,1
3,394,422,1
3,395,423,1
3,396,424,1
3,397,425,1
3,398,426,1
3,399,427,1
3,400,428,1
3,401,429,1
3,402,430,1
3,403,431,1
3,404,432,1
3,405,433,1
3,406,434,1
3,407,435,1
3,408,436,1
3,409,437,1
3,410,438,1
3,411,439,1
3,412,440,1
3,413,441,1
3,414,442,1
3,415,443,1
3,416,444,1
3,417,445,1
3,418,446,1
3,419,447,1
3,420,448,1
3,421,449,1
3,422,450,1
3,423,451,1
3,424,452,1
3,425,453,1
3,426,454,1
3,427,455,1
3,428,456,1
3,429,457,1
3,430,458,1
3,431,459,1
3,432,460,1
3,433,461,1
3,434,462,1
3,435,463,1
3,436,464,1
3,437,465,1
3,438,466,1
3,439,467,1
3,440,468,1
3,441,469,1
3,442,470,1
3,443,471,1
3,444,472,1
3,445,473,1
3,446,474,1
3,447,475,1
3,448,476,1
3,449,477,1
3,450,478,1
3,451,479,1
3,452,480,1
3,453,481,1
3,454,482,1
3,455,483,1
3,456,484,1
3,457,485,1
3,458,486,1
3,459,487,1
3,460,488,1
3,461,489,1
3,462,490,1
3,463,491,1
3,464,492,1
3,465,493,1
3,466,494,1
3,467,495,1
3,468,496,1
3,469,497,1
3,470,498,1
3,471,499,1
3,472,500,1
3,473,501,1
3,474,502,1
3,475,503,1
3,476,504,1
3,477,505,1
3,478,506,1
3,479,507,1
3,480,508,1
3,481,509,1
3,482,510,1
3,483,511,1
3,484,512,1
3,485,513,1
3,486,514,1
3,487,515,1
3,488,516,1
3,489,517,1
3,490,518,1
3,491,519,1
3,492,520,1
3,493,521,1
3,494,522,1
3,495,523,1
3,496,524,1
3,497,525,1
3,498,526,1
3,499,527,1
3,500,528,1
3,501,529,1
3,502,530,1
3,503,531,1
3,504,532,1
3,505,533,1
3,506,534,1
3,507,535,1
3,508,536,1
3,509,537,1
3,510,538,1
3,511,539,1
3,512,540,1
3,513,541,1
3,514,542,1
3,515,543,1
3,516,544,1
3,517,545,1
3,518,546,1
3,519,547,1
3,520,548,1
3,521,549,1
3,522,550,1
3,523,551,1
3,524,552,1
3,525,553,1
3,526,554,1
3,527,555,1
3,528,556,1
3,529,557,1
3,530,558,1
3,531,559,1
3,532,560,1
3,533,561,1
3,534,562,1
3,535,563,1
3,536,564,1
3,537,565,1
3,538,566,1
3,539,567,1
3,540,568,1
3,541,569,1
3,542,570,1
3,543,571,1
3,544,572,1
3,545,573,1
3,546,574,1
3,547,575,1
3,548,576,1
3,549,577,1
3,550,578,1
3,551,579,1
3,552,580,1
3,553,581,1
3,554,582,1
3,555,583,1
3,556,584,1
3,557,585,1
3,558,586,1
3,559,587,1
3,560,588,1
3,561,589,1
3,562,590,1
3,563,591,1
3,564,592,1
3,565,593,1
3,566,594,1
3,567,595,1
3,568,596,1
3,569,597,1
3,570,598,1
3,571,599,1
3,572,600,1
3,573,601,1
3,574,602,1
3,575,603,1
3,576,604,1
3,577,605,1
3,578,606,1
3,579,607,1
3,580,608,1
3,581,609,1
3,582,610,1
3,583,611,1
3,584,612,1
3,585,613,1
3,586,614,1
3,587,615,1
3,588,616,1
3,589,617,1
3,590,618,1
3,591,619,1
3,592,620,1
3,593,621,1
3,594,622,1
3,595,623,1
3,596,624,1
3,597,625,1
3,598,626,1
3,599,627,1
3,600,628,1
3,601,629,1
3,602,630,1
3,603,631,1
3,604,632,1
3,605,633,1
3,606,634,1
3,607,635,1
3,608,636,1
3,609,637,1
3,610,638,1
3,611,639,1
3,612,640,1
3,613,641,1
3,614,642,1
3,615,643,1
3,616,644,1
3,617,645,1
3,618,646,1
3,619,647,1
3,620,648,1
3,621,649,1
3,622,650,1
3,623,651,1
3,624,652,1
3,625,653,1
3,626,654,1
3,627,655,1
3,628,656,1
3,629,657,1
3,630,658,1
3,631,659,1
3,632,660,1
3,633,661,1
3,634,662,1
3,635,663,1
3,636,664,1
3,637,665,1
3,638,666,1
3,639,667,1
3,640,668,1
3,641,669,1
3,642,670,1
3,643,671,1
3,644,672,1
3,645,673,1
3,646,674,1
3,647,675,1
3,648,676,1
3,649,677,1
3,650,678,1
3,651,679,1
3,652,680,1
3,653,681,1
3,654,682,1
3,655,683,1
3,656,684,1
3,657,685,1
3,658,686,1
3,659,687,1
3,660,688,1
3,661,689,1
3,662,690,1
3,663,691,1
3,664,692,1
3,665,693,1
3,666,694,1
3,667,695,1
3,668,696,1
3,669,697,1
3,670,698,1
3,671,699,1
3,672,700,1
3,673,701,1
3,674,702,1
3,675,703,1
3,676,704,1
3,677,705,1
3,678,706,1
3,679,707,1
3,680,708,1
3,681,709,1
3,682,710,1
3,683,711,1
3,684,712,1
3,685,713,1
3,686,714,1
3,687,715,1
3,688,716,1
3,689,717,1
3,690,718,1
3,691,719,1
3,692,720,1
3,693,721,1
3,694,722,1
3,695,723,1
3,696,724,1
3,697,725,1
3,698,726,1
3,699,727,1
3,700,728,1
3,701,729,1
3,702,730,1
3,703,731,1
3,704,732,1
3,705,733,1
3,706,734,1
3,707,735,1
3,708,736,1
3,709,737,1
3,710,738,1
3,711,739,1
3,712,740,1
3,713,741,1
3,714,742,1
3,715,743,1
3,716,744,1
3,717,745,1
3,718,746,1
3,719,747,1
3,720,748,1
3,721,749,1
3,722,750,1
3,723,751,1
3,724,752,1
3,725,753,1
3,726,754,1
3,727,755,1
3,728,756,1
3,729,757,1
3,730,758,1
3,731,759,1
3,732,760,1
3,733,761,1
3,734,762,1
3,735,763,1
3,736,764,1
3,737,765,1
3,738,766,1
3,739,767,1
3,740,768,1
3,741,769,1
3,742,770,1
3,743,771,1
3,744,772,1
3,745,773,1
3,746,774,1
3,747,775,1
3,748,776,1
3,749,777,1
3,750,778,1
3,751,779,1
3,752,780,1
3,753,781,1
3,754,782,1
3,755,783,1
3,756,784,1
3,757,785,1
3,758,786,1
3,759,787,1
3,760,788,1
3,761,789,1
3,762,790,1
3,763,791,1
3,764,792,1
3,765,793,1
3,766,794,1
3,767,795,1
3,768,796,1
3,769,797,1
3,770,798,1
3,771,799,1
3,772,800,1
3,773,801,1
3,774,802,1
3,775,803,1
3,776,804,1
3,777,805,1
3,778,806,1
3,779,807,1
3,780,808,1
3,781,809,1
3,782,810,1
3,783,811,1
3,784,812,1
3,785,813,1
3,786,814,1
3,787,815,1
3,788,816,1
3,789,817,1
3,790,818,1
3,791,819,1
3,792,820,1
3,793,821,1
3,794,822,1
3,795,823,1
3,796,824,1
3,797,825,1
3,798,826,1
3,799,827,1
3,800,828,1
3,801,829,1
3,802,830,1
3,803,831,1
3,804,832,1
3,805,833,1
3,806,834,1
3,807,835,1
3,808,836,1
3,809,837,1
3,810,838,1
3,811,839,1
3,812,840,1
3,813,841,1
3,814,842,1
3,815,843,1
3,816,844,1
3,817,845,1
3,818,846,1
3,819,847,1
3,820,848,1
3,821,849,1
3,822,850,1
3,823,851,1
3,824,852,1
3,825,853,1
3,826,854,1
3,827,855,1
3,828,856,1
3,829,857,1
3,830,858,1
3,831,859,1
3,832,860,1
3,833,861,1
3,834,862,1
3,835,863,1
3,836,864,1
3,837,865,1
3,838,866,1
3,839,867,1
3,840,868,1
3,841,869,1
3,842,870,1
3,843,871,1
3,844,872,1
3,845,873,1
3,846,874,1
3,847,875,1
3,848,876,1
3,849,877,1
3,850,878,1
3,851,879,1
3,852,880,1
3,853,881,1
3,854,882,1
3,855,883,1
3,856,884,1
3,857,885,1
3,858,886,1
3,859,887,1
3,860,888,1
3,861,889,1
3,862,890,1
3,863,891,1
3,864,892,1
3,865,893,1
3,866,894,1
3,867,895,1
3,868,896,1
3,869,897,1
3,870,898,1
3,871,899,1
3,872,900,1
3,873,901,1
3,874,902,1
3,875,903,1
3,876,904,1
3,877,905,1
3,878,906,1
3,879,907,1
3,880,908,1
3,881,909,1
3,882,910,1
3,883,911,1
3,884,912,1
3,885,913,1
3,886,914,1
3,887,915,1
3,888,916,1
3,889,917,1
3,890,918,1
3,891,919,1
3,892,920,1
3,893,921,1
3,894,922,1
3,895,923,1
3,896,924,1
3,897,925,1
3,898,926,1
3,899,927,1
3,900,928,1
3,901,929,1
3,902,930,1
3,903,931,1
3,904,932,1
3,905,933,1
3,906,934,1
3,907,935,1
3,908,936,1
3,909,937,1
3,910,938,1
3,911,939,1
3,912,940,1
3,913,941,1
3,914,942,1
3,915,943,1
3,916,944,1
3,917,945,1
3,918,946,1
3,919,947,1
3,920,948,1
3,921,949,1
3,922,950,1
3,923,951,1
3,924,952,1
3,925,953,1
3,926,954,1
3,927,955,1
3,928,956,1
3,929,957,1
3,930,958,1
3,931,959,1
3,932,960,1
3,933,961,1
3,934,962,1
3,935,963,1
3,936,964,1
3,937,965,1
3,938,966,1
3,939,967,1
3,940,968,1
3,941,969,1
3,942,970,1
3,943,971,1
3,944,972,1
3,945,973,1
3,946,974,1
3,947,975,1
3,948,976,1
3,949,977,1
3,950,978,1
3,951,979,1
3,952,980,1
3,953,981,1
3,954,982,1
3,955,983,1
3,956,984,1
3,957,985,1
3,958,986,1
3,959,987,1
3,960,988,1
3,961,989,1
3,962,990,1
3,963,991,1
3,964,992,1
3,965,993,1
3,966,994,1
3,967,995,1
3,968,996,1
3,969,997,1
3,970,998,1
3,971,999,1
3,972,1000,1
3,973,1001,1
3,974,1002,1
3,975,1003,1
3,976,1004,1
3,977,1005,1
3,978,1006,1
3,979,1007,1
3,980,1008,1
3,981,1009,1
3,982,1010,1
3,983,1011,1
3,984,1012,1
3,985,1013,1
3,986,1014,1
3,987,1015,1
3,988,1016,1
3,989,1017,1
3,990,1018,1
3,991,1019,1
3,992,1020,1
3,993,1021,1
3,994,1022,1
3,995,1023,1
3,996,1024,1
3,997,1025,1
3,998,1026,1
3,999,1027,1
3,1000,1028,1
3,1001,1029,1
3,1002,1030,1
3,1003,1031,1
3,1004,1032,1
3,1005,1033,1
3,1006,1034,1
3,1007,1035,1
3,1008,1036,1
3,1009,1037,1
3,1010,1038,1
3,1011,1039,1
3,1012,1040,1
3,1013,1041,1
3,1014,1042,1
3,1015,1043,1
3,1016,1044,1
3,1017,1045,1
3,1018,1046,1
3,1019,1047,1
3,1020,1048,1
3,1021,1049,1
3,1022,1050,1
3,1023,1051,1
3,1024,1052,1
3,1025,1053,1
3,1026,1054,1
3,1027,1055,1
3,1028,1056,1
3,1029,1057,1
3,1030,1058,1
3,1031,1059,1
3,1032,1060,1
3,1033,1061,1
3,1034,1062,1
3,1035,1063,1
3,1036,1064,1
3,1037,1065,1
3,1038,1066,1
3,1039,1067,1
3,1040,1068,1
3,1041,1069,1
3,1042,1070,1
3,1043,1071,1
3,1044,1072,1
3,1045,1073,1
3,1046,1074,1
3,1047,1075,1
3,1048,1076,1
3,1049,1077,1
3,1050,1078,1
3,1051,1079,1
3,1052,1080,1
3,1053,1081,1
3,1054,1082,1
3,1055,1083,1
3,1056,1084,1
3,1057,1085,1
3,1058,1086,1
3,1059,1087,1
3,1060,1088,1
3,1061,1089,1
3,1062,1090,1
3,1063,1091,1
3,1064,1092,1
3,1065,1093,1
3,1066,1094,1
3,1067,1095,1
3,1068,1096,1
3,1069,1097,1
3,1070,1098,1
3,1071,1099,1
3,1072,1100,1
3,1073,1101,1
3,1074,1102,1
3,1075,1103,1
3,1076,1104,1
3,1077,1105,1
3,1078,1106,1
3,1079,1107,1
3,1080,1108,1
3,1081,1109,1
3,1082,1110,1
3,1083,1111,1
3,1084,1112,1
3,1085,1113,1
3,1086,1114,1
3,1087,1115,1
3,1088,1116,1
3,1089,1117,1
3,1090,1118,1
3,1091,1119,1
3,1092,1120,1
3,1093,1121,1
3,1094,1122,1
3,1095,1123,1
3,1096,1124,1
3,1097,1125,1
3,1098,1126,1
3,1099,1127,1
3,1100,1128,1
3,1101,1129,1
3,1102,1130,1
3,1103,1131,1
3,1104,1132,1
3,1105,1133,1
3,1106,1134,1
3,1107,1135,1
3,1108,1136,1
3,1109,1137,1
3,1110,1138,1
3,1111,1139,1
3,1112,1140,1
3,1113,1141,1
3,1114,1142,1
3,1115,1143,1
3,1116,1144,1
3,1117,1145,1
3,1118,1146,1
3,1119,1147,1
3,1120,1148,1
3,1121,1149,1
3,1122,1150,1
3,1123,1151,1
3,1124,1152,1
3,1125,1153,1
3,1126,1154,1
3,1127,1155,1
3,1128,1156,1
3,1129,1157,1
3,1130,1158,1
3,1131,1159,1
3,1132,1160,1
3,1133,1161,1
3,1134,1162,1
3,1135,1163,1
3,1136,1164,1
3,1137,1165,1
3,1138,1166,1
3,1139,1167,1
3,1140,1168,1
3,1141,1169,1
3,1142,1170,1
3,1143,1171,1
3,1144,1172,1
3,1145,1173,1
3,1146,1174,1
3,1147,1175,1
3,1148,1176,1
3,1149,1177,1
3,1150,1178,1
3,1151,1179,1
3,1152,1180,1
3,1153,1181,1
3,1154,1182,1
3,1155,1183,1
3,1156,1184,1
3,1157,1185,1
3,1158,1186,1
3,1159,1187,1
3,1160,1188,1
3,1161,1189,1
3,1162,1190,1
3,1163,1191,1
3,1164,1192,1
3,1165,1193,1
3,1166,1194,1
3,1167,1195,1
3,1168,1196,1
3,1169,1197,1
3,1170,1198,1
3,1171,1199,1
3,1172,1200,1
3,1173,1201,1
3,1174,1202,1
3,1175,1203,1
3,1176,1204,1
3,1177,1205,1
3,1178,1206,1
3,1179,1207,1
3,1180,1208,1
3,1181,1209,1
3,1182,1210,1
3,1183,1211,1
3,1184,1212,1
3,1185,1213,1
3,1186,1214,1
3,1187,1215,1
3,1188,1216,1
3,1189,1217,1
3,1190,1218,1
3,1191,1219,1
3,1192,1220,1
3,1193,1221,1
3,1194,1222,1
3,1195,1223,1
3,1196,1224,1
3,1197,1225,1
3,1198,1226,1
3,1199,1227,1
3,1200,1228,1
3,1201,1229,1
3,1202,1230,1
3,1203,1231,1
3,1204,1232,1
3,1205,1233,1
3,1206,1234,1
3,1207,1235,1
3,1208,1236,1
3,1209,1237,1
3,1210,1238,1
3,1211,1239,1
3,1212,1240,1
3,1213,1241,1
3,1214,1242,1
3,1215,1243,1
3,1216,1244,1
3,1217,1245,1
3,1218,1246,1
3,1219,1247,1
3,1220,1248,1
3,1221,1249,1
3,1222,1250,1
3,1223,1251,1
3,1224,1252,1
3,1225,1253,1
3,1226,1254,1
3,1227,1255,1
3,1228,1256,1
3,1229,1257,1
3,1230,1258,1
3,1231,1259,1
3,1232,1260,1
3,1233,1261,1
3,1234,1262,1
3,1235,1263,1
3,1236,1264,1
3,1237,1265,1
3,1238,1266,1
3,1239,1267,1
3,1240,1268,1
3,1241,1269,1
3,1242,1270,1
3,1243,1271,1
3,1244,1272,1
3,1245,1273,1
3,1246,1274,1
3,1247,1275,1
3,1248,1276,1
3,1249,1277,1
3,1250,1278,1
3,1251,1279,1
3,1252,1280,1
3,1253,1281,1
3,1254,1282,1
3,1255,1283,1
3,1256,1284,1
3,1257,1285,1
3,1258,1286,1
3,1259,1287,1
3,1260,1288,1
3,1261,1289,1
3,1262,1290,1
3,1263,1291,1
3,1264,1292,1
3,1265,1293,1
3,1266,1294,1
3,1267,1295,1
3,1268,1296,1
3,1269,1297,1
3,1270,1298,1
3,1271,1299,1
3,1272,1300,1
3,1273,1301,1
3,1274,1302,1
3,1275,1303,1
3,1276,1304,1
3,1277,1305,1
3,1278,1306,1
3,1279,1307,1
3,1280,1308,1
3,1281,1309,1
3,1282,1310,1
3,1283,1311,1
3,1284,1312,1
3,1285,1313,1
3,1286,1314,1
3,1287,1315,1
3,1288,1316,1
3,1289,1317,1
3,1290,1318,1
3,1291,1319,1
3,1292,1320,1
3,1293,1321,1
3,1294,1322,1
3,1295,1323,1
3,1296,1324,1
3,1297,1325,1
3,1298,1326,1
3,1299,1327,1
3,1300,1328,1
3,1301,1329,1
3,1302,1330,1
3,1303,1331,1
3,1304,1332,1
3,1305,1333,1
3,1306,1334,1
3,1307,1335,1
3,1308,1336,1
3,1309,1337,1
3,1310,1338,1
3,1311,1339,1
3,1312,1340,1
3,1313,1341,1
3,1314,1342,1
3,1315,1343,1
3,1316,1344,1
3,1317,1345,1
3,1318,1346,1
3,1319,1347,1
3,1320,1348,1
3,1321,1349,1
3,1322,1350,1
3,1323,1351,1
3,1324,1352,1
3,1325,1353,1
3,1326,1354,1
3,1327,1355,1
3,1328,1356,1
3,1329,1357,1
3,1330,1358,1
3,1331,1359,1
3,1332,1360,1
3,1333,1361,1
3,1334,1362,1
3,1335,1363,1
3,1336,1364,1
3,1337,1365,1
3,1338,1366,1
3,1339,1367,1
3,1340,1368,1
3,1341,1369,1
3,1342,1370,1
3,1343,1371,1
3,1344,1372,1
3,1345,1373,1
3,1346,1374,1
3,1347,1375,1
3,1348,1376,1
3,1349,1377,1
3,1350,1378,1
3,1351,1379,1
3,1352,1380,1
3,1353,1381,1
3,1354,1382,1
3,1355,1383,1
3,1356,1384,1
3,1357,1385,1
3,1358,1386,1
3,1359,1387,1
3,1360,1388,1
3,1361,1389,1
3,1362,1390,1
3,1363,1391,1
3,1364,1392,1
3,1365,1393,1
3,1366,1394,1
3,1367,1395,1
3,1368,1396,1
3,1369,1397,1
3,1370,1398,1
3,1371,1399,1
3,1372,1400,1
3,1373,1401,1
3,1374,1402,1
3,1375,1403,1
3,1376,1404,1
3,1377,1405,1
3,1378,1406,1
3,1379,1407,1
3,1380,1408,1
3,1381,1409,1
3,1382,1410,1
3,1383,1411,1
3,1384,1412,1
3,1385,1413,1
3,1386,1414,1
3,1387,1415,1
3,1388,1416,1
3,1389,1417,1
3,1390,1418,1
3,1391,1419,1
3,1392,1420,1
3,1393,1421,1
3,1394,1422,1
3,1395,1423,1
3,1396,1424,1
3,1397,1425,1
3,1398,1426,1
3,1399,1427,1
3,1400,1428,1
3,1401,1429,1
3,1402,1430,1
3,1403,1431,1
3,1404,1432,1
3,1405,1433,1
3,1406,1434,1
3,1407,1435,1
3,1408,1436,1
3,1409,1437,1
3,1410,1438,1
3,1411,1439,1
3,1412,1440,1
3,1413,1441,1
3,1414,1442,1
3,1415,1443,1
3,1416,1444,1
3,1417,1445,1
3,1418,1446,1
3,1419,1447,1
3,1420,1448,1
3,1421,1449,1
3,1422,1450,1
3,1423,1451,1
3,1424,1452,1
3,1425,1453,1
3,1426,1454,1
3,1427,1455,1
3,1428,1456,1
3,1429,1457,1
3,1430,1458,1
3,1431,1459,1
3,1432,1460,1
3,1433,1461,1
3,1434,1462,1
3,1435,1463,1
3,1436,1464,1
3,1437,1465,1
3,1438,1466,1
3,1439,1467,1
3,1440,1468,1
3,1441,1469,1
3,1442,1470,1
3,1443,1471,1
3,1444,1472,1
3,1445,1473,1
3,1446,1474,1
3,1447,1475,1
3,1448,1476,1
3,1449,1477,1
3,1450,1478,1
3,1451,1479,1
3,1452,1480,1
3,1453,1481,1
3,1454,1482,1
3,1455,1483,1
3,1456,1484,1
3,1457,1485,1
3,1458,1486,1
3,1459,1487,1
3,1460,1488,1
3,1461,1489,1
3,1462,1490,1
3,1463,1491,1
3,1464,1492,1
3,1465,1493,1
3,1466,1494,1
3,1467,1495,1
3,1468,1496,1
3,1469,1497,1
3,1470,1498,1
3,1471,1499,1
3,1472,1500,1
3,1473,1501,1
3,1474,1502,1
3,1475,1503,1
3,1476,1504,1
3,1477,1505,1
3,1478,1506,1
3,1479,1507,1
3,1480,1508,1
3,1481,1509,1
3,1482,1510,1
3,1483,1511,1
3,1484,1512,1
3,1485,1513,1
3,1486,1514,1
3,1487,1515,1
3,1488,1516,1
3,1489,1517,1
3,1490,1518,1
3,1491,1519,1
3,1492,1520,1
3,1493,1521,1
3,1494,1522,1
3,1495,1523,1
3,1496,1524,1
3,1497,1525,1
3,1498,1526,1
3,1499,1527,1
3,1500,1528,1
4,0,28,1
4,1,29,1
4,2,30,1
4,3,31,1
4,4,32,1
4,5,33,1
4,6,34,1
4,7,35,1
4,8,36,1
4,9,37,1
4,10,38,1
4,11,39,1
4,12,40,1
4,13,41,1
4,14,42,1
4,15,43,1
4,16,44,1
4,17,45,1
4,18,46,1
4,19,47,1
4,20,48,1
4,21,49,1
4,22,50,1
4,23,51,1
4,24,52,1
4,25,53,1
4,26,54,1
4,27,55,1
4,28,56,1
4,29,57,1
4,30,58,1
4,31,59,1
4,32,60,1
4,33,61,1
4,34,62,1
4,35,63,1
4,36,64,1
4,37,65,1
4,38,66,1
4,39,67,1
4,40,68,1
4,41,69,1
4,42,70,1
4,43,71,1
4,44,72,1
4,45,73,1
4,46,74,1
4,47,75,1
4,48,76,1
4,49,77,1
4,50,78,1
4,51,79,1
4,52,80,1
4,53,81,1
4,54,82,1
4,55,83,1
4,56,84,1
4,57,85,1
4,58,86,1
4,59,87,1
4,60,88,1
4,61,89,1
4,62,90,1
4,63,91,1
4,64,92,1
4,65,93,1
4,66,94,1
4,67,95,1
4,68,96,1
4,69,97,1
4,70,98,1
4,71,99,1
4,72,100,1
4,73,101,1
4,74,102,1
4,75,103,1
4,76,104,1
4,77,105,1
4,78,106,1
4,79,107,1
4,80,108,1
4,81,109,1
4,82,110,1
4,83,111,1
4,84,112,1
4,85,113,1
4,86,114,1
4,87,115,1
4,88,116,1
4,89,117,1
4,90,118,1
4,91,119,1
4,92,120,1
4,93,121,1
4,94,122,1
4,95,123,1
4,96,124,1
4,97,125,1
4,98,126,1
4,99,127,1
4,100,128,1
4,101,129,1
4,102,130,1
4,103,131,1
4,104,132,1
4,105,133,1
4,106,134,1
4,107,135,1
4,108,136,1
4,109,137,1
4,110,138,1
4,111,139,1
4,112,140,1
4,113,141,1
4,114,142,1
4,115,143,1
4,116,144,1
4,117,145,1
4,118,146,1
4,119,147,1
4,120,148,1
4,121,149,1
4,122,150,1
4,123,151,1
4,124,152,1
4,125,153,1
4,126,154,1
4,127,155,1
4,128,156,1
4,129,157,1
4,130,158,1
4,131,159,1
4,132,160,1
4,133,161,1
4,134,162,1
4,135,163,1
4,136,164,1
4,137,165,1
4,138,166,1
4,139,167,1
4,140,168,1
4,141,169,1
4,142,170,1
4,143,171,1
4,144,172,1
4,145,173,1
4,146,174,1
4,147,175,1
4,148,176,1
4,149,177,1
4,150,178,1
4,151,179,1
4,152,180,1
4,153,181,1
4,154,182,1
4,155,183,1
4,156,184,1
4,157,185,1
4,158,186,1
4,159,187,1
4,160,188,1
4,161,189,1
4,162,190,1
4,163,191,1
4,164,192,1
4,165,193,1
4,166,194,1
4,167,195,1
4,168,196,1
4,169,197,1
4,170,198,1
4,171,199,1
4,172,200,1
4,173,201,1
4,174,202,1
4,175,203,1
4,176,204,1
4,177,205,1
4,178,206,1
4,179,207,1
4,180,208,1
4,181,209,1
4,182,210,1
4,183,211,1
4,184,212,1
4,185,213,1
4,186,214,1
4,187,215,1
4,188,216,1
4,189,217,1
4,190,218,1
4,191,219,1
4,192,220,1
4,193,221,1
4,194,222,1
4,195,223,1
4,196,224,1
4,197,225,1
4,198,226,1
4,199,227,1
4,200,228,1
4,201,229,1
4,202,230,1
4,203,231,1
4,204,232,1
4,205,233,1
4,206,234,1
4,207,235,1
4,208,236,1
4,209,237,1
4,210,238,1
4,211,239,1
4,212,240,1
4,213,241,1
4,214,242,1
4,215,243,1
4,216,244,1
4,217,245,1
4,218,246,1
4,219,247,1
4,220,248,1
4,221,249,1
4,222,250,1
4,223,251,1
4,224,252,1
4,225,253,1
4,226,254,1
4,227,255,1
4,228,256,1
4,229,257,1
4,230,258,1
4,231,259,1
4,232,260,1
4,233,261,1
4,234,262,1
4,235,263,1
4,236,264,1
4,237,265,1
4,238,266,1
4,239,267,1
4,240,268,1
4,241,269,1
4,242,270,1
4,243,271,1
4,244,272,1
4,245,273,1
4,246,274,1
4,247,275,1
4,248,276,1
4,249,277,1
4,250,278,1
4,251,279,1
4,252,280,1
4,253,281,1
4,254,282,1
4,255,283,1
4,256,284,1
4,257,285,1
4,258,286,1
4,259,287,1
4,260,288,1
4,261,289,1
4,262,290,1
4,263,291,1
4,264,292,1
4,265,293,1
4,266,294,1
4,267,295,1
4,268,296,1
4,269,297,1
4,270,298,1
4,271,299,1
4,272,300,1
4,273,301,1
4,274,302,1
4,275,303,1
4,276,304,1
4,277,305,1
4,278,306,1
4,279,307,1
4,280,308,1
4,281,309,1
4,282,310,1
4,283,311,1
4,284,312,1
4,285,313,1
4,286,314,1
4,287,315,1
4,288,316,1
4,289,317,1
4,290,318,1
4,291,319,1
4,292,320,1
4,293,321,1
4,294,322,1
4,295,323,1
4,296,324,1
4,297,325,1
4,298,326,1
4,299,327,1
4,300,328,1
4,301,329,1
4,302,330,1
4,303,331,1
4,304,332,1
4,305,333,1
4,306,334,1
4,307,335,1
4,308,336,1
4,309,337,1
4,310,338,1
4,311,339,1
4,312,340,1
4,313,341,1
4,314,342,1
4,315,343,1
4,316,344,1
4,317,345,1
4,318,346,1
4,319,347,1
4,320,348,1
4,321,349,1
4,322,350,1
4,323,351,1
4,324,352,1
4,325,353,1
4,326,354,1
4,327,355,1
4,328,356,1
4,329,357,1
4,330,358,1
4,331,359,1
4,332,360,1
4,333,361,1
4,334,362,1
4,335,363,1
4,336,364,1
4,337,365,1
4,338,366,1
4,339,367,1
4,340,368,1
4,341,369,1
4,342,370,1
4,343,371,1
4,344,372,1
4,345,373,1
4,346,374,1
4,347,375,1
4,348,376,1
4,349,377,1
4,350,378,1
4,351,379,1
4,352,380,1
4,353,381,1
4,354,382,1
4,355,383,1
4,356,384,1
4,357,385,1
4,358,386,1
4,359,387,1
4,360,388,1
4,361,389,1
4,362,390,1
4,363,391,1
4,364,392,1
4,365,393,1
4,366,394,1
4,367,395,1
4,368,396,1
4,369,397,1
4,370,398,1
4,371,399,1
4,372,400,1
4,373,401,1
4,374,402,1
4,375,403,1
4,376,404,1
4,377,405,1
4,378,406,1
4,379,407,1
4,380,408,1
4,381,409,1
4,382,410,1
4,383,411,1
4,384,412,1
4,385,413,1
4,386,414,1
4,387,415,1
4,388,416,1
4,389,417,1
4,390,418,1
4,391,419,1
4,392,420,1
4,393,421,1
4,394,422,1
4,395,423,1
4,396,424,1
4,397,425,1
4,398,426,1
4,399,427,1
4,400,428,1
4,401,429,1
4,402,430,1
4,403,431,1
4,404,432,1
4,405,433,1
4,406,434,1
4,407,435,1
4,408,436,1
4,409,437,1
4,410,438,1
4,411,439,1
4,412,440,1
4,413,441,1
4,414,442,1
4,415,443,1
4,416,444,1
4,417,445,1
4,418,446,1
4,419,447,1
4,420,448,1
4,421,449,1
4,422,450,1
4,423,451,1
4,424,452,1
4,425,453,1
4,426,454,1
4,427,455,1
4,428,456,1
4,429,457,1
4,430,458,1
4,431,459,1
4,432,460,1
4,433,461,1
4,434,462,1
4,435,463,1
4,436,464,1
4,437,465,1
4,438,466,1
4,439,467,1
4,440,468,1
4,441,469,1
4,442,470,1
4,443,471,1
4,444,472,1
4,445,473,1
4,446,474,1
4,447,475,1
4,448,476,1
4,449,477,1
4,450,478,1
4,451,479,1
4,452,480,1
4,453,481,1
4,454,482,1
4,455,483,1
4,456,484,1
4,457,485,1
4,458,486,1
4,459,487,1
4,460,488,1
4,461,489,1
4,462,490,1
4,463,491,1
4,464,492,1
4,465,493,1
4,466,494,1
4,467,495,1
4,468,496,1
4,469,497,1
4,470,498,1
4,471,499,1
4,472,500,1
4,473,501,1
4,474,502,1
4,475,503,1
4,476,504,1
4,477,505,1
4,478,506,1
4,479,507,1
4,480,508,1
4,481,509,1
4,482,510,1
4,483,511,1
4,484,512,1
4,485,513,1
4,486,514,1
4,487,515,1
4,488,516,1
4,489,517,1
4,490,518,1
4,491,519,1
4,492,520,1
4,493,521,1
4,494,522,1
4,495,523,1
4,496,524,1
4,497,525,1
4,498,526,1
4,499,527,1
4,500,528,1
4,501,529,1
4,502,530,1
4,503,531,1
4,504,532,1
4,505,533,1
4,506,534,1
4,507,535,1
4,508,536,1
4,509,537,1
4,510,538,1
4,511,539,1
4,512,540,1
4,513,541,1
4,514,542,1
4,515,543,1
4,516,544,1
4,517,545,1
4,518,546,1
4,519,547,1
4,520,548,1
4,521,549,1
4,522,550,1
4,523,551,1
4,524,552,1
4,525,553,1
4,526,554,1
4,527,555,1
4,528,556,1
4,529,557,1
4,530,558,1
4,531,559,1
4,532,560,1
4,533,561,1
4,534,562,1
4,535,563,1
4,536,564,1
4,537,565,1
4,538,566,1
4,539,567,1
4,540,568,1
4,541,569,1
4,542,570,1
4,543,571,1
4,544,572,1
4,545,573,1
4,546,574,1
4,547,575,1
4,548,576,1
4,549,577,1
4,550,578,1
4,551,579,1
4,552,580,1
4,553,581,1
4,554,582,1
4,555,583,1
4,556,584,1
4,557,585,1
4,558,586,1
4,559,587,1
4,560,588,1
4,561,589,1
4,562,590,1
4,563,591,1
4,564,592,1
4,565,593,1
4,566,594,1
4,567,595,1
4,568,596,1
4,569,597,1
4,570,598,1
4,571,599,1
4,572,600,1
4,573,601,1
4,574,602,1
4,575,603,1
4,576,604,1
4,577,605,1
4,578,606,1
4,579,607,1
4,580,608,1
4,581,609,1
4,582,610,1
4,583,611,1
4,584,612,1
4,585,613,1
4,586,614,1
4,587,615,1
4,588,616,1
4,589,617,1
4,590,618,1
4,591,619,1
4,592,620,1
4,593,621,1
4,594,622,1
4,595,623,1
4,596,624,1
4,597,625,1
4,598,626,1
4,599,627,1
4,600,628,1
4,601,629,1
4,602,630,1
4,603,631,1
4,604,632,1
4,605,633,1
4,606,634,1
4,607,635,1
4,608,636,1
4,609,637,1
4,610,638,1
4,611,639,1
4,612,640,1
4,613,641,1
4,614,642,1
4,615,643,1
4,616,644,1
4,617,645,1
4,618,646,1
4,619,647,1
4,620,648,1
4,621,649,1
4,622,650,1
4,623,651,1
4,624,652,1
4,625,653,1
4,626,654,1
4,627,655,1
4,628,656,1
4,629,657,1
4,630,658,1
4,631,659,1
4,632,660,1
4,633,661,1
4,634,662,1
4,635,663,1
4,636,664,1
4,637,665,1
4,638,666,1
4,639,667,1
4,640,668,1
4,641,669,1
4,642,670,1
4,643,671,1
4,644,672,1
4,645,673,1
4,646,674,1
4,647,675,1
4,648,676,1
4,649,677,1
4,650,678,1
4,651,679,1
4,652,680,1
4,653,681,1
4,654,682,1
4,655,683,1
4,656,684,1
4,657,685,1
4,658,686,1
4,659,687,1
4,660,688,1
4,661,689,1
4,662,690,1
4,663,691,1
4,664,692,1
4,665,693,1
4,666,694,1
4,667,695,1
4,668,696,1
4,669,697,1
4,670,698,1
4,671,699,1
4,672,700,1
4,673,701,1
4,674,702,1
4,675,703,1
4,676,704,1
4,677,705,1
4,678,706,1
4,679,707,1
4,680,708,1
4,681,709,1
4,682,710,1
4,683,711,1
4,684,712,1
4,685,713,1
4,686,714,1
4,687,715,1
4,688,716,1
4,689,717,1
4,690,718,1
4,691,719,1
4,692,720,1
4,693,721,1
4,694,722,1
4,695,723,1
4,696,724,1
4,697,725,1
4,698,726,1
4,699,727,1
4,700,728,1
4,701,729,1
4,702,730,1
4,703,731,1
4,704,732,1
4,705,733,1
4,706,734,1
4,707,735,1
4,708,736,1
4,709,737,1
4,710,738,1
4,711,739,1
4,712,740,1
4,713,741,1
4,714,742,1
4,715,743,1
4,716,744,1
4,717,745,1
4,718,746,1
4,719,747,1
4,720,748,1
4,721,749,1
4,722,750,1
4,723,751,1
4,724,752,1
4,725,753,1
4,726,754,1
4,727,755,1
4,728,756,1
4,729,757,1
4,730,758,1
4,731,759,1
4,732,760,1
4,733,761,1
4,734,762,1
4,735,763,1
4,736,764,1
4,737,765,1
4,738,766,1
4,739,767,1
4,740,768,1
4,741,769,1
4,742,770,1
4,743,771,1
4,744,772,1
4,745,773,1
4,746,774,1
4,747,775,1
4,748,776,1
4,749,777,1
4,750,778,1
4,751,779,1
4,752,780,1
4,753,781,1
4,754,782,1
4,755,783,1
4,756,784,1
4,757,785,1
4,758,786,1
4,759,787,1
4,760,788,1
4,761,789,1
4,762,790,1
4,763,791,1
4,764,792,1
4,765,793,1
4,766,794,1
4,767,795,1
4,768,796,1
4,769,797,1
4,770,798,1
4,771,799,1
4,772,800,1
4,773,801,1
4,774,802,1
4,775,803,1
4,776,804,1
4,777,805,1
4,778,806,1
4,779,807,1
4,780,808,1
4,781,809,1
4,782,810,1
4,783,811,1
4,784,812,1
4,785,813,1
4,786,814,1
4,787,815,1
4,788,816,1
4,789,817,1
4,790,818,1
4,791,819,1
4,792,820,1
4,793,821,1
4,794,822,1
4,795,823,1
4,796,824,1
4,797,825,1
4,798,826,1
4,799,827,1
4,800,828,1
4,801,829,1
4,802,830,1
4,803,831,1
4,804,832,1
4,805,833,1
4,806,834,1
4,807,835,1
4,808,836,1
4,809,837,1
4,810,838,1
4,811,839,1
4,812,840,1
4,813,841,1
4,814,842,1
4,815,843,1
4,816,844,1
4,817,845,1
4,818,846,1
4,819,847,1
4,820,848,1
4,821,849,1
4,822,850,1
4,823,851,1
4,824,852,1
4,825,853,1
4,826,854,1
4,827,855,1
4,828,856,1
4,829,857,1
4,830,858,1
4,831,859,1
4,832,860,1
4,833,861,1
4,834,862,1
4,835,863,1
4,836,864,1
4,837,865,1
4,838,866,1
4,839,867,1
4,840,868,1
4,841,869,1
4,842,870,1
4,843,871,1
4,844,872,1
4,845,873,1
4,846,874,1
4,847,875,1
4,848,876,1
4,849,877,1
4,850,878,1
4,851,879,1
4,852,880,1
4,853,881,1
4,854,882,1
4,855,883,1
4,856,884,1
4,857,885,1
4,858,886,1
4,859,887,1
4,860,888,1
4,861,889,1
4,862,890,1
4,863,891,1
4,864,892,1
4,865,893,1
4,866,894,1
4,867,895,1
4,868,896,1
4,869,897,1
4,870,898,1
4,871,899,1
4,872,900,1
4,873,901,1
4,874,902,1
4,875,903,1
4,876,904,1
4,877,905,1
4,878,906,1
4,879,907,1
4,880,908,1
4,881,909,1
4,882,910,1
4,883,911,1
4,884,912,1
4,885,913,1
4,886,914,1
4,887,915,1
4,888,916,1
4,889,917,1
4,890,918,1
4,891,919,1
4,892,920,1
4,893,921,1
4,894,922,1
4,895,923,1
4,896,924,1
4,897,925,1
4,898,926,1
4,899,927,1
4,900,928,1
4,901,929,1
4,902,930,1
4,903,931,1
4,904,932,1
4,905,933,1
4,906,934,1
4,907,935,1
4,908,936,1
4,909,937,1
4,910,938,1
4,911,939,1
4,912,940,1
4,913,941,1
4,914,942,1
4,915,943,1
4,916,944,1
4,917,945,1
4,918,946,1
4,919,947,1
4,920,948,1
4,921,949,1
4,922,950,1
4,923,951,1
4,924,952,1
4,925,953,1
4,926,954,1
4,927,955,1
4,928,956,1
4,929,957,1
4,930,958,1
4,931,959,1
4,932,960,1
4,933,961,1
4,934,962,1
4,935,963,1
4,936,964,1
4,937,965,1
4,938,966,1
4,939,967,1
4,940,968,1
4,941,969,1
4,942,970,1
4,943,971,1
4,944,972,1
4,945,973,1
4,946,974,1
4,947,975,1
4,948,976,1
4,949,977,1
4,950,978,1
4,951,979,1
4,952,980,1
4,953,981,1
4,954,982,1
4,955,983,1
4,956,984,1
4,957,985,1
4,958,986,1
4,959,987,1
4,960,988,1
4,961,989,1
4,962,990,1
4,963,991,1
4,964,992,1
4,965,993,1
4,966,994,1
4,967,995,1
4,968,996,1
4,969,997,1
4,970,998,1
4,971,999,1
4,972,1000,1
4,973,1001,1
4,974,1002,1
4,975,1003,1
4,976,1004,1
4,977,1005,1
4,978,1006,1
4,979,1007,1
4,980,1008,1
4,981,1009,1
4,982,1010,1
4,983,1011,1
4,984,1012,1
4,985,1013,1
4,986,1014,1
4,987,1015,1
4,988,1016,1
4,989,1017,1
4,990,1018,1
4,991,1019,1
4,992,1020,1
4,993,1021,1
4,994,1022,1
4,995,1023,1
4,996,1024,1
4,997,1025,1
4,998,1026,1
4,999,1027,1
4,1000,1028,1
4,1001,1029,1
4,1002,1030,1
4,1003,1031,1
4,1004,1032,1
4,1005,1033,1
4,1006,1034,1
4,1007,1035,1
4,1008,1036,1
4,1009,1037,1
4,1010,1038,1
4,1011,1039,1
4,1012,1040,1
4,1013,1041,1
4,1014,1042,1
4,1015,1043,1
4,1016,1044,1
4,1017,1045,1
4,1018,1046,1
4,1019,1047,1
4,1020,1048,1
4,1021,1049,1
4,1022,1050,1
4,1023,1051,1
4,1024,1052,1
4,1025,1053,1
4,1026,1054,1
4,1027,1055,1
4,1028,1056,1
4,1029,1057,1
4,1030,1058,1
4,1031,1059,1
4,1032,1060,1
4,1033,1061,1
4,1034,1062,1
4,1035,1063,1
4,1036,1064,1
4,1037,1065,1
4,1038,1066,1
4,1039,1067,1
4,1040,1068,1
4,1041,1069,1
4,1042,1070,1
4,1043,1071,1
4,1044,1072,1
4,1045,1073,1
4,1046,1074,1
4,1047,1075,1
4,1048,1076,1
4,1049,1077,1
4,1050,1078,1
4,1051,1079,1
4,1052,1080,1
4,1053,1081,1
4,1054,1082,1
4,1055,1083,1
4,1056,1084,1
4,1057,1085,1
4,1058,1086,1
4,1059,1087,1
4,1060,1088,1
4,1061,1089,1
4,1062,1090,1
4,1063,1091,1
4,1064,1092,1
4,1065,1093,1
4,1066,1094,1
4,1067,1095,1
4,1068,1096,1
4,1069,1097,1
4,1070,1098,1
4,1071,1099,1
4,1072,1100,1
4,1073,1101,1
4,1074,1102,1
4,1075,1103,1
4,1076,1104,1
4,1077,1105,1
4,1078,1106,1
4,1079,1107,1
4,1080,1108,1
4,1081,1109,1
4,1082,1110,1
4,1083,1111,1
4,1084,1112,1
4,1085,1113,1
4,1086,1114,1
4,1087,1115,1
4,1088,1116,1
4,1089,1117,1
4,1090,1118,1
4,1091,1119,1
4,1092,1120,1
4,1093,1121,1
4,1094,1122,1
4,1095,1123,1
4,1096,1124,1
4,1097,1125,1
4,1098,1126,1
4,1099,1127,1
4,1100,1128,1
4,1101,1129,1
4,1102,1130,1
4,1103,1131,1
4,1104,1132,1
4,1105,1133,1
4,1106,1134,1
4,1107,1135,1
4,1108,1136,1
4,1109,1137,1
4,1110,1138,1
4,1111,1139,1
4,1112,1140,1
4,1113,1141,1
4,1114,1142,1
4,1115,1143,1
4,1116,1144,1
4,1117,1145,1
4,1118,1146,1
4,1119,1147,1
4,1120,1148,1
4,1121,1149,1
4,1122,1150,1
4,1123,1151,1
4,1124,1152,1
4,1125,1153,1
4,1126,1154,1
4,1127,1155,1
4,1128,1156,1
4,1129,1157,1
4,1130,1158,1
4,1131,1159,1
4,1132,1160,1
4,1133,1161,1
4,1134,1162,1
4,1135,1163,1
4,1136,1164,1
4,1137,1165,1
4,1138,1166,1
4,1139,1167,1
4,1140,1168,1
4,1141,1169,1
4,1142,1170,1
4,1143,1171,1
4,1144,1172,1
4,1145,1173,1
4,1146,1174,1
4,1147,1175,1
4,1148,1176,1
4,1149,1177,1
4,1150,1178,1
4,1151,1179,1
4,1152,1180,1
4,1153,1181,1
4,1154,1182,1
4,1155,1183,1
4,1156,1184,1
4,1157,1185,1
4,1158,1186,1
4,1159,1187,1
4,1160,1188,1
4,1161,1189,1
4,1162,1190,1
4,1163,1191,1
4,1164,1192,1
4,1165,1193,1
4,1166,1194,1
4,1167,1195,1
4,1168,1196,1
4,1169,1197,1
4,1170,1198,1
4,1171,1199,1
4,1172,1200,1
4,1173,1201,1
4,1174,1202,1
4,1175,1203,1
4,1176,1204,1
4,1177,1205,1
4,1178,1206,1
4,1179,1207,1
4,1180,1208,1
4,1181,1209,1
4,1182,1210,1
4,1183,1211,1
4,1184,1212,1
4,1185,1213,1
4,1186,1214,1
4,1187,1215,1
4,1188,1216,1
4,1189,1217,1
4,1190,1218,1
4,1191,1219,1
4,1192,1220,1
4,1193,1221,1
4,1194,1222,1
4,1195,1223,1
4,1196,1224,1
4,1197,1225,1
4,1198,1226,1
4,1199,1227,1
4,1200,1228,1
4,1201,1229,1
4,1202,1230,1
4,1203,1231,1
4,1204,1232,1
4,1205,1233,1
4,1206,1234,1
4,1207,1235,1
4,1208,1236,1
4,1209,1237,1
4,1210,1238,1
4,1211,1239,1
4,1212,1240,1
4,1213,1241,1
4,1214,1242,1
4,1215,1243,1
4,1216,1244,1
4,1217,1245,1
4,1218,1246,1
4,1219,1247,1
4,1220,1248,1
4,1221,1249,1
4,1222,1250,1
4,1223,1251,1
4,1224,1252,1
4,1225,1253,1
4,1226,1254,1
4,1227,1255,1
4,1228,1256,1
4,1229,1257,1
4,1230,1258,1
4,1231,1259,1
4,1232,1260,1
4,1233,1261,1
4,1234,1262,1
4,1235,1263,1
4,1236,1264,1
4,1237,1265,1
4,1238,1266,1
4,1239,1267,1
4,1240,1268,1
4,1241,1269,1
4,1242,1270,1
4,1243,1271,1
4,1244,1272,1
4,1245,1273,1
4,1246,1274,1
4,1247,1275,1
4,1248,1276,1
4,1249,1277,1
4,1250,1278,1
4,1251,1279,1
4,1252,1280,1
4,1253,1281,1
4,1254,1282,1
4,1255,1283,1
4,1256,1284,1
4,1257,1285,1
4,1258,1286,1
4,1259,1287,1
4,1260,1288,1
4,1261,1289,1
4,1262,1290,1
4,1263,1291,1
4,1264,1292,1
4,1265,1293,1
4,1266,1294,1
4,1267,1295,1
4,1268,1296,1
4,1269,1297,1
4,1270,1298,1
4,1271,1299,1
4,1272,1300,1
4,1273,1301,1
4,1274,1302,1
4,1275,1303,1
4,1276,1304,1
4,1277,1305,1
4,1278,1306,1
4,1279,1307,1
4,1280,1308,1
4,1281,1309,1
4,1282,1310,1
4,1283,1311,1
4,1284,1312,1
4,1285,1313,1
4,1286,1314,1
4,1287,1315,1
4,1288,1316,1
4,1289,1317,1
4,1290,1318,1
4,1291,1319,1
4,1292,1320,1
4,1293,1321,1
4,1294,1322,1
4,1295,1323,1
4,1296,1324,1
4,1297,1325,1
4,1298,1326,1
4,1299,1327,1
4,1300,1328,1
4,1301,1329,1
4,1302,1330,1
4,1303,1331,1
4,1304,1332,1
4,1305,1333,1
4,1306,1334,1
4,1307,1335,1
4,1308,1336,1
4,1309,1337,1
4,1310,1338,1
4,1311,1339,1
4,1312,1340,1
4,1313,1341,1
4,1314,1342,1
4,1315,1343,1
4,1316,1344,1
4,1317,1345,1
4,1318,1346,1
4,1319,1347,1
4,1320,1348,1
4,1321,1349,1
4,1322,1350,1
4,1323,1351,1
4,1324,1352,1
4,1325,1353,1
4,1326,1354,1
4,1327,1355,1
4,1328,1356,1
4,1329,1357,1
4,1330,1358,1
4,1331,1359,1
4,1332,1360,1
4,1333,1361,1
4,1334,1362,1
4,1335,1363,1
4,1336,1364,1
4,1337,1365,1
4,1338,1366,1
4,1339,1367,1
4,1340,1368,1
4,1341,1369,1
4,1342,1370,1
4,1343,1371,1
4,1344,1372,1
4,1345,1373,1
4,1346,1374,1
4,1347,1375,1
4,1348,1376,1
4,1349,1377,1
4,1350,1378,1
4,1351,1379,1
4,1352,1380,1
4,1353,1381,1
4,1354,1382,1
4,1355,1383,1
4,1356,1384,1
4,1357,1385,1
4,1358,1386,1
4,1359,1387,1
4,1360,1388,1
4,1361,1389,1
4,1362,1390,1
4,1363,1391,1
4,1364,1392,1
4,1365,1393,1
4,1366,1394,1
4,1367,1395,1
4,1368,1396,1
4,1369,1397,1
4,1370,1398,1
4,1371,1399,1
4,1372,1400,1
4,1373,1401,1
4,1374,1402,1
4,1375,1403,1
4,1376,1404,1
4,1377,1405,1
4,1378,1406,1
4,1379,1407,1
4,1380,1408,1
4,1381,1409,1
4,1382,1410,1
4,1383,1411,1
4,1384,1412,1
4,1385,1413,1
4,1386,1414,1
4,1387,1415,1
4,1388,1416,1
4,1389,1417,1
4,1390,1418,1
4,1391,1419,1
4,1392,1420,1
4,1393,1421,1
4,1394,1422,1
4,1395,1423,1
4,1396,1424,1
4,1397,1425,1
4,1398,1426,1
4,1399,1427,1
4,1400,1428,1
4,1401,1429,1
4,1402,1430,1
4,1403,1431,1
4,1404,1432,1
4,1405,1433,1
4,1406,1434,1
4,1407,1435,1
4,1408,1436,1
4,1409,1437,1
4,1410,1438,1
4,1411,1439,1
4,1412,1440,1
4,1413,1441,1
4,1414,1442,1
4,1415,1443,1
4,1416,1444,1
4,1417,1445,1
4,1418,1446,1
4,1419,1447,1
4,1420,1448,1
4,1421,1449,1
4,1422,1450,1
4,1423,1451,1
4,1424,1452,1
4,1425,1453,1
4,1426,1454,1
4,1427,1455,1
4,1428,1456,1
4,1429,1457,1
4,1430,1458,1
4,1431,1459,1
4,1432,1460,1
4,1433,1461,1
4,1434,1462,1
4,1435,1463,1
4,1436,1464,1
4,1437,1465,1
4,1438,1466,1
4,1439,1467,1
4,1440,1468,1
4,1441,1469,1
4,1442,1470,1
4,1443,1471,1
4,1444,1472,1
4,1445,1473,1
4,1446,1474,1
4,1447,1475,1
4,1448,1476,1
4,1449,1477,1
4,1450,1478,1
4,1451,1479,1
4,1452,1480,1
4,1453,1481,1
4,1454,1482,1
4,1455,1483,1
4,1456,1484,1
4,1457,1485,1
4,1458,1486,1
4,1459,1487,1
4,1460,1488,1
4,1461,1489,1
4,1462,1490,1
4,1463,1491,1
4,1464,1492,1
4,1465,1493,1
4,1466,1494,1
4,1467,1495,1
4,1468,1496,1
4,1469,1497,1
4,1470,1498,1
4,1471,1499,1
4,1472,1500,1
4,1473,1501,1
4,1474,1502,1
4,1475,1503,1
4,1476,1504,1
4,1477,1505,1
4,1478,1506,1
4,1479,1507,1
4,1480,1508,1
4,1481,1509,1
4,1482,1510,1
4,1483,1511,1
4,1484,1512,1
4,1485,1513,1
4,1486,1514,1
4,1487,1515,1
4,1488,1516,1
4,1489,1517,1
4,1490,1518,1
4,1491,1519,1
4,1492,1520,1
4,1493,1521,1
4,1494,1522,1
4,1495,1523,1
4,1496,1524,1
4,1497,1525,1
4,1498,1526,1
4,1499,1527,1
4,1500,1528,1
5,0,28,1
5,1,29,1
5,2,30,1
5,3,31,1
5,4,32,1
5,5,33,1
5,6,34,1
5,7,35,1
5,8,36,1
5,9,37,1
5,10,38,1
5,11,39,1
5,12,40,1
5,13,41,1
5,14,42,1
5,15,43,1
5,16,44,1
5,17,45,1
5,18,46,1
5,19,47,1
5,20,48,1
5,21,49,1
5,22,50,1
5,23,51,1
5,24,52,1
5,25,53,1
5,26,54,1
5,27,55,1
5,28,56,1
5,29,57,1
5,30,58,1
5,31,59,1
5,32,60,1
5,33,61,1
5,34,62,1
5,35,63,1
5,36,64,1
5,37,65,1
5,38,66,1
5,39,67,1
5,40,68,1
5,41,69,1
5,42,70,1
5,43,71,1
5,44,72,1
5,45,73,1
5,46,74,1
5,47,75,1
5,48,76,1
5,49,77,1
5,50,78,1
5,51,79,1
5,52,80,1
5,53,81,1
5,54,82,1
5,55,83,1
5,56,84,1
5,57,85,1
5,58,86,1
5,59,87,1
5,60,88,1
5,61,89,1
5,62,90,1
5,63,91,1
5,64,92,1
5,65,93,1
5,66,94,1
5,67,95,1
5,68,96,1
5,69,97,1
5,70,98,1
5,71,99,1
5,72,100,1
5,73,101,1
5,74,102,1
5,75,103,1
5,76,104,1
5,77,105,1
5,78,106,1
5,79,107,1
5,80,108,1
5,81,109,1
5,82,110,1
5,83,111,1
5,84,112,1
5,85,113,1
5,86,114,1
5,87,115,1
5,88,116,1
5,89,117,1
5,90,118,1
5,91,119,1
5,92,120,1
5,93,121,1
5,94,122,1
5,95,123,1
5,96,124,1
5,97,125,1
5,98,126,1
5,99,127,1
5,100,128,1
5,101,129,1
5,102,130,1
5,103,131,1
5,104,132,1
5,105,133,1
5,106,134,1
5,107,135,1
5,108,136,1
5,109,137,1
5,110,138,1
5,111,139,1
5,112,140,1
5,113,141,1
5,114,142,1
5,115,143,1
5,116,144,1
5,117,145,1
5,118,146,1
5,119,147,1
5,120,148,1
5,121,149,1
5,122,150,1
5,123,151,1
5,124,152,1
5,125,153,1
5,126,154,1
5,127,155,1
5,128,156,1
5,129,157,1
5,130,158,1
5,131,159,1
5,132,160,1
5,133,161,1
5,134,162,1
5,135,163,1
5,136,164,1
5,137,165,1
5,138,166,1
5,139,167,1
5,140,168,1
5,141,169,1
5,142,170,1
5,143,171,1
5,144,172,1
5,145,173,1
5,146,174,1
5,147,175,1
5,148,176,1
5,149,177,1
5,150,178,1
5,151,179,1
5,152,180,1
5,153,181,1
5,154,182,1
5,155,183,1
5,156,184,1
5,157,185,1
5,158,186,1
5,159,187,1
5,160,188,1
5,161,189,1
5,162,190,1
5,163,191,1
5,164,192,1
5,165,193,1
5,166,194,1
5,167,195,1
5,168,196,1
5,169,197,1
5,170,198,1
5,171,199,1
5,172,200,1
5,173,201,1
5,174,202,1
5,175,203,1
5,176,204,1
5,177,205,1
5,178,206,1
5,179,207,1
5,180,208,1
5,181,209,1
5,182,210,1
5,183,211,1
5,184,212,1
5,185,213,1
5,186,214,1
5,187,215,1
5,188,216,1
5,189,217,1
5,190,218,1
5,191,219,1
5,192,220,1
5,193,221,1
5,194,222,1
5,195,223,1
5,196,224,1
5,197,225,1
5,198,226,1
5,199,227,1
5,200,228,1
5,201,229,1
5,202,230,1
5,203,231,1
5,204,232,1
5,205,233,1
5,206,234,1
5,207,235,1
5,208,236,1
5,209,237,1
5,210,238,1
5,211,239,1
5,212,240,1
5,213,241,1
5,214,242,1
5,215,243,1
5,216,244,1
5,217,245,1
5,218,246,1
5,219,247,1
5,220,248,1
5,221,249,1
5,222,250,1
5,223,251,1
5,224,252,1
5,225,253,1
5,226,254,1
5,227,255,1
5,228,256,1
5,229,257,1
5,230,258,1
5,231,259,1
5,232,260,1
5,233,261,1
5,234,262,1
5,235,263,1
5,236,264,1
5,237,265,1
5,238,266,1
5,239,267,1
5,240,268,1
5,241,269,1
5,242,270,1
5,243,271,1
5,244,272,1
5,245,273,1
5,246,274,1
5,247,275,1
5,248,276,1
5,249,277,1
5,250,278,1
5,251,279,1
5,252,280,1
5,253,281,1
5,254,282,1
5,255,283,1
5,256,284,1
5,257,285,1
5,258,286,1
5,259,287,1
5,260,288,1
5,261,289,1
5,262,290,1
5,263,291,1
5,264,292,1
5,265,293,1
5,266,294,1
5,267,295,1
5,268,296,1
5,269,297,1
5,270,298,1
5,271,299,1
5,272,300,1
5,273,301,1
5,274,302,1
5,275,303,1
5,276,304,1
5,277,305,1
5,278,306,1
5,279,307,1
5,280,308,1
5,281,309,1
5,282,310,1
5,283,311,1
5,284,312,1
5,285,313,1
5,286,314,1
5,287,315,1
5,288,316,1
5,289,317,1
5,290,318,1
5,291,319,1
5,292,320,1
5,293,321,1
5,294,322,1
5,295,323,1
5,296,324,1
5,297,325,1
5,298,326,1
5,299,327,1
5,300,328,1
5,301,329,1
5,302,330,1
5,303,331,1
5,304,332,1
5,305,333,1
5,306,334,1
5,307,335,1
5,308,336,1
5,309,337,1
5,310,338,1
5,311,339,1
5,312,340,1
5,313,341,1
5,314,342,1
5,315,343,1
5,316,344,1
5,317,345,1
5,318,346,1
5,319,347,1
5,320,348,1
5,321,349,1
5,322,350,1
5,323,351,1
5,324,352,1
5,325,353,1
5,326,354,1
5,327,355,1
5,328,356,1
5,329,357,1
5,330,358,1
5,331,359,1
5,332,360,1
5,333,361,1
5,334,362,1
5,335,363,1
5,336,364,1
5,337,365,1
5,338,366,1
5,339,367,1
5,340,368,1
5,341,369,1
5,342,370,1
5,343,371,1
5,344,372,1
5,345,373,1
5,346,374,1
5,347,375,1
5,348,376,1
5,349,377,1
5,350,378,1
5,351,379,1
5,352,380,1
5,353,381,1
5,354,382,1
5,355,383,1
5,356,384,1
5,357,385,1
5,358,386,1
5,359,387,1
5,360,388,1
5,361,389,1
5,362,390,1
5,363,391,1
5,364,392,1
5,365,393,1
5,366,394,1
5,367,395,1
5,368,396,1
5,369,397,1
5,370,398,1
5,371,399,1
5,372,400,1
5,373,401,1
5,374,402,1
5,375,403,1
5,376,404,1
5,377,405,1
5,378,406,1
5,379,407,1
5,380,408,1
5,381,409,1
5,382,410,1
5,383,411,1
5,384,412,1
5,385,413,1
5,386,414,1
5,387,415,1
5,388,416,1
5,389,417,1
5,390,418,1
5,391,419,1
5,392,420,1
5,393,421,1
5,394,422,1
5,395,423,1
5,396,424,1
5,397,425,1
5,398,426,1
5,399,427,1
5,400,428,1
5,401,429,1
5,402,430,1
5,403,431,1
5,404,432,1
5,405,433,1
5,406,434,1
5,407,435,1
5,408,436,1
5,409,437,1
5,410,438,1
5,411,439,1
5,412,440,1
5,413,441,1
5,414,442,1
5,415,443,1
5,416,444,1
5,417,445,1
5,418,446,1
5,419,447,1
5,420,448,1
5,421,449,1
5,422,450,1
5,423,451,1
5,424,452,1
5,425,453,1
5,426,454,1
5,427,455,1
5,428,456,1
5,429,457,1
5,430,458,1
5,431,459,1
5,432,460,1
5,433,461,1
5,434,462,1
5,435,463,1
5,436,464,1
5,437,465,1
5,438,466,1
5,439,467,1
5,440,468,1
5,441,469,1
5,442,470,1
5,443,471,1
5,444,472,1
5,445,473,1
5,446,474,1
5,447,475,1
5,448,476,1
5,449,477,1
5,450,478,1
5,451,479,1
5,452,480,1
5,453,481,1
5,454,482,1
5,455,483,1
5,456,484,1
5,457,485,1
5,458,486,1
5,459,487,1
5,460,488,1
5,461,489,1
5,462,490,1
5,463,491,1
5,464,492,1
5,465,493,1
5,466,494,1
5,467,495,1
5,468,496,1
5,469,497,1
5,470,498,1
5,471,499,1
5,472,500,1
5,473,501,1
5,474,502,1
5,475,503,1
5,476,504,1
5,477,505,1
5,478,506,1
5,479,507,1
5,480,508,1
5,481,509,1
5,482,510,1
5,483,511,1
5,484,512,1
5,485,513,1
5,486,514,1
5,487,515,1
5,488,516,1
5,489,517,1
5,490,518,1
5,491,519,1
5,492,520,1
5,493,521,1
5,494,522,1
5,495,523,1
5,496,524,1
5,497,525,1
5,498,526,1
5,499,527,1
5,500,528,1
5,501,529,1
5,502,530,1
5,503,531,1
5,504,532,1
5,505,533,1
5,506,534,1
5,507,535,1
5,508,536,1
5,509,537,1
5,510,538,1
5,511,539,1
5,512,540,1
5,513,541,1
5,514,542,1
5,515,543,1
5,516,544,1
5,517,545,1
5,518,546,1
5,519,547,1
5,520,548,1
5,521,549,1
5,522,550,1
5,523,551,1
5,524,552,1
5,525,553,1
5,526,554,1
5,527,555,1
5,528,556,1
5,529,557,1
5,530,558,1
5,531,559,1
5,532,560,1
5,533,561,1
5,534,562,1
5,535,563,1
5,536,564,1
5,537,565,1
5,538,566,1
5,539,567,1
5,540,568,1
5,541,569,1
5,542,570,1
5,543,571,1
5,544,572,1
5,545,573,1
5,546,574,1
5,547,575,1
5,548,576,1
5,549,577,1
5,550,578,1
5,551,579,1
5,552,580,1
5,553,581,1
5,554,582,1
5,555,583,1
5,556,584,1
5,557,585,1
5,558,586,1
5,559,587,1
5,560,588,1
5,561,589,1
5,562,590,1
5,563,591,1
5,564,592,1
5,565,593,1
5,566,594,1
5,567,595,1
5,568,596,1
5,569,597,1
5,570,598,1
5,571,599,1
5,572,600,1
5,573,601,1
5,574,602,1
5,575,603,1
5,576,604,1
5,577,605,1
5,578,606,1
5,579,607,1
5,580,608,1
5,581,609,1
5,582,610,1
5,583,611,1
5,584,612,1
5,585,613,1
5,586,614,1
5,587,615,1
5,588,616,1
5,589,617,1
5,590,618,1
5,591,619,1
5,592,620,1
5,593,621,1
5,594,622,1
5,595,623,1
5,596,624,1
5,597,625,1
5,598,626,1
5,599,627,1
5,600,628,1
5,601,629,1
5,602,630,1
5,603,631,1
5,604,632,1
5,605,633,1
5,606,634,1
5,607,635,1
5,608,636,1
5,609,637,1
5,610,638,1
5,611,639,1
5,612,640,1
5,613,641,1
5,614,642,1
5,615,643,1
5,616,644,1
5,617,645,1
5,618,646,1
5,619,647,1
5,620,648,1
5,621,649,1
5,622,650,1
5,623,651,1
5,624,652,1
5,625,653,1
5,626,654,1
5,627,655,1
5,628,656,1
5,629,657,1
5,630,658,1
5,631,659,1
5,632,660,1
5,633,661,1
5,634,662,1
5,635,663,1
5,636,664,1
5,637,665,1
5,638,666,1
5,639,667,1
5,640,668,1
5,641,669,1
5,642,670,1
5,643,671,1
5,644,672,1
5,645,673,1
5,646,674,1
5,647,675,1
5,648,676,1
5,649,677,1
5,650,678,1
5,651,679,1
5,652,680,1
5,653,681,1
5,654,682,1
5,655,683,1
5,656,684,1
5,657,685,1
5,658,686,1
5,659,687,1
5,660,688,1
5,661,689,1
5,662,690,1
5,663,691,1
5,664,692,1
5,665,693,1
5,666,694,1
5,667,695,1
5,668,696,1
5,669,697,1
5,670,698,1
5,671,699,1
5,672,700,1
5,673,701,1
5,674,702,1
5,675,703,1
5,676,704,1
5,677,705,1
5,678,706,1
5,679,707,1
5,680,708,1
5,681,709,1
5,682,710,1
5,683,711,1
5,684,712,1
5,685,713,1
5,686,714,1
5,687,715,1
5,688,716,1
5,689,717,1
5,690,718,1
5,691,719,1
5,692,720,1
5,693,721,1
5,694,722,1
5,695,723,1
5,696,724,1
5,697,725,1
5,698,726,1
5,699,727,1
5,700,728,1
5,701,729,1
5,702,730,1
5,703,731,1
5,704,732,1
5,705,733,1
5,706,734,1
5,707,735,1
5,708,736,1
5,709,737,1
5,710,738,1
5,711,739,1
5,712,740,1
5,713,741,1
5,714,742,1
5,715,743,1
5,716,744,1
5,717,745,1
5,718,746,1
5,719,747,1
5,720,748,1
5,721,749,1
5,722,750,1
5,723,751,1
5,724,752,1
5,725,753,1
5,726,754,1
5,727,755,1
5,728,756,1
5,729,757,1
5,730,758,1
5,731,759,1
5,732,760,1
5,733,761,1
5,734,762,1
5,735,763,1
5,736,764,1
5,737,765,1
5,738,766,1
5,739,767,1
5,740,768,1
5,741,769,1
5,742,770,1
5,743,771,1
5,744,772,1
5,745,773,1
5,746,774,1
5,747,775,1
5,748,776,1
5,749,777,1
5,750,778,1
5,751,779,1
5,752,780,1
5,753,781,1
5,754,782,1
5,755,783,1
5,756,784,1
5,757,785,1
5,758,786,1
5,759,787,1
5,760,788,1
5,761,789,1
5,762,790,1
5,763,791,1
5,764,792,1
5,765,793,1
5,766,794,1
5,767,795,1
5,768,796,1
5,769,797,1
5,770,798,1
5,771,799,1
5,772,800,1
5,773,801,1
5,774,802,1
5,775,803,1
5,776,804,1
5,777,805,1
5,778,806,1
5,779,807,1
5,780,808,1
5,781,809,1
5,782,810,1
5,783,811,1
5,784,812,1
5,785,813,1
5,786,814,1
5,787,815,1
5,788,816,1
5,789,817,1
5,790,818,1
5,791,819,1
5,792,820,1
5,793,821,1
5,794,822,1
5,795,823,1
5,796,824,1
5,797,825,1
5,798,826,1
5,799,827,1
5,800,828,1
5,801,829,1
5,802,830,1
5,803,831,1
5,804,832,1
5,805,833,1
5,806,834,1
5,807,835,1
5,808,836,1
5,809,837,1
5,810,838,1
5,811,839,1
5,812,840,1
5,813,841,1
5,814,842,1
5,815,843,1
5,816,844,1
5,817,845,1
5,818,846,1
5,819,847,1
5,820,848,1
5,821,849,1
5,822,850,1
5,823,851,1
5,824,852,1
5,825,853,1
5,826,854,1
5,827,855,1
5,828,856,1
5,829,857,1
5,830,858,1
5,831,859,1
5,832,860,1
5,833,861,1
5,834,862,1
5,835,863,1
5,836,864,1
5,837,865,1
5,838,866,1
5,839,867,1
5,840,868,1
5,841,869,1
5,842,870,1
5,843,871,1
5,844,872,1
5,845,873,1
5,846,874,1
5,847,875,1
5,848,876,1
5,849,877,1
5,850,878,1
5,851,879,1
5,852,880,1
5,853,881,1
5,854,882,1
5,855,883,1
5,856,884,1
5,857,885,1
5,858,886,1
5,859,887,1
5,860,888,1
5,861,889,1
5,862,890,1
5,863,891,1
5,864,892,1
5,865,893,1
5,866,894,1
5,867,895,1
5,868,896,1
5,869,897,1
5,870,898,1
5,871,899,1
5,872,900,1
5,873,901,1
5,874,902,1
5,875,903,1
5,876,904,1
5,877,905,1
5,878,906,1
5,879,907,1
5,880,908,1
5,881,909,1
5,882,910,1
5,883,911,1
5,884,912,1
5,885,913,1
5,886,914,1
5,887,915,1
5,888,916,1
5,889,917,1
5,890,918,1
5,891,919,1
5,892,920,1
5,893,921,1
5,894,922,1
5,895,923,1
5,896,924,1
5,897,925,1
5,898,926,1
5,899,927,1
5,900,928,1
5,901,929,1
5,902,930,1
5,903,931,1
5,904,932,1
5,905,933,1
5,906,934,1
5,907,935,1
5,908,936,1
5,909,937,1
5,910,938,1
5,911,939,1
5,912,940,1
5,913,941,1
5,914,942,1
5,915,943,1
5,916,944,1
5,917,945,1
5,918,946,1
5,919,947,1
5,920,948,1
5,921,949,1
5,922,950,1
5,923,951,1
5,924,952,1
5,925,953,1
5,926,954,1
5,927,955,1
5,928,956,1
5,929,957,1
5,930,958,1
5,931,959,1
5,932,960,1
5,933,961,1
5,934,962,1
5,935,963,1
5,936,964,1
5,937,965,1
5,938,966,1
5,939,967,1
5,940,968,1
5,941,969,1
5,942,970,1
5,943,971,1
5,944,972,1
5,945,973,1
5,946,974,1
5,947,975,1
5,948,976,1
5,949,977,1
5,950,978,1
5,951,979,1
5,952,980,1
5,953,981,1
5,954,982,1
5,955,983,1
5,956,984,1
5,957,985,1
5,958,986,1
5,959,987,1
5,960,988,1
5,961,989,1
5,962,990,1
5,963,991,1
5,964,992,1
5,965,993,1
5,966,994,1
5,967,995,1
5,968,996,1
5,969,997,1
5,970,998,1
5,971,999,1
5,972,1000,1
5,973,1001,1
5,974,1002,1
5,975,1003,1
5,976,1004,1
5,977,1005,1
5,978,1006,1
5,979,1007,1
5,980,1008,1
5,981,1009,1
5,982,1010,1
5,983,1011,1
5,984,1012,1
5,985,1013,1
5,986,1014,1
5,987,1015,1
5,988,1016,1
5,989,1017,1
5,990,1018,1
5,991,1019,1
5,992,1020,1
5,993,1021,1
5,994,1022,1
5,995,1023,1
5,996,1024,1
5,997,1025,1
5,998,1026,1
5,999,1027,1
5,1000,1028,1
5,1001,1029,1
5,1002,1030,1
5,1003,1031,1
5,1004,1032,1
5,1005,1033,1
5,1006,1034,1
5,1007,1035,1
5,1008,1036,1
5,1009,1037,1
5,1010,1038,1
5,1011,1039,1
5,1012,1040,1
5,1013,1041,1
5,1014,1042,1
5,1015,1043,1
5,1016,1044,1
5,1017,1045,1
5,1018,1046,1
5,1019,1047,1
5,1020,1048,1
5,1021,1049,1
5,1022,1050,1
5,1023,1051,1
5,1024,1052,1
5,1025,1053,1
5,1026,1054,1
5,1027,1055,1
5,1028,1056,1
5,1029,1057,1
5,1030,1058,1
5,1031,1059,1
5,1032,1060,1
5,1033,1061,1
5,1034,1062,1
5,1035,1063,1
5,1036,1064,1
5,1037,1065,1
5,1038,1066,1
5,1039,1067,1
5,1040,1068,1
5,1041,1069,1
5,1042,1070,1
5,1043,1071,1
5,1044,1072,1
5,1045,1073,1
5,1046,1074,1
5,1047,1075,1
5,1048,1076,1
5,1049,1077,1
5,1050,1078,1
5,1051,1079,1
5,1052,1080,1
5,1053,1081,1
5,1054,1082,1
5,1055,1083,1
5,1056,1084,1
5,1057,1085,1
5,1058,1086,1
5,1059,1087,1
5,1060,1088,1
5,1061,1089,1
5,1062,1090,1
5,1063,1091,1
5,1064,1092,1
5,1065,1093,1
5,1066,1094,1
5,1067,1095,1
5,1068,1096,1
5,1069,1097,1
5,1070,1098,1
5,1071,1099,1
5,1072,1100,1
5,1073,1101,1
5,1074,1102,1
5,1075,1103,1
5,1076,1104,1
5,1077,1105,1
5,1078,1106,1
5,1079,1107,1
5,1080,1108,1
5,1081,1109,1
5,1082,1110,1
5,1083,1111,1
5,1084,1112,1
5,1085,1113,1
5,1086,1114,1
5,1087,1115,1
5,1088,1116,1
5,1089,1117,1
5,1090,1118,1
5,1091,1119,1
5,1092,1120,1
5,1093,1121,1
5,1094,1122,1
5,1095,1123,1
5,1096,1124,1
5,1097,1125,1
5,1098,1126,1
5,1099,1127,1
5,1100,1128,1
5,1101,1129,1
5,1102,1130,1
5,1103,1131,1
5,1104,1132,1
5,1105,1133,1
5,1106,1134,1
5,1107,1135,1
5,1108,1136,1
5,1109,1137,1
5,1110,1138,1
5,1111,1139,1
5,1112,1140,1
5,1113,1141,1
5,1114,1142,1
5,1115,1143,1
5,1116,1144,1
5,1117,1145,1
5,1118,1146,1
5,1119,1147,1
5,1120,1148,1
5,1121,1149,1
5,1122,1150,1
5,1123,1151,1
5,1124,1152,1
5,1125,1153,1
5,1126,1154,1
5,1127,1155,1
5,1128,1156,1
5,1129,1157,1
5,1130,1158,1
5,1131,1159,1
5,1132,1160,1
5,1133,1161,1
5,1134,1162,1
5,1135,1163,1
5,1136,1164,1
5,1137,1165,1
5,1138,1166,1
5,1139,1167,1
5,1140,1168,1
5,1141,1169,1
5,1142,1170,1
5,1143,1171,1
5,1144,1172,1
5,1145,1173,1
5,1146,1174,1
5,1147,1175,1
5,1148,1176,1
5,1149,1177,1
5,1150,1178,1
5,1151,1179,1
5,1152,1180,1
5,1153,1181,1
5,1154,1182,1
5,1155,1183,1
5,1156,1184,1
5,1157,1185,1
5,1158,1186,1
5,1159,1187,1
5,1160,1188,1
5,1161,1189,1
5,1162,1190,1
5,1163,1191,1
5,1164,1192,1
5,1165,1193,1
5,1166,1194,1
5,1167,1195,1
5,1168,1196,1
5,1169,1197,1
5,1170,1198,1
5,1171,1199,1
5,1172,1200,1
5,1173,1201,1
5,1174,1202,1
5,1175,1203,1
5,1176,1204,1
5,1177,1205,1
5,1178,1206,1
5,1179,1207,1
5,1180,1208,1
5,1181,1209,1
5,1182,1210,1
5,1183,1211,1
5,1184,1212,1
5,1185,1213,1
5,1186,1214,1
5,1187,1215,1
5,1188,1216,1
5,1189,1217,1
5,1190,1218,1
5,1191,1219,1
5,1192,1220,1
5,1193,1221,1
5,1194,1222,1
5,1195,1223,1
5,1196,1224,1
5,1197,1225,1
5,1198,1226,1
5,1199,1227,1
5,1200,1228,1
5,1201,1229,1
5,1202,1230,1
5,1203,1231,1
5,1204,1232,1
5,1205,1233,1
5,1206,1234,1
5,1207,1235,1
5,1208,1236,1
5,1209,1237,1
5,1210,1238,1
5,1211,1239,1
5,1212,1240,1
5,1213,1241,1
5,1214,1242,1
5,1215,1243,1
5,1216,1244,1
5,1217,1245,1
5,1218,1246,1
5,1219,1247,1
5,1220,1248,1
5,1221,1249,1
5,1222,1250,1
5,1223,1251,1
5,1224,1252,1
5,1225,1253,1
5,1226,1254,1
5,1227,1255,1
5,1228,1256,1
5,1229,1257,1
5,1230,1258,1
5,1231,1259,1
5,1232,1260,1
5,1233,1261,1
5,1234,1262,1
5,1235,1263,1
5,1236,1264,1
5,1237,1265,1
5,1238,1266,1
5,1239,1267,1
5,1240,1268,1
5,1241,1269,1
5,1242,1270,1
5,1243,1271,1
5,1244,1272,1
5,1245,1273,1
5,1246,1274,1
5,1247,1275,1
5,1248,1276,1
5,1249,1277,1
5,1250,1278,1
5,1251,1279,1
5,1252,1280,1
5,1253,1281,1
5,1254,1282,1
5,1255,1283,1
5,1256,1284,1
5,1257,1285,1
5,1258,1286,1
5,1259,1287,1
5,1260,1288,1
5,1261,1289,1
5,1262,1290,1
5,1263,1291,1
5,1264,1292,1
5,1265,1293,1
5,1266,1294,1
5,1267,1295,1
5,1268,1296,1
5,1269,1297,1
5,1270,1298,1
5,1271,1299,1
5,1272,1300,1
5,1273,1301,1
5,1274,1302,1
5,1275,1303,1
5,1276,1304,1
5,1277,1305,1
5,1278,1306,1
5,1279,1307,1
5,1280,1308,1
5,1281,1309,1
5,1282,1310,1
5,1283,1311,1
5,1284,1312,1
5,1285,1313,1
5,1286,1314,1
5,1287,1315,1
5,1288,1316,1
5,1289,1317,1
5,1290,1318,1
5,1291,1319,1
5,1292,1320,1
5,1293,1321,1
5,1294,1322,1
5,1295,1323,1
5,1296,1324,1
5,1297,1325,1
5,1298,1326,1
5,1299,1327,1
5,1300,1328,1
5,1301,1329,1
5,1302,1330,1
5,1303,1331,1
5,1304,1332,1
5,1305,1333,1
5,1306,1334,1
5,1307,1335,1
5,1308,1336,1
5,1309,1337,1
5,1310,1338,1
5,1311,1339,1
5,1312,1340,1
5,1313,1341,1
5,1314,1342,1
5,1315,1343,1
5,1316,1344,1
5,1317,1345,1
5,1318,1346,1
5,1319,1347,1
5,1320,1348,1
5,1321,1349,1
5,1322,1350,1
5,1323,1351,1
5,1324,1352,1
5,1325,1353,1
5,1326,1354,1
5,1327,1355,1
5,1328,1356,1
5,1329,1357,1
5,1330,1358,1
5,1331,1359,1
5,1332,1360,1
5,1333,1361,1
5,1334,1362,1
5,1335,1363,1
5,1336,1364,1
5,1337,1365,1
5,1338,1366,1
5,1339,1367,1
5,1340,1368,1
5,1341,1369,1
5,1342,1370,1
5,1343,1371,1
5,1344,1372,1
5,1345,1373,1
5,1346,1374,1
5,1347,1375,1
5,1348,1376,1
5,1349,1377,1
5,1350,1378,1
5,1351,1379,1
5,1352,1380,1
5,1353,1381,1
5,1354,1382,1
5,1355,1383,1
5,1356,1384,1
5,1357,1385,1
5,1358,1386,1
5,1359,1387,1
5,1360,1388,1
5,1361,1389,1
5,1362,1390,1
5,1363,1391,1
5,1364,1392,1
5,1365,1393,1
5,1366,1394,1
5,1367,1395,1
5,1368,1396,1
5,1369,1397,1
5,1370,1398,1
5,1371,1399,1
5,1372,1400,1
5,1373,1401,1
5,1374,1402,1
5,1375,1403,1
5,1376,1404,1
5,1377,1405,1
5,1378,1406,1
5,1379,1407,1
5,1380,1408,1
5,1381,1409,1
5,1382,1410,1
5,1383,1411,1
5,1384,1412,1
5,1385,1413,1
5,1386,1414,1
5,1387,1415,1
5,1388,1416,1
5,1389,1417,1
5,1390,1418,1
5,1391,1419,1
5,1392,1420,1
5,1393,1421,1
5,1394,1422,1
5,1395,1423,1
5,1396,1424,1
5,1397,1425,1
5,1398,1426,1
5,1399,1427,1
5,1400,1428,1
5,1401,1429,1
5,1402,1430,1
5,1403,1431,1
5,1404,1432,1
5,1405,1433,1
5,1406,1434,1
5,1407,1435,1
5,1408,1436,1
5,1409,1437,1
5,1410,1438,1
5,1411,1439,1
5,1412,1440,1
5,1413,1441,1
5,1414,1442,1
5,1415,1443,1
5,1416,1444,1
5,1417,1445,1
5,1418,1446,1
5,1419,1447,1
5,1420,1448,1
5,1421,1449,1
5,1422,1450,1
5,1423,1451,1
5,1424,1452,1
5,1425,1453,1
5,1426,1454,1
5,1427,1455,1
5,1428,1456,1
5,1429,1457,1
5,1430,1458,1
5,1431,1459,1
5,1432,1460,1
5,1433,1461,1
5,1434,1462,1
5,1435,1463,1
5,1436,1464,1
5,1437,1465,1
5,1438,1466,1
5,1439,1467,1
5,1440,1468,1
5,1441,1469,1
5,1442,1470,1
5,1443,1471,1
5,1444,1472,1
5,1445,1473,1
5,1446,1474,1
5,1447,1475,1
5,1448,1476,1
5,1449,1477,1
5,1450,1478,1
5,1451,1479,1
5,1452,1480,1
5,1453,1481,1
5,1454,1482,1
5,1455,1483,1
5,1456,1484,1
5,1457,1485,1
5,1458,1486,1
5,1459,1487,1
5,1460,1488,1
5,1461,1489,1
5,1462,1490,1
5,1463,1491,1
5,1464,1492,1
5,1465,1493,1
5,1466,1494,1
5,1467,1495,1
5,1468,1496,1
5,1469,1497,1
5,1470,1498,1
5,1471,1499,1
5,1472,1500,1
5,1473,1501,1
5,1474,1502,1
5,1475,1503,1
5,1476,1504,1
5,1477,1505,1
5,1478,1506,1
5,1479,1507,1
5,1480,1508,1
5,1481,1509,1
5,1482,1510,1
5,1483,1511,1
5,1484,1512,1
5,1485,1513,1
5,1486,1514,1
5,1487,1515,1
5,1488,1516,1
5,1489,1517,1
5,1490,1518,1
5,1491,1519,1
5,1492,1520,1
5,1493,1521,1
5,1494,1522,1
5,1495,1523,1
5,1496,1524,1
5,1497,1525,1
5,1498,1526,1
5,1499,1527,1
5,1500,1528,1
6,0,28,1
6,1,29,1
6,2,30,1
6,3,31,1
6,4,32,1
6,5,33,1
6,6,34,1
6,7,35,1
6,8,36,1
6,9,37,1
6,10,38,1
6,11,39,1
6,12,40,1
6,13,41,1
6,14,42,1
6,15,43,1
6,16,44,1
6,17,45,1
6,18,46,1
6,19,47,1
6,20,48,1
6,21,49,1
6,22,50,1
6,23,51,1
6,24,52,1
6,25,53,1
6,26,54,1
6,27,55,1
6,28,56,1
6,29,57,1
6,30,58,1
6,31,59,1
6,32,60,1
6,33,61,1
6,34,62,1
6,35,63,1
6,36,64,1
6,37,65,1
6,38,66,1
6,39,67,1
6,40,68,1
6,41,69,1
6,42,70,1
6,43,71,1
6,44,72,1
6,45,73,1
6,46,74,1
6,47,75,1
6,48,76,1
6,49,77,1
6,50,78,1
6,51,79,1
6,52,80,1
6,53,81,1
6,54,82,1
6,55,83,1
6,56,84,1
6,57,85,1
6,58,86,1
6,59,87,1
6,60,88,1
6,61,89,1
6,62,90,1
6,63,91,1
6,64,92,1
6,65,93,1
6,66,94,1
6,67,95,1
6,68,96,1
6,69,97,1
6,70,98,1
6,71,99,1
6,72,100,1
6,73,101,1
6,74,102,1
6,75,103,1
6,76,104,1
6,77,105,1
6,78,106,1
6,79,107,1
6,80,108,1
6,81,109,1
6,82,110,1
6,83,111,1
6,84,112,1
6,85,113,1
6,86,114,1
6,87,115,1
6,88,116,1
6,89,117,1
6,90,118,1
6,91,119,1
6,92,120,1
6,93,121,1
6,94,122,1
6,95,123,1
6,96,124,1
6,97,125,1
6,98,126,1
6,99,127,1
6,100,128,1
6,101,129,1
6,102,130,1
6,103,131,1
6,104,132,1
6,105,133,1
6,106,134,1
6,107,135,1
6,108,136,1
6,109,137,1
6,110,138,1
6,111,139,1
6,112,140,1
6,113,141,1
6,114,142,1
6,115,143,1
6,116,144,1
6,117,145,1
6,118,146,1
6,119,147,1
6,120,148,1
6,121,149,1
6,122,150,1
6,123,151,1
6,124,152,1
6,125,153,1
6,126,154,1
6,127,155,1
6,128,156,1
6,129,157,1
6,130,158,1
6,131,159,1
6,132,160,1
6,133,161,1
6,134,162,1
6,135,163,1
6,136,164,1
6,137,165,1
6,138,166,1
6,139,167,1
6,140,168,1
6,141,169,1
6,142,170,1
6,143,171,1
6,144,172,1
6,145,173,1
6,146,174,1
6,147,175,1
6,148,176,1
6,149,177,1
6,150,178,1
6,151,179,1
6,152,180,1
6,153,181,1
6,154,182,1
6,155,183,1
6,156,184,1
6,157,185,1
6,158,186,1
6,159,187,1
6,160,188,1
6,161,189,1
6,162,190,1
6,163,191,1
6,164,192,1
6,165,193,1
6,166,194,1
6,167,195,1
6,168,196,1
6,169,197,1
6,170,198,1
6,171,199,1
6,172,200,1
6,173,201,1
6,174,202,1
6,175,203,1
6,176,204,1
6,177,205,1
6,178,206,1
6,179,207,1
6,180,208,1
6,181,209,1
6,182,210,1
6,183,211,1
6,184,212,1
6,185,213,1
6,186,214,1
6,187,215,1
6,188,216,1
6,189,217,1
6,190,218,1
6,191,219,1
6,192,220,1
6,193,221,1
6,194,222,1
6,195,223,1
6,196,224,1
6,197,225,1
6,198,226,1
6,199,227,1
6,200,228,1
6,201,229,1
6,202,230,1
6,203,231,1
6,204,232,1
6,205,233,1
6,206,234,1
6,207,235,1
6,208,236,1
6,209,237,1
6,210,238,1
6,211,239,1
6,212,240,1
6,213,241,1
6,214,242,1
6,215,243,1
6,216,244,1
6,217,245,1
6,218,246,1
6,219,247,1
6,220,248,1
6,221,249,1
6,222,250,1
6,223,251,1
6,224,252,1
6,225,253,1
6,226,254,1
6,227,255,1
6,228,256,1
6,229,257,1
6,230,258,1
6,231,259,1
6,232,260,1
6,233,261,1
6,234,262,1
6,235,263,1
6,236,264,1
6,237,265,1
6,238,266,1
6,239,267,1
6,240,268,1
6,241,269,1
6,242,270,1
6,243,271,1
6,244,272,1
6,245,273,1
6,246,274,1
6,247,275,1
6,248,276,1
6,249,277,1
6,250,278,1
6,251,279,1
6,252,280,1
6,253,281,1
6,254,282,1
6,255,283,1
6,256,284,1
6,257,285,1
6,258,286,1
6,259,287,1
6,260,288,1
6,261,289,1
6,262,290,1
6,263,291,1
6,264,292,1
6,265,293,1
6,266,294,1
6,267,295,1
6,268,296,1
6,269,297,1
6,270,298,1
6,271,299,1
6,272,300,1
6,273,301,1
6,274,302,1
6,275,303,1
6,276,304,1
6,277,305,1
6,278,306,1
6,279,307,1
6,280,308,1
6,281,309,1
6,282,310,1
6,283,311,1
6,284,312,1
6,285,313,1
6,286,314,1
6,287,315,1
6,288,316,1
6,289,317,1
6,290,318,1
6,291,319,1
6,292,320,1
6,293,321,1
6,294,322,1
6,295,323,1
6,296,324,1
6,297,325,1
6,298,326,1
6,299,327,1
6,300,328,1
6,301,329,1
6,302,330,1
6,303,331,1
6,304,332,1
6,305,333,1
6,306,334,1
6,307,335,1
6,308,336,1
6,309,337,1
6,310,338,1
6,311,339,1
6,312,340,1
6,313,341,1
6,314,342,1
6,315,343,1
6,316,344,1
6,317,345,1
6,318,346,1
6,319,347,1
6,320,348,1
6,321,349,1
6,322,350,1
6,323,351,1
6,324,352,1
6,325,353,1
6,326,354,1
6,327,355,1
6,328,356,1
6,329,357,1
6,330,358,1
6,331,359,1
6,332,360,1
6,333,361,1
6,334,362,1
6,335,363,1
6,336,364,1
6,337,365,1
6,338,366,1
6,339,367,1
6,340,368,1
6,341,369,1
6,342,370,1
6,343,371,1
6,344,372,1
6,345,373,1
6,346,374,1
6,347,375,1
6,348,376,1
6,349,377,1
6,350,378,1
6,351,379,1
6,352,380,1
6,353,381,1
6,354,382,1
6,355,383,1
6,356,384,1
6,357,385,1
6,358,386,1
6,359,387,1
6,360,388,1
6,361,389,1
6,362,390,1
6,363,391,1
6,364,392,1
6,365,393,1
6,366,394,1
6,367,395,1
6,368,396,1
6,369,397,1
6,370,398,1
6,371,399,1
6,372,400,1
6,373,401,1
6,374,402,1
6,375,403,1
6,376,404,1
6,377,405,1
6,378,406,1
6,379,407,1
6,380,408,1
6,381,409,1
6,382,410,1
6,383,411,1
6,384,412,1
6,385,413,1
6,386,414,1
6,387,415,1
6,388,416,1
6,389,417,1
6,390,418,1
6,391,419,1
6,392,420,1
6,393,421,1
6,394,422,1
6,395,423,1
6,396,424,1
6,397,425,1
6,398,426,1
6,399,427,1
6,400,428,1
6,401,429,1
6,402,430,1
6,403,431,1
6,404,432,1
6,405,433,1
6,406,434,1
6,407,435,1
6,408,436,1
6,409,437,1
6,410,438,1
6,411,439,1
6,412,440,1
6,413,441,1
6,414,442,1
6,415,443,1
6,416,444,1
6,417,445,1
6,418,446,1
6,419,447,1
6,420,448,1
6,421,449,1
6,422,450,1
6,423,451,1
6,424,452,1
6,425,453,1
6,426,454,1
6,427,455,1
6,428,456,1
6,429,457,1
6,430,458,1
6,431,459,1
6,432,460,1
6,433,461,1
6,434,462,1
6,435,463,1
6,436,464,1
6,437,465,1
6,438,466,1
6,439,467,1
6,440,468,1
6,441,469,1
6,442,470,1
6,443,471,1
6,444,472,1
6,445,473,1
6,446,474,1
6,447,475,1
6,448,476,1
6,449,477,1
6,450,478,1
6,451,479,1
6,452,480,1
6,453,481,1
6,454,482,1
6,455,483,1
6,456,484,1
6,457,485,1
6,458,486,1
6,459,487,1
6,460,488,1
6,461,489,1
6,462,490,1
6,463,491,1
6,464,492,1
6,465,493,1
6,466,494,1
6,467,495,1
6,468,496,1
6,469,497,1
6,470,498,1
6,471,499,1
6,472,500,1
6,473,501,1
6,474,502,1
6,475,503,1
6,476,504,1
6,477,505,1
6,478,506,1
6,479,507,1
6,480,508,1
6,481,509,1
6,482,510,1
6,483,511,1
6,484,512,1
6,485,513,1
6,486,514,1
6,487,515,1
6,488,516,1
6,489,517,1
6,490,518,1
6,491,519,1
6,492,520,1
6,493,521,1
6,494,522,1
6,495,523,1
6,496,524,1
6,497,525,1
6,498,526,1
6,499,527,1
6,500,528,1
6,501,529,1
6,502,530,1
6,503,531,1
6,504,532,1
6,505,533,1
6,506,534,1
6,507,535,1
6,508,536,1
6,509,537,1
6,510,538,1
6,511,539,1
6,512,540,1
6,513,541,1
6,514,542,1
6,515,543,1
6,516,544,1
6,517,545,1
6,518,546,1
6,519,547,1
6,520,548,1
6,521,549,1
6,522,550,1
6,523,551,1
6,524,552,1
6,525,553,1
6,526,554,1
6,527,555,1
6,528,556,1
6,529,557,1
6,530,558,1
6,531,559,1
6,532,560,1
6,533,561,1
6,534,562,1
6,535,563,1
6,536,564,1
6,537,565,1
6,538,566,1
6,539,567,1
6,540,568,1
6,541,569,1
6,542,570,1
6,543,571,1
6,544,572,1
6,545,573,1
6,546,574,1
6,547,575,1
6,548,576,1
6,549,577,1
6,550,578,1
6,551,579,1
6,552,580,1
6,553,581,1
6,554,582,1
6,555,583,1
6,556,584,1
6,557,585,1
6,558,586,1
6,559,587,1
6,560,588,1
6,561,589,1
6,562,590,1
6,563,591,1
6,564,592,1
6,565,593,1
6,566,594,1
6,567,595,1
6,568,596,1
6,569,597,1
6,570,598,1
6,571,599,1
6,572,600,1
6,573,601,1
6,574,602,1
6,575,603,1
6,576,604,1
6,577,605,1
6,578,606,1
6,579,607,1
6,580,608,1
6,581,609,1
6,582,610,1
6,583,611,1
6,584,612,1
6,585,613,1
6,586,614,1
6,587,615,1
6,588,616,1
6,589,617,1
6,590,618,1
6,591,619,1
6,592,620,1
6,593,621,1
6,594,622,1
6,595,623,1
6,596,624,1
6,597,625,1
6,598,626,1
6,599,627,1
6,600,628,1
6,601,629,1
6,602,630,1
6,603,631,1
6,604,632,1
6,605,633,1
6,606,634,1
6,607,635,1
6,608,636,1
6,609,637,1
6,610,638,1
6,611,639,1
6,612,640,1
6,613,641,1
6,614,642,1
6,615,643,1
6,616,644,1
6,617,645,1
6,618,646,1
6,619,647,1
6,620,648,1
6,621,649,1
6,622,650,1
6,623,651,1
6,624,652,1
6,625,653,1
6,626,654,1
6,627,655,1
6,628,656,1
6,629,657,1
6,630,658,1
6,631,659,1
6,632,660,1
6,633,661,1
6,634,662,1
6,635,663,1
6,636,664,1
6,637,665,1
6,638,666,1
6,639,667,1
6,640,668,1
6,641,669,1
6,642,670,1
6,643,671,1
6,644,672,1
6,645,673,1
6,646,674,1
6,647,675,1
6,648,676,1
6,649,677,1
6,650,678,1
6,651,679,1
6,652,680,1
6,653,681,1
6,654,682,1
6,655,683,1
6,656,684,1
6,657,685,1
6,658,686,1
6,659,687,1
6,660,688,1
6,661,689,1
6,662,690,1
6,663,691,1
6,664,692,1
6,665,693,1
6,666,694,1
6,667,695,1
6,668,696,1
6,669,697,1
6,670,698,1
6,671,699,1
6,672,700,1
6,673,701,1
6,674,702,1
6,675,703,1
6,676,704,1
6,677,705,1
6,678,706,1
6,679,707,1
6,680,708,1
6,681,709,1
6,682,710,1
6,683,711,1
6,684,712,1
6,685,713,1
6,686,714,1
6,687,715,1
6,688,716,1
6,689,717,1
6,690,718,1
6,691,719,1
6,692,720,1
6,693,721,1
6,694,722,1
6,695,723,1
6,696,724,1
6,697,725,1
6,698,726,1
6,699,727,1
6,700,728,1
6,701,729,1
6,702,730,1
6,703,731,1
6,704,732,1
6,705,733,1
6,706,734,1
6,707,735,1
6,708,736,1
6,709,737,1
6,710,738,1
6,711,739,1
6,712,740,1
6,713,741,1
6,714,742,1
6,715,743,1
6,716,744,1
6,717,745,1
6,718,746,1
6,719,747,1
6,720,748,1
6,721,749,1
6,722,750,1
6,723,751,1
6,724,752,1
6,725,753,1
6,726,754,1
6,727,755,1
6,728,756,1
6,729,757,1
6,730,758,1
6,731,759,1
6,732,760,1
6,733,761,1
6,734,762,1
6,735,763,1
6,736,764,1
6,737,765,1
6,738,766,1
6,739,767,1
6,740,768,1
6,741,769,1
6,742,770,1
6,743,771,1
6,744,772,1
6,745,773,1
6,746,774,1
6,747,775,1
6,748,776,1
6,749,777,1
6,750,778,1
6,751,779,1
6,752,780,1
6,753,781,1
6,754,782,1
6,755,783,1
6,756,784,1
6,757,785,1
6,758,786,1
6,759,787,1
6,760,788,1
6,761,789,1
6,762,790,1
6,763,791,1
6,764,792,1
6,765,793,1
6,766,794,1
6,767,795,1
6,768,796,1
6,769,797,1
6,770,798,1
6,771,799,1
6,772,800,1
6,773,801,1
6,774,802,1
6,775,803,1
6,776,804,1
6,777,805,1
6,778,806,1
6,779,807,1
6,780,808,1
6,781,809,1
6,782,810,1
6,783,811,1
6,784,812,1
6,785,813,1
6,786,814,1
6,787,815,1
6,788,816,1
6,789,817,1
6,790,818,1
6,791,819,1
6,792,820,1
6,793,821,1
6,794,822,1
6,795,823,1
6,796,824,1
6,797,825,1
6,798,826,1
6,799,827,1
6,800,828,1
6,801,829,1
6,802,830,1
6,803,831,1
6,804,832,1
6,805,833,1
6,806,834,1
6,807,835,1
6,808,836,1
6,809,837,1
6,810,838,1
6,811,839,1
6,812,840,1
6,813,841,1
6,814,842,1
6,815,843,1
6,816,844,1
6,817,845,1
6,818,846,1
6,819,847,1
6,820,848,1
6,821,849,1
6,822,850,1
6,823,851,1
6,824,852,1
6,825,853,1
6,826,854,1
6,827,855,1
6,828,856,1
6,829,857,1
6,830,858,1
6,831,859,1
6,832,860,1
6,833,861,1
6,834,862,1
6,835,863,1
6,836,864,1
6,837,865,1
6,838,866,1
6,839,867,1
6,840,868,1
6,841,869,1
6,842,870,1
6,843,871,1
6,844,872,1
6,845,873,1
6,846,874,1
6,847,875,1
6,848,876,1
6,849,877,1
6,850,878,1
6,851,879,1
6,852,880,1
6,853,881,1
6,854,882,1
6,855,883,1
6,856,884,1
6,857,885,1
6,858,886,1
6,859,887,1
6,860,888,1
6,861,889,1
6,862,890,1
6,863,891,1
6,864,892,1
6,865,893,1
6,866,894,1
6,867,895,1
6,868,896,1
6,869,897,1
6,870,898,1
6,871,899,1
6,872,900,1
6,873,901,1
6,874,902,1
6,875,903,1
6,876,904,1
6,877,905,1
6,878,906,1
6,879,907,1
6,880,908,1
6,881,909,1
6,882,910,1
6,883,911,1
6,884,912,1
6,885,913,1
6,886,914,1
6,887,915,1
6,888,916,1
6,889,917,1
6,890,918,1
6,891,919,1
6,892,920,1
6,893,921,1
6,894,922,1
6,895,923,1
6,896,924,1
6,897,925,1
6,898,926,1
6,899,927,1
6,900,928,1
6,901,929,1
6,902,930,1
6,903,931,1
6,904,932,1
6,905,933,1
6,906,934,1
6,907,935,1
6,908,936,1
6,909,937,1
6,910,938,1
6,911,939,1
6,912,940,1
6,913,941,1
6,914,942,1
6,915,943,1
6,916,944,1
6,917,945,1
6,918,946,1
6,919,947,1
6,920,948,1
6,921,949,1
6,922,950,1
6,923,951,1
6,924,952,1
6,925,953,1
6,926,954,1
6,927,955,1
6,928,956,1
6,929,957,1
6,930,958,1
6,931,959,1
6,932,960,1
6,933,961,1
6,934,962,1
6,935,963,1
6,936,964,1
6,937,965,1
6,938,966,1
6,939,967,1
6,940,968,1
6,941,969,1
6,942,970,1
6,943,971,1
6,944,972,1
6,945,973,1
6,946,974,1
6,947,975,1
6,948,976,1
6,949,977,1
6,950,978,1
6,951,979,1
6,952,980,1
6,953,981,1
6,954,982,1
6,955,983,1
6,956,984,1
6,957,985,1
6,958,986,1
6,959,987,1
6,960,988,1
6,961,989,1
6,962,990,1
6,963,991,1
6,964,992,1
6,965,993,1
6,966,994,1
6,967,995,1
6,968,996,1
6,969,997,1
6,970,998,1
6,971,999,1
6,972,1000,1
6,973,1001,1
6,974,1002,1
6,975,1003,1
6,976,1004,1
6,977,1005,1
6,978,1006,1
6,979,1007,1
6,980,1008,1
6,981,1009,1
6,982,1010,1
6,983,1011,1
6,984,1012,1
6,985,1013,1
6,986,1014,1
6,987,1015,1
6,988,1016,1
6,989,1017,1
6,990,1018,1
6,991,1019,1
6,992,1020,1
6,993,1021,1
6,994,1022,1
6,995,1023,1
6,996,1024,1
6,997,1025,1
6,998,1026,1
6,999,1027,1
6,1000,1028,1
6,1001,1029,1
6,1002,1030,1
6,1003,1031,1
6,1004,1032,1
6,1005,1033,1
6,1006,1034,1
6,1007,1035,1
6,1008,1036,1
6,1009,1037,1
6,1010,1038,1
6,1011,1039,1
6,1012,1040,1
6,1013,1041,1
6,1014,1042,1
6,1015,1043,1
6,1016,1044,1
6,1017,1045,1
6,1018,1046,1
6,1019,1047,1
6,1020,1048,1
6,1021,1049,1
6,1022,1050,1
6,1023,1051,1
6,1024,1052,1
6,1025,1053,1
6,1026,1054,1
6,1027,1055,1
6,1028,1056,1
6,1029,1057,1
6,1030,1058,1
6,1031,1059,1
6,1032,1060,1
6,1033,1061,1
6,1034,1062,1
6,1035,1063,1
6,1036,1064,1
6,1037,1065,1
6,1038,1066,1
6,1039,1067,1
6,1040,1068,1
6,1041,1069,1
6,1042,1070,1
6,1043,1071,1
6,1044,1072,1
6,1045,1073,1
6,1046,1074,1
6,1047,1075,1
6,1048,1076,1
6,1049,1077,1
6,1050,1078,1
6,1051,1079,1
6,1052,1080,1
6,1053,1081,1
6,1054,1082,1
6,1055,1083,1
6,1056,1084,1
6,1057,1085,1
6,1058,1086,1
6,1059,1087,1
6,1060,1088,1
6,1061,1089,1
6,1062,1090,1
6,1063,1091,1
6,1064,1092,1
6,1065,1093,1
6,1066,1094,1
6,1067,1095,1
6,1068,1096,1
6,1069,1097,1
6,1070,1098,1
6,1071,1099,1
6,1072,1100,1
6,1073,1101,1
6,1074,1102,1
6,1075,1103,1
6,1076,1104,1
6,1077,1105,1
6,1078,1106,1
6,1079,1107,1
6,1080,1108,1
6,1081,1109,1
6,1082,1110,1
6,1083,1111,1
6,1084,1112,1
6,1085,1113,1
6,1086,1114,1
6,1087,1115,1
6,1088,1116,1
6,1089,1117,1
6,1090,1118,1
6,1091,1119,1
6,1092,1120,1
6,1093,1121,1
6,1094,1122,1
6,1095,1123,1
6,1096,1124,1
6,1097,1125,1
6,1098,1126,1
6,1099,1127,1
6,1100,1128,1
6,1101,1129,1
6,1102,1130,1
6,1103,1131,1
6,1104,1132,1
6,1105,1133,1
6,1106,1134,1
6,1107,1135,1
6,1108,1136,1
6,1109,1137,1
6,1110,1138,1
6,1111,1139,1
6,1112,1140,1
6,1113,1141,1
6,1114,1142,1
6,1115,1143,1
6,1116,1144,1
6,1117,1145,1
6,1118,1146,1
6,1119,1147,1
6,1120,1148,1
6,1121,1149,1
6,1122,1150,1
6,1123,1151,1
6,1124,1152,1
6,1125,1153,1
6,1126,1154,1
6,1127,1155,1
6,1128,1156,1
6,1129,1157,1
6,1130,1158,1
6,1131,1159,1
6,1132,1160,1
6,1133,1161,1
6,1134,1162,1
6,1135,1163,1
6,1136,1164,1
6,1137,1165,1
6,1138,1166,1
6,1139,1167,1
6,1140,1168,1
6,1141,1169,1
6,1142,1170,1
6,1143,1171,1
6,1144,1172,1
6,1145,1173,1
6,1146,1174,1
6,1147,1175,1
6,1148,1176,1
6,1149,1177,1
6,1150,1178,1
6,1151,1179,1
6,1152,1180,1
6,1153,1181,1
6,1154,1182,1
6,1155,1183,1
6,1156,1184,1
6,1157,1185,1
6,1158,1186,1
6,1159,1187,1
6,1160,1188,1
6,1161,1189,1
6,1162,1190,1
6,1163,1191,1
6,1164,1192,1
6,1165,1193,1
6,1166,1194,1
6,1167,1195,1
6,1168,1196,1
6,1169,1197,1
6,1170,1198,1
6,1171,1199,1
6,1172,1200,1
6,1173,1201,1
6,1174,1202,1
6,1175,1203,1
6,1176,1204,1
6,1177,1205,1
6,1178,1206,1
6,1179,1207,1
6,1180,1208,1
6,1181,1209,1
6,1182,1210,1
6,1183,1211,1
6,1184,1212,1
6,1185,1213,1
6,1186,1214,1
6,1187,1215,1
6,1188,1216,1
6,1189,1217,1
6,1190,1218,1
6,1191,1219,1
6,1192,1220,1
6,1193,1221,1
6,1194,1222,1
6,1195,1223,1
6,1196,1224,1
6,1197,1225,1
6,1198,1226,1
6,1199,1227,1
6,1200,1228,1
6,1201,1229,1
6,1202,1230,1
6,1203,1231,1
6,1204,1232,1
6,1205,1233,1
6,1206,1234,1
6,1207,1235,1
6,1208,1236,1
6,1209,1237,1
6,1210,1238,1
6,1211,1239,1
6,1212,1240,1
6,1213,1241,1
6,1214,1242,1
6,1215,1243,1
6,1216,1244,1
6,1217,1245,1
6,1218,1246,1
6,1219,1247,1
6,1220,1248,1
6,1221,1249,1
6,1222,1250,1
6,1223,1251,1
6,1224,1252,1
6,1225,1253,1
6,1226,1254,1
6,1227,1255,1
6,1228,1256,1
6,1229,1257,1
6,1230,1258,1
6,1231,1259,1
6,1232,1260,1
6,1233,1261,1
6,1234,1262,1
6,1235,1263,1
6,1236,1264,1
6,1237,1265,1
6,1238,1266,1
6,1239,1267,1
6,1240,1268,1
6,1241,1269,1
6,1242,1270,1
6,1243,1271,1
6,1244,1272,1
6,1245,1273,1
6,1246,1274,1
6,1247,1275,1
6,1248,1276,1
6,1249,1277,1
6,1250,1278,1
6,1251,1279,1
6,1252,1280,1
6,1253,1281,1
6,1254,1282,1
6,1255,1283,1
6,1256,1284,1
6,1257,1285,1
6,1258,1286,1
6,1259,1287,1
6,1260,1288,1
6,1261,1289,1
6,1262,1290,1
6,1263,1291,1
6,1264,1292,1
6,1265,1293,1
6,1266,1294,1
6,1267,1295,1
6,1268,1296,1
6,1269,1297,1
6,1270,1298,1
6,1271,1299,1
6,1272,1300,1
6,1273,1301,1
6,1274,1302,1
6,1275,1303,1
6,1276,1304,1
6,1277,1305,1
6,1278,1306,1
6,1279,1307,1
6,1280,1308,1
6,1281,1309,1
6,1282,1310,1
6,1283,1311,1
6,1284,1312,1
6,1285,1313,1
6,1286,1314,1
6,1287,1315,1
6,1288,1316,1
6,1289,1317,1
6,1290,1318,1
6,1291,1319,1
6,1292,1320,1
6,1293,1321,1
6,1294,1322,1
6,1295,1323,1
6,1296,1324,1
6,1297,1325,1
6,1298,1326,1
6,1299,1327,1
6,1300,1328,1
6,1301,1329,1
6,1302,1330,1
6,1303,1331,1
6,1304,1332,1
6,1305,1333,1
6,1306,1334,1
6,1307,1335,1
6,1308,1336,1
6,1309,1337,1
6,1310,1338,1
6,1311,1339,1
6,1312,1340,1
6,1313,1341,1
6,1314,1342,1
6,1315,1343,1
6,1316,1344,1
6,1317,1345,1
6,1318,1346,1
6,1319,1347,1
6,1320,1348,1
6,1321,1349,1
6,1322,1350,1
6,1323,1351,1
6,1324,1352,1
6,1325,1353,1
6,1326,1354,1
6,1327,1355,1
6,1328,1356,1
6,1329,1357,1
6,1330,1358,1
6,1331,1359,1
6,1332,1360,1
6,1333,1361,1
6,1334,1362,1
6,1335,1363,1
6,1336,1364,1
6,1337,1365,1
6,1338,1366,1
6,1339,1367,1
6,1340,1368,1
6,1341,1369,1
6,1342,1370,1
6,1343,1371,1
6,1344,1372,1
6,1345,1373,1
6,1346,1374,1
6,1347,1375,1
6,1348,1376,1
6,1349,1377,1
6,1350,1378,1
6,1351,1379,1
6,1352,1380,1
6,1353,1381,1
6,1354,1382,1
6,1355,1383,1
6,1356,1384,1
6,1357,1385,1
6,1358,1386,1
6,1359,1387,1
6,1360,1388,1
6,1361,1389,1
6,1362,1390,1
6,1363,1391,1
6,1364,1392,1
6,1365,1393,1
6,1366,1394,1
6,1367,1395,1
6,1368,1396,1
6,1369,1397,1
6,1370,1398,1
6,1371,1399,1
6,1372,1400,1
6,1373,1401,1
6,1374,1402,1
6,1375,1403,1
6,1376,1404,1
6,1377,1405,1
6,1378,1406,1
6,1379,1407,1
6,1380,1408,1
6,1381,1409,1
6,1382,1410,1
6,1383,1411,1
6,1384,1412,1
6,1385,1413,1
6,1386,1414,1
6,1387,1415,1
6,1388,1416,1
6,1389,1417,1
6,1390,1418,1
6,1391,1419,1
6,1392,1420,1
6,1393,1421,1
6,1394,1422,1
6,1395,1423,1
6,1396,1424,1
6,1397,1425,1
6,1398,1426,1
6,1399,1427,1
6,1400,1428,1
6,1401,1429,1
6,1402,1430,1
6,1403,1431,1
6,1404,1432,1
6,1405,1433,1
6,1406,1434,1
6,1407,1435,1
6,1408,1436,1
6,1409,1437,1
6,1410,1438,1
6,1411,1439,1
6,1412,1440,1
6,1413,1441,1
6,1414,1442,1
6,1415,1443,1
6,1416,1444,1
6,1417,1445,1
6,1418,1446,1
6,1419,1447,1
6,1420,1448,1
6,1421,1449,1
6,1422,1450,1
6,1423,1451,1
6,1424,1452,1
6,1425,1453,1
6,1426,1454,1
6,1427,1455,1
6,1428,1456,1
6,1429,1457,1
6,1430,1458,1
6,1431,1459,1
6,1432,1460,1
6,1433,1461,1
6,1434,1462,1
6,1435,1463,1
6,1436,1464,1
6,1437,1465,1
6,1438,1466,1
6,1439,1467,1
6,1440,1468,1
6,1441,1469,1
6,1442,1470,1
6,1443,1471,1
6,1444,1472,1
6,1445,1473,1
6,1446,1474,1
6,1447,1475,1
6,1448,1476,1
6,1449,1477,1
6,1450,1478,1
6,1451,1479,1
6,1452,1480,1
6,1453,1481,1
6,1454,1482,1
6,1455,1483,1
6,1456,1484,1
6,1457,1485,1
6,1458,1486,1
6,1459,1487,1
6,1460,1488,1
6,1461,1489,1
6,1462,1490,1
6,1463,1491,1
6,1464,1492,1
6,1465,1493,1
6,1466,1494,1
6,1467,1495,1
6,1468,1496,1
6,1469,1497,1
6,1470,1498,1
6,1471,1499,1
6,1472,1500,1
6,1473,1501,1
6,1474,1502,1
6,1475,1503,1
6,1476,1504,1
6,1477,1505,1
6,1478,1506,1
6,1479,1507,1
6,1480,1508,1
6,1481,1509,1
6,1482,1510,1
6,1483,1511,1
6,1484,1512,1
6,1485,1513,1
6,1486,1514,1
6,1487,1515,1
6,1488,1516,1
6,1489,1517,1
6,1490,1518,1
6,1491,1519,1
6,1492,1520,1
6,1493,1521,1
6,1494,1522,1
6,1495,1523,1
6,1496,1524,1
6,1497,1525,1
6,1498,1526,1
6,1499,1527,1
6,1500,1528,1
7,0,28,1
7,1,29,1
7,2,30,1
7,3,31,1
7,4,32,1
7,5,33,1
7,6,34,1
7,7,35,1
7,8,36,1
7,9,37,1
7,10,38,1
7,11,39,1
7,12,40,1
7,13,41,1
7,14,42,1
7,15,43,1
7,16,44,1
7,17,45,1
7,18,46,1
7,19,47,1
7,20,48,1
7,21,49,1
7,22,50,1
7,23,51,1
7,24,52,1
7,25,53,1
7,26,54,1
7,27,55,1
7,28,56,1
7,29,57,1
7,30,58,1
7,31,59,1
7,32,60,1
7,33,61,1
7,34,62,1
7,35,63,1
7,36,64,1
7,37,65,1
7,38,66,1
7,39,67,1
7,40,68,1
7,41,69,1
7,42,70,1
7,43,71,1
7,44,72,1
7,45,73,1
7,46,74,1
7,47,75,1
7,48,76,1
7,49,77,1
7,50,78,1
7,51,79,1
7,52,80,1
7,53,81,1
7,54,82,1
7,55,83,1
7,56,84,1
7,57,85,1
7,58,86,1
7,59,87,1
7,60,88,1
7,61,89,1
7,62,90,1
7,63,91,1
7,64,92,1
7,65,93,1
7,66,94,1
7,67,95,1
7,68,96,1
7,69,97,1
7,70,98,1
7,71,99,1
7,72,100,1
7,73,101,1
7,74,102,1
7,75,103,1
7,76,104,1
7,77,105,1
7,78,106,1
7,79,107,1
7,80,108,1
7,81,109,1
7,82,110,1
7,83,111,1
7,84,112,1
7,85,113,1
7,86,114,1
7,87,115,1
7,88,116,1
7,89,117,1
7,90,118,1
7,91,119,1
7,92,120,1
7,93,121,1
7,94,122,1
7,95,123,1
7,96,124,1
7,97,125,1
7,98,126,1
7,99,127,1
7,100,128,1
7,101,129,1
7,102,130,1
7,103,131,1
7,104,132,1
7,105,133,1
7,106,134,1
7,107,135,1
7,108,136,1
7,109,137,1
7,110,138,1
7,111,139,1
7,112,140,1
7,113,141,1
7,114,142,1
7,115,143,1
7,116,144,1
7,117,145,1
7,118,146,1
7,119,147,1
7,120,148,1
7,121,149,1
7,122,150,1
7,123,151,1
7,124,152,1
7,125,153,1
7,126,154,1
7,127,155,1
7,128,156,1
7,129,157,1
7,130,158,1
7,131,159,1
7,132,160,1
7,133,161,1
7,134,162,1
7,135,163,1
7,136,164,1
7,137,165,1
7,138,166,1
7,139,167,1
7,140,168,1
7,141,169,1
7,142,170,1
7,143,171,1
7,144,172,1
7,145,173,1
7,146,174,1
7,147,175,1
7,148,176,1
7,149,177,1
7,150,178,1
7,151,179,1
7,152,180,1
7,153,181,1
7,154,182,1
7,155,183,1
7,156,184,1
7,157,185,1
7,158,186,1
7,159,187,1
7,160,188,1
7,161,189,1
7,162,190,1
7,163,191,1
7,164,192,1
7,165,193,1
7,166,194,1
7,167,195,1
7,168,196,1
7,169,197,1
7,170,198,1
7,171,199,1
7,172,200,1
7,173,201,1
7,174,202,1
7,175,203,1
7,176,204,1
7,177,205,1
7,178,206,1
7,179,207,1
7,180,208,1
7,181,209,1
7,182,210,1
7,183,211,1
7,184,212,1
7,185,213,1
7,186,214,1
7,187,215,1
7,188,216,1
7,189,217,1
7,190,218,1
7,191,219,1
7,192,220,1
7,193,221,1
7,194,222,1
7,195,223,1
7,196,224,1
7,197,225,1
7,198,226,1
7,199,227,1
7,200,228,1
7,201,229,1
7,202,230,1
7,203,231,1
7,204,232,1
7,205,233,1
7,206,234,1
7,207,235,1
7,208,236,1
7,209,237,1
7,210,238,1
7,211,239,1
7,212,240,1
7,213,241,1
7,214,242,1
7,215,243,1
7,216,244,1
7,217,245,1
7,218,246,1
7,219,247,1
7,220,248,1
7,221,249,1
7,222,250,1
7,223,251,1
7,224,252,1
7,225,253,1
7,226,254,1
7,227,255,1
7,228,256,1
7,229,257,1
7,230,258,1
7,231,259,1
7,232,260,1
7,233,261,1
7,234,262,1
7,235,263,1
7,236,264,1
7,237,265,1
7,238,266,1
7,239,267,1
7,240,268,1
7,241,269,1
7,242,270,1
7,243,271,1
7,244,272,1
7,245,273,1
7,246,274,1
7,247,275,1
7,248,276,1
7,249,277,1
7,250,278,1
7,251,279,1
7,252,280,1
7,253,281,1
7,254,282,1
7,255,283,1
7,256,284,1
7,257,285,1
7,258,286,1
7,259,287,1
7,260,288,1
7,261,289,1
7,262,290,1
7,263,291,1
7,264,292,1
7,265,293,1
7,266,294,1
7,267,295,1
7,268,296,1
7,269,297,1
7,270,298,1
7,271,299,1
7,272,300,1
7,273,301,1
7,274,302,1
7,275,303,1
7,276,304,1
7,277,305,1
7,278,306,1
7,279,307,1
7,280,308,1
7,281,309,1
7,282,310,1
7,283,311,1
7,284,312,1
7,285,313,1
7,286,314,1
7,287,315,1
7,288,316,1
7,289,317,1
7,290,318,1
7,291,319,1
7,292,320,1
7,293,321,1
7,294,322,1
7,295,323,1
7,296,324,1
7,297,325,1
7,298,326,1
7,299,327,1
7,300,328,1
7,301,329,1
7,302,330,1
7,303,331,1
7,304,332,1
7,305,333,1
7,306,334,1
7,307,335,1
7,308,336,1
7,309,337,1
7,310,338,1
7,311,339,1
7,312,340,1
7,313,341,1
7,314,342,1
7,315,343,1
7,316,344,1
7,317,345,1
7,318,346,1
7,319,347,1
7,320,348,1
7,321,349,1
7,322,350,1
7,323,351,1
7,324,352,1
7,325,353,1
7,326,354,1
7,327,355,1
7,328,356,1
7,329,357,1
7,330,358,1
7,331,359,1
7,332,360,1
7,333,361,1
7,334,362,1
7,335,363,1
7,336,364,1
7,337,365,1
7,338,366,1
7,339,367,1
7,340,368,1
7,341,369,1
7,342,370,1
7,343,371,1
7,344,372,1
7,345,373,1
7,346,374,1
7,347,375,1
7,348,376,1
7,349,377,1
7,350,378,1
7,351,379,1
7,352,380,1
7,353,381,1
7,354,382,1
7,355,383,1
7,356,384,1
7,357,385,1
7,358,386,1
7,359,387,1
7,360,388,1
7,361,389,1
7,362,390,1
7,363,391,1
7,364,392,1
7,365,393,1
7,366,394,1
7,367,395,1
7,368,396,1
7,369,397,1
7,370,398,1
7,371,399,1
7,372,400,1
7,373,401,1
7,374,402,1
7,375,403,1
7,376,404,1
7,377,405,1
7,378,406,1
7,379,407,1
7,380,408,1
7,381,409,1
7,382,410,1
7,383,411,1
7,384,412,1
7,385,413,1
7,386,414,1
7,387,415,1
7,388,416,1
7,389,417,1
7,390,418,1
7,391,419,1
7,392,420,1
7,393,421,1
7,394,422,1
7,395,423,1
7,396,424,1
7,397,425,1
7,398,426,1
7,399,427,1
7,400,428,1
7,401,429,1
7,402,430,1
7,403,431,1
7,404,432,1
7,405,433,1
7,406,434,1
7,407,435,1
7,408,436,1
7,409,437,1
7,410,438,1
7,411,439,1
7,412,440,1
7,413,441,1
7,414,442,1
7,415,443,1
7,416,444,1
7,417,445,1
7,418,446,1
7,419,447,1
7,420,448,1
7,421,449,1
7,422,450,1
7,423,451,1
7,424,452,1
7,425,453,1
7,426,454,1
7,427,455,1
7,428,456,1
7,429,457,1
7,430,458,1
7,431,459,1
7,432,460,1
7,433,461,1
7,434,462,1
7,435,463,1
7,436,464,1
7,437,465,1
7,438,466,1
7,439,467,1
7,440,468,1
7,441,469,1
7,442,470,1
7,443,471,1
7,444,472,1
7,445,473,1
7,446,474,1
7,447,475,1
7,448,476,1
7,449,477,1
7,450,478,1
7,451,479,1
7,452,480,1
7,453,481,1
7,454,482,1
7,455,483,1
7,456,484,1
7,457,485,1
7,458,486,1
7,459,487,1
7,460,488,1
7,461,489,1
7,462,490,1
7,463,491,1
7,464,492,1
7,465,493,1
7,466,494,1
7,467,495,1
7,468,496,1
7,469,497,1
7,470,498,1
7,471,499,1
7,472,500,1
7,473,501,1
7,474,502,1
7,475,503,1
7,476,504,1
7,477,505,1
7,478,506,1
7,479,507,1
7,480,508,1
7,481,509,1
7,482,510,1
7,483,511,1
7,484,512,1
7,485,513,1
7,486,514,1
7,487,515,1
7,488,516,1
7,489,517,1
7,490,518,1
7,491,519,1
7,492,520,1
7,493,521,1
7,494,522,1
7,495,523,1
7,496,524,1
7,497,525,1
7,498,526,1
7,499,527,1
7,500,528,1
7,501,529,1
7,502,530,1
7,503,531,1
7,504,532,1
7,505,533,1
7,506,534,1
7,507,535,1
7,508,536,1
7,509,537,1
7,510,538,1
7,511,539,1
7,512,540,1
7,513,541,1
7,514,542,1
7,515,543,1
7,516,544,1
7,517,545,1
7,518,546,1
7,519,547,1
7,520,548,1
7,521,549,1
7,522,550,1
7,523,551,1
7,524,552,1
7,525,553,1
7,526,554,1
7,527,555,1
7,528,556,1
7,529,557,1
7,530,558,1
7,531,559,1
7,532,560,1
7,533,561,1
7,534,562,1
7,535,563,1
7,536,564,1
7,537,565,1
7,538,566,1
7,539,567,1
7,540,568,1
7,541,569,1
7,542,570,1
7,543,571,1
7,544,572,1
7,545,573,1
7,546,574,1
7,547,575,1
7,548,576,1
7,549,577,1
7,550,578,1
7,551,579,1
7,552,580,1
7,553,581,1
7,554,582,1
7,555,583,1
7,556,584,1
7,557,585,1
7,558,586,1
7,559,587,1
7,560,588,1
7,561,589,1
7,562,590,1
7,563,591,1
7,564,592,1
7,565,593,1
7,566,594,1
7,567,595,1
7,568,596,1
7,569,597,1
7,570,598,1
7,571,599,1
7,572,600,1
7,573,601,1
7,574,602,1
7,575,603,1
7,576,604,1
7,577,605,1
7,578,606,1
7,579,607,1
7,580,608,1
7,581,609,1
7,582,610,1
7,583,611,1
7,584,612,1
7,585,613,1
7,586,614,1
7,587,615,1
7,588,616,1
7,589,617,1
7,590,618,1
7,591,619,1
7,592,620,1
7,593,621,1
7,594,622,1
7,595,623,1
7,596,624,1
7,597,625,1
7,598,626,1
7,599,627,1
7,600,628,1
7,601,629,1
7,602,630,1
7,603,631,1
7,604,632,1
7,605,633,1
7,606,634,1
7,607,635,1
7,608,636,1
7,609,637,1
7,610,638,1
7,611,639,1
7,612,640,1
7,613,641,1
7,614,642,1
7,615,643,1
7,616,644,1
7,617,645,1
7,618,646,1
7,619,647,1
7,620,648,1
7,621,649,1
7,622,650,1
7,623,651,1
7,624,652,1
7,625,653,1
7,626,654,1
7,627,655,1
7,628,656,1
7,629,657,1
7,630,658,1
7,631,659,1
7,632,660,1
7,633,661,1
7,634,662,1
7,635,663,1
7,636,664,1
7,637,665,1
7,638,666,1
7,639,667,1
7,640,668,1
7,641,669,1
7,642,670,1
7,643,671,1
7,644,672,1
7,645,673,1
7,646,674,1
7,647,675,1
7,648,676,1
7,649,677,1
7,650,678,1
7,651,679,1
7,652,680,1
7,653,681,1
7,654,682,1
7,655,683,1
7,656,684,1
7,657,685,1
7,658,686,1
7,659,687,1
7,660,688,1
7,661,689,1
7,662,690,1
7,663,691,1
7,664,692,1
7,665,693,1
7,666,694,1
7,667,695,1
7,668,696,1
7,669,697,1
7,670,698,1
7,671,699,1
7,672,700,1
7,673,701,1
7,674,702,1
7,675,703,1
7,676,704,1
7,677,705,1
7,678,706,1
7,679,707,1
7,680,708,1
7,681,709,1
7,682,710,1
7,683,711,1
7,684,712,1
7,685,713,1
7,686,714,1
7,687,715,1
7,688,716,1
7,689,717,1
7,690,718,1
7,691,719,1
7,692,720,1
7,693,721,1
7,694,722,1
7,695,723,1
7,696,724,1
7,697,725,1
7,698,726,1
7,699,727,1
7,700,728,1
7,701,729,1
7,702,730,1
7,703,731,1
7,704,732,1
7,705,733,1
7,706,734,1
7,707,735,1
7,708,736,1
7,709,737,1
7,710,738,1
7,711,739,1
7,712,740,1
7,713,741,1
7,714,742,1
7,715,743,1
7,716,744,1
7,717,745,1
7,718,746,1
7,719,747,1
7,720,748,1
7,721,749,1
7,722,750,1
7,723,751,1
7,724,752,1
7,725,753,1
7,726,754,1
7,727,755,1
7,728,756,1
7,729,757,1
7,730,758,1
7,731,759,1
7,732,760,1
7,733,761,1
7,734,762,1
7,735,763,1
7,736,764,1
7,737,765,1
7,738,766,1
7,739,767,1
7,740,768,1
7,741,769,1
7,742,770,1
7,743,771,1
7,744,772,1
7,745,773,1
7,746,774,1
7,747,775,1
7,748,776,1
7,749,777,1
7,750,778,1
7,751,779,1
7,752,780,1
7,753,781,1
7,754,782,1
7,755,783,1
7,756,784,1
7,757,785,1
7,758,786,1
7,759,787,1
7,760,788,1
7,761,789,1
7,762,790,1
7,763,791,1
7,764,792,1
7,765,793,1
7,766,794,1
7,767,795,1
7,768,796,1
7,769,797,1
7,770,798,1
7,771,799,1
7,772,800,1
7,773,801,1
7,774,802,1
7,775,803,1
7,776,804,1
7,777,805,1
7,778,806,1
7,779,807,1
7,780,808,1
7,781,809,1
7,782,810,1
7,783,811,1
7,784,812,1
7,785,813,1
7,786,814,1
7,787,815,1
7,788,816,1
7,789,817,1
7,790,818,1
7,791,819,1
7,792,820,1
7,793,821,1
7,794,822,1
7,795,823,1
7,796,824,1
7,797,825,1
7,798,826,1
7,799,827,1
7,800,828,1
7,801,829,1
7,802,830,1
7,803,831,1
7,804,832,1
7,805,833,1
7,806,834,1
7,807,835,1
7,808,836,1
7,809,837,1
7,810,838,1
7,811,839,1
7,812,840,1
7,813,841,1
7,814,842,1
7,815,843,1
7,816,844,1
7,817,845,1
7,818,846,1
7,819,847,1
7,820,848,1
7,821,849,1
7,822,850,1
7,823,851,1
7,824,852,1
7,825,853,1
7,826,854,1
7,827,855,1
7,828,856,1
7,829,857,1
7,830,858,1
7,831,859,1
7,832,860,1
7,833,861,1
7,834,862,1
7,835,863,1
7,836,864,1
7,837,865,1
7,838,866,1
7,839,867,1
7,840,868,1
7,841,869,1
7,842,870,1
7,843,871,1
7,844,872,1
7,845,873,1
7,846,874,1
7,847,875,1
7,848,876,1
7,849,877,1
7,850,878,1
7,851,879,1
7,852,880,1
7,853,881,1
7,854,882,1
7,855,883,1
7,856,884,1
7,857,885,1
7,858,886,1
7,859,887,1
7,860,888,1
7,861,889,1
7,862,890,1
7,863,891,1
7,864,892,1
7,865,893,1
7,866,894,1
7,867,895,1
7,868,896,1
7,869,897,1
7,870,898,1
7,871,899,1
7,872,900,1
7,873,901,1
7,874,902,1
7,875,903,1
7,876,904,1
7,877,905,1
7,878,906,1
7,879,907,1
7,880,908,1
7,881,909,1
7,882,910,1
7,883,911,1
7,884,912,1
7,885,913,1
7,886,914,1
7,887,915,1
7,888,916,1
7,889,917,1
7,890,918,1
7,891,919,1
7,892,920,1
7,893,921,1
7,894,922,1
7,895,923,1
7,896,924,1
7,897,925,1
7,898,926,1
7,899,927,1
7,900,928,1
7,901,929,1
7,902,930,1
7,903,931,1
7,904,932,1
7,905,933,1
7,906,934,1
7,907,935,1
7,908,936,1
7,909,937,1
7,910,938,1
7,911,939,1
7,912,940,1
7,913,941,1
7,914,942,1
7,915,943,1
7,916,944,1
7,917,945,1
7,918,946,1
7,919,947,1
7,920,948,1
7,921,949,1
7,922,950,1
7,923,951,1
7,924,952,1
7,925,953,1
7,926,954,1
7,927,955,1
7,928,956,1
7,929,957,1
7,930,958,1
7,931,959,1
7,932,960,1
7,933,961,1
7,934,962,1
7,935,963,1
7,936,964,1
7,937,965,1
7,938,966,1
7,939,967,1
7,940,968,1
7,941,969,1
7,942,970,1
7,943,971,1
7,944,972,1
7,945,973,1
7,946,974,1
7,947,975,1
7,948,976,1
7,949,977,1
7,950,978,1
7,951,979,1
7,952,980,1
7,953,981,1
7,954,982,1
7,955,983,1
7,956,984,1
7,957,985,1
7,958,986,1
7,959,987,1
7,960,988,1
7,961,989,1
7,962,990,1
7,963,991,1
7,964,992,1
7,965,993,1
7,966,994,1
7,967,995,1
7,968,996,1
7,969,997,1
7,970,998,1
7,971,999,1
7,972,1000,1
7,973,1001,1
7,974,1002,1
7,975,1003,1
7,976,1004,1
7,977,1005,1
7,978,1006,1
7,979,1007,1
7,980,1008,1
7,981,1009,1
7,982,1010,1
7,983,1011,1
7,984,1012,1
7,985,1013,1
7,986,1014,1
7,987,1015,1
7,988,1016,1
7,989,1017,1
7,990,1018,1
7,991,1019,1
7,992,1020,1
7,993,1021,1
7,994,1022,1
7,995,1023,1
7,996,1024,1
7,997,1025,1
7,998,1026,1
7,999,1027,1
7,1000,1028,1
7,1001,1029,1
7,1002,1030,1
7,1003,1031,1
7,1004,1032,1
7,1005,1033,1
7,1006,1034,1
7,1007,1035,1
7,1008,1036,1
7,1009,1037,1
7,1010,1038,1
7,1011,1039,1
7,1012,1040,1
7,1013,1041,1
7,1014,1042,1
7,1015,1043,1
7,1016,1044,1
7,1017,1045,1
7,1018,1046,1
7,1019,1047,1
7,1020,1048,1
7,1021,1049,1
7,1022,1050,1
7,1023,1051,1
7,1024,1052,1
7,1025,1053,1
7,1026,1054,1
7,1027,1055,1
7,1028,1056,1
7,1029,1057,1
7,1030,1058,1
7,1031,1059,1
7,1032,1060,1
7,1033,1061,1
7,1034,1062,1
7,1035,1063,1
7,1036,1064,1
7,1037,1065,1
7,1038,1066,1
7,1039,1067,1
7,1040,1068,1
7,1041,1069,1
7,1042,1070,1
7,1043,1071,1
7,1044,1072,1
7,1045,1073,1
7,1046,1074,1
7,1047,1075,1
7,1048,1076,1
7,1049,1077,1
7,1050,1078,1
7,1051,1079,1
7,1052,1080,1
7,1053,1081,1
7,1054,1082,1
7,1055,1083,1
7,1056,1084,1
7,1057,1085,1
7,1058,1086,1
7,1059,1087,1
7,1060,1088,1
7,1061,1089,1
7,1062,1090,1
7,1063,1091,1
7,1064,1092,1
7,1065,1093,1
7,1066,1094,1
7,1067,1095,1
7,1068,1096,1
7,1069,1097,1
7,1070,1098,1
7,1071,1099,1
7,1072,1100,1
7,1073,1101,1
7,1074,1102,1
7,1075,1103,1
7,1076,1104,1
7,1077,1105,1
7,1078,1106,1
7,1079,1107,1
7,1080,1108,1
7,1081,1109,1
7,1082,1110,1
7,1083,1111,1
7,1084,1112,1
7,1085,1113,1
7,1086,1114,1
7,1087,1115,1
7,1088,1116,1
7,1089,1117,1
7,1090,1118,1
7,1091,1119,1
7,1092,1120,1
7,1093,1121,1
7,1094,1122,1
7,1095,1123,1
7,1096,1124,1
7,1097,1125,1
7,1098,1126,1
7,1099,1127,1
7,1100,1128,1
7,1101,1129,1
7,1102,1130,1
7,1103,1131,1
7,1104,1132,1
7,1105,1133,1
7,1106,1134,1
7,1107,1135,1
7,1108,1136,1
7,1109,1137,1
7,1110,1138,1
7,1111,1139,1
7,1112,1140,1
7,1113,1141,1
7,1114,1142,1
7,1115,1143,1
7,1116,1144,1
7,1117,1145,1
7,1118,1146,1
7,1119,1147,1
7,1120,1148,1
7,1121,1149,1
7,1122,1150,1
7,1123,1151,1
7,1124,1152,1
7,1125,1153,1
7,1126,1154,1
7,1127,1155,1
7,1128,1156,1
7,1129,1157,1
7,1130,1158,1
7,1131,1159,1
7,1132,1160,1
7,1133,1161,1
7,1134,1162,1
7,1135,1163,1
7,1136,1164,1
7,1137,1165,1
7,1138,1166,1
7,1139,1167,1
7,1140,1168,1
7,1141,1169,1
7,1142,1170,1
7,1143,1171,1
7,1144,1172,1
7,1145,1173,1
7,1146,1174,1
7,1147,1175,1
7,1148,1176,1
7,1149,1177,1
7,1150,1178,1
7,1151,1179,1
7,1152,1180,1
7,1153,1181,1
7,1154,1182,1
7,1155,1183,1
7,1156,1184,1
7,1157,1185,1
7,1158,1186,1
7,1159,1187,1
7,1160,1188,1
7,1161,1189,1
7,1162,1190,1
7,1163,1191,1
7,1164,1192,1
7,1165,1193,1
7,1166,1194,1
7,1167,1195,1
7,1168,1196,1
7,1169,1197,1
7,1170,1198,1
7,1171,1199,1
7,1172,1200,1
7,1173,1201,1
7,1174,1202,1
7,1175,1203,1
7,1176,1204,1
7,1177,1205,1
7,1178,1206,1
7,1179,1207,1
7,1180,1208,1
7,1181,1209,1
7,1182,1210,1
7,1183,1211,1
7,1184,1212,1
7,1185,1213,1
7,1186,1214,1
7,1187,1215,1
7,1188,1216,1
7,1189,1217,1
7,1190,1218,1
7,1191,1219,1
7,1192,1220,1
7,1193,1221,1
7,1194,1222,1
7,1195,1223,1
7,1196,1224,1
7,1197,1225,1
7,1198,1226,1
7,1199,1227,1
7,1200,1228,1
7,1201,1229,1
7,1202,1230,1
7,1203,1231,1
7,1204,1232,1
7,1205,1233,1
7,1206,1234,1
7,1207,1235,1
7,1208,1236,1
7,1209,1237,1
7,1210,1238,1
7,1211,1239,1
7,1212,1240,1
7,1213,1241,1
7,1214,1242,1
7,1215,1243,1
7,1216,1244,1
7,1217,1245,1
7,1218,1246,1
7,1219,1247,1
7,1220,1248,1
7,1221,1249,1
7,1222,1250,1
7,1223,1251,1
7,1224,1252,1
7,1225,1253,1
7,1226,1254,1
7,1227,1255,1
7,1228,1256,1
7,1229,1257,1
7,1230,1258,1
7,1231,1259,1
7,1232,1260,1
7,1233,1261,1
7,1234,1262,1
7,1235,1263,1
7,1236,1264,1
7,1237,1265,1
7,1238,1266,1
7,1239,1267,1
7,1240,1268,1
7,1241,1269,1
7,1242,1270,1
7,1243,1271,1
7,1244,1272,1
7,1245,1273,1
7,1246,1274,1
7,1247,1275,1
7,1248,1276,1
7,1249,1277,1
7,1250,1278,1
7,1251,1279,1
7,1252,1280,1
7,1253,1281,1
7,1254,1282,1
7,1255,1283,1
7,1256,1284,1
7,1257,1285,1
7,1258,1286,1
7,1259,1287,1
7,1260,1288,1
7,1261,1289,1
7,1262,1290,1
7,1263,1291,1
7,1264,1292,1
7,1265,1293,1
7,1266,1294,1
7,1267,1295,1
7,1268,1296,1
7,1269,1297,1
7,1270,1298,1
7,1271,1299,1
7,1272,1300,1
7,1273,1301,1
7,1274,1302,1
7,1275,1303,1
7,1276,1304,1
7,1277,1305,1
7,1278,1306,1
7,1279,1307,1
7,1280,1308,1
7,1281,1309,1
7,1282,1310,1
7,1283,1311,1
7,1284,1312,1
7,1285,1313,1
7,1286,1314,1
7,1287,1315,1
7,1288,1316,1
7,1289,1317,1
7,1290,1318,1
7,1291,1319,1
7,1292,1320,1
7,1293,1321,1
7,1294,1322,1
7,1295,1323,1
7,1296,1324,1
7,1297,1325,1
7,1298,1326,1
7,1299,1327,1
7,1300,1328,1
7,1301,1329,1
7,1302,1330,1
7,1303,1331,1
7,1304,1332,1
7,1305,1333,1
7,1306,1334,1
7,1307,1335,1
7,1308,1336,1
7,1309,1337,1
7,1310,1338,1
7,1311,1339,1
7,1312,1340,1
7,1313,1341,1
7,1314,1342,1
7,1315,1343,1
7,1316,1344,1
7,1317,1345,1
7,1318,1346,1
7,1319,1347,1
7,1320,1348,1
7,1321,1349,1
7,1322,1350,1
7,1323,1351,1
7,1324,1352,1
7,1325,1353,1
7,1326,1354,1
7,1327,1355,1
7,1328,1356,1
7,1329,1357,1
7,1330,1358,1
7,1331,1359,1
7,1332,1360,1
7,1333,1361,1
7,1334,1362,1
7,1335,1363,1
7,1336,1364,1
7,1337,1365,1
7,1338,1366,1
7,1339,1367,1
7,1340,1368,1
7,1341,1369,1
7,1342,1370,1
7,1343,1371,1
7,1344,1372,1
7,1345,1373,1
7,1346,1374,1
7,1347,1375,1
7,1348,1376,1
7,1349,1377,1
7,1350,1378,1
7,1351,1379,1
7,1352,1380,1
7,1353,1381,1
7,1354,1382,1
7,1355,1383,1
7,1356,1384,1
7,1357,1385,1
7,1358,1386,1
7,1359,1387,1
7,1360,1388,1
7,1361,1389,1
7,1362,1390,1
7,1363,1391,1
7,1364,1392,1
7,1365,1393,1
7,1366,1394,1
7,1367,1395,1
7,1368,1396,1
7,1369,1397,1
7,1370,1398,1
7,1371,1399,1
7,1372,1400,1
7,1373,1401,1
7,1374,1402,1
7,1375,1403,1
7,1376,1404,1
7,1377,1405,1
7,1378,1406,1
7,1379,1407,1
7,1380,1408,1
7,1381,1409,1
7,1382,1410,1
7,1383,1411,1
7,1384,1412,1
7,1385,1413,1
7,1386,1414,1
7,1387,1415,1
7,1388,1416,1
7,1389,1417,1
7,1390,1418,1
7,1391,1419,1
7,1392,1420,1
7,1393,1421,1
7,1394,1422,1
7,1395,1423,1
7,1396,1424,1
7,1397,1425,1
7,1398,1426,1
7,1399,1427,1
7,1400,1428,1
7,1401,1429,1
7,1402,1430,1
7,1403,1431,1
7,1404,1432,1
7,1405,1433,1
7,1406,1434,1
7,1407,1435,1
7,1408,1436,1
7,1409,1437,1
7,1410,1438,1
7,1411,1439,1
7,1412,1440,1
7,1413,1441,1
7,1414,1442,1
7,1415,1443,1
7,1416,1444,1
7,1417,1445,1
7,1418,1446,1
7,1419,1447,1
7,1420,1448,1
7,1421,1449,1
7,1422,1450,1
7,1423,1451,1
7,1424,1452,1
7,1425,1453,1
7,1426,1454,1
7,1427,1455,1
7,1428,1456,1
7,1429,1457,1
7,1430,1458,1
7,1431,1459,1
7,1432,1460,1
7,1433,1461,1
7,1434,1462,1
7,1435,1463,1
7,1436,1464,1
7,1437,1465,1
7,1438,1466,1
7,1439,1467,1
7,1440,1468,1
7,1441,1469,1
7,1442,1470,1
7,1443,1471,1
7,1444,1472,1
7,1445,1473,1
7,1446,1474,1
7,1447,1475,1
7,1448,1476,1
7,1449,1477,1
7,1450,1478,1
7,1451,1479,1
7,1452,1480,1
7,1453,1481,1
7,1454,1482,1
7,1455,1483,1
7,1456,1484,1
7,1457,1485,1
7,1458,1486,1
7,1459,1487,1
7,1460,1488,1
7,1461,1489,1
7,1462,1490,1
7,1463,1491,1
7,1464,1492,1
7,1465,1493,1
7,1466,1494,1
7,1467,1495,1
7,1468,1496,1
7,1469,1497,1
7,1470,1498,1
7,1471,1499,1
7,1472,1500,1
7,1473,1501,1
7,1474,1502,1
7,1475,1503,1
7,1476,1504,1
7,1477,1505,1
7,1478,1506,1
7,1479,1507,1
7,1480,1508,1
7,1481,1509,1
7,1482,1510,1
7,1483,1511,1
7,1484,1512,1
7,1485,1513,1
7,1486,1514,1
7,1487,1515,1
7,1488,1516,1
7,1489,1517,1
7,1490,1518,1
7,1491,1519,1
7,1492,1520,1
7,1493,1521,1
7,1494,1522,1
7,1495,1523,1
7,1496,1524,1
7,1497,1525,1
7,1498,1526,1
7,1499,1527,1
7,1500,1528,1
8,0,28,1
8,1,29,1
8,2,30,1
8,3,31,1
8,4,32,1
8,5,33,1
8,6,34,1
8,7,35,1
8,8,36,1
8,9,37,1
8,10,38,1
8,11,39,1
8,12,40,1
8,13,41,1
8,14,42,1
8,15,43,1
8,16,44,1
8,17,45,1
8,18,46,1
8,19,47,1
8,20,48,1
8,21,49,1
8,22,50,1
8,23,51,1
8,24,52,1
8,25,53,1
8,26,54,1
8,27,55,1
8,28,56,1
8,29,57,1
8,30,58,1
8,31,59,1
8,32,60,1
8,33,61,1
8,34,62,1
8,35,63,1
8,36,64,1
8,37,65,1
8,38,66,1
8,39,67,1
8,40,68,1
8,41,69,1
8,42,70,1
8,43,71,1
8,44,72,1
8,45,73,1
8,46,74,1
8,47,75,1
8,48,76,1
8,49,77,1
8,50,78,1
8,51,79,1
8,52,80,1
8,53,81,1
8,54,82,1
8,55,83,1
8,56,84,1
8,57,85,1
8,58,86,1
8,59,87,1
8,60,88,1
8,61,89,1
8,62,90,1
8,63,91,1
8,64,92,1
8,65,93,1
8,66,94,1
8,67,95,1
8,68,96,1
8,69,97,1
8,70,98,1
8,71,99,1
8,72,100,1
8,73,101,1
8,74,102,1
8,75,103,1
8,76,104,1
8,77,105,1
8,78,106,1
8,79,107,1
8,80,108,1
8,81,109,1
8,82,110,1
8,83,111,1
8,84,112,1
8,85,113,1
8,86,114,1
8,87,115,1
8,88,116,1
8,89,117,1
8,90,118,1
8,91,119,1
8,92,120,1
8,93,121,1
8,94,122,1
8,95,123,1
8,96,124,1
8,97,125,1
8,98,126,1
8,99,127,1
8,100,128,1
8,101,129,1
8,102,130,1
8,103,131,1
8,104,132,1
8,105,133,1
8,106,134,1
8,107,135,1
8,108,136,1
8,109,137,1
8,110,138,1
8,111,139,1
8,112,140,1
8,113,141,1
8,114,142,1
8,115,143,1
8,116,144,1
8,117,145,1
8,118,146,1
8,119,147,1
8,120,148,1
8,121,149,1
8,122,150,1
8,123,151,1
8,124,152,1
8,125,153,1
8,126,154,1
8,127,155,1
8,128,156,1
8,129,157,1
8,130,158,1
8,131,159,1
8,132,160,1
8,133,161,1
8,134,162,1
8,135,163,1
8,136,164,1
8,137,165,1
8,138,166,1
8,139,167,1
8,140,168,1
8,141,169,1
8,142,170,1
8,143,171,1
8,144,172,1
8,145,173,1
8,146,174,1
8,147,175,1
8,148,176,1
8,149,177,1
8,150,178,1
8,151,179,1
8,152,180,1
8,153,181,1
8,154,182,1
8,155,183,1
8,156,184,1
8,157,185,1
8,158,186,1
8,159,187,1
8,160,188,1
8,161,189,1
8,162,190,1
8,163,191,1
8,164,192,1
8,165,193,1
8,166,194,1
8,167,195,1
8,168,196,1
8,169,197,1
8,170,198,1
8,171,199,1
8,172,200,1
8,173,201,1
8,174,202,1
8,175,203,1
8,176,204,1
8,177,205,1
8,178,206,1
8,179,207,1
8,180,208,1
8,181,209,1
8,182,210,1
8,183,211,1
8,184,212,1
8,185,213,1
8,186,214,1
8,187,215,1
8,188,216,1
8,189,217,1
8,190,218,1
8,191,219,1
8,192,220,1
8,193,221,1
8,194,222,1
8,195,223,1
8,196,224,1
8,197,225,1
8,198,226,1
8,199,227,1
8,200,228,1
8,201,229,1
8,202,230,1
8,203,231,1
8,204,232,1
8,205,233,1
8,206,234,1
8,207,235,1
8,208,236,1
8,209,237,1
8,210,238,1
8,211,239,1
8,212,240,1
8,213,241,1
8,214,242,1
8,215,243,1
8,216,244,1
8,217,245,1
8,218,246,1
8,219,247,1
8,220,248,1
8,221,249,1
8,222,250,1
8,223,251,1
8,224,252,1
8,225,253,1
8,226,254,1
8,227,255,1
8,228,256,1
8,229,257,1
8,230,258,1
8,231,259,1
8,232,260,1
8,233,261,1
8,234,262,1
8,235,263,1
8,236,264,1
8,237,265,1
8,238,266,1
8,239,267,1
8,240,268,1
8,241,269,1
8,242,270,1
8,243,271,1
8,244,272,1
8,245,273,1
8,246,274,1
8,247,275,1
8,248,276,1
8,249,277,1
8,250,278,1
8,251,279,1
8,252,280,1
8,253,281,1
8,254,282,1
8,255,283,1
8,256,284,1
8,257,285,1
8,258,286,1
8,259,287,1
8,260,288,1
8,261,289,1
8,262,290,1
8,263,291,1
8,264,292,1
8,265,293,1
8,266,294,1
8,267,295,1
8,268,296,1
8,269,297,1
8,270,298,1
8,271,299,1
8,272,300,1
8,273,301,1
8,274,302,1
8,275,303,1
8,276,304,1
8,277,305,1
8,278,306,1
8,279,307,1
8,280,308,1
8,281,309,1
8,282,310,1
8,283,311,1
8,284,312,1
8,285,313,1
8,286,314,1
8,287,315,1
8,288,316,1
8,289,317,1
8,290,318,1
8,291,319,1
8,292,320,1
8,293,321,1
8,294,322,1
8,295,323,1
8,296,324,1
8,297,325,1
8,298,326,1
8,299,327,1
8,300,328,1
8,301,329,1
8,302,330,1
8,303,331,1
8,304,332,1
8,305,333,1
8,306,334,1
8,307,335,1
8,308,336,1
8,309,337,1
8,310,338,1
8,311,339,1
8,312,340,1
8,313,341,1
8,314,342,1
8,315,343,1
8,316,344,1
8,317,345,1
8,318,346,1
8,319,347,1
8,320,348,1
8,321,349,1
8,322,350,1
8,323,351,1
8,324,352,1
8,325,353,1
8,326,354,1
8,327,355,1
8,328,356,1
8,329,357,1
8,330,358,1
8,331,359,1
8,332,360,1
8,333,361,1
8,334,362,1
8,335,363,1
8,336,364,1
8,337,365,1
8,338,366,1
8,339,367,1
8,340,368,1
8,341,369,1
8,342,370,1
8,343,371,1
8,344,372,1
8,345,373,1
8,346,374,1
8,347,375,1
8,348,376,1
8,349,377,1
8,350,378,1
8,351,379,1
8,352,380,1
8,353,381,1
8,354,382,1
8,355,383,1
8,356,384,1
8,357,385,1
8,358,386,1
8,359,387,1
8,360,388,1
8,361,389,1
8,362,390,1
8,363,391,1
8,364,392,1
8,365,393,1
8,366,394,1
8,367,395,1
8,368,396,1
8,369,397,1
8,370,398,1
8,371,399,1
8,372,400,1
8,373,401,1
8,374,402,1
8,375,403,1
8,376,404,1
8,377,405,1
8,378,406,1
8,379,407,1
8,380,408,1
8,381,409,1
8,382,410,1
8,383,411,1
8,384,412,1
8,385,413,1
8,386,414,1
8,387,415,1
8,388,416,1
8,389,417,1
8,390,418,1
8,391,419,1
8,392,420,1
8,393,421,1
8,394,422,1
8,395,423,1
8,396,424,1
8,397,425,1
8,398,426,1
8,399,427,1
8,400,428,1
8,401,429,1
8,402,430,1
8,403,431,1
8,404,432,1
8,405,433,1
8,406,434,1
8,407,435,1
8,408,436,1
8,409,437,1
8,410,438,1
8,411,439,1
8,412,440,1
8,413,441,1
8,414,442,1
8,415,443,1
8,416,444,1
8,417,445,1
8,418,446,1
8,419,447,1
8,420,448,1
8,421,449,1
8,422,450,1
8,423,451,1
8,424,452,1
8,425,453,1
8,426,454,1
8,427,455,1
8,428,456,1
8,429,457,1
8,430,458,1
8,431,459,1
8,432,460,1
8,433,461,1
8,434,462,1
8,435,463,1
8,436,464,1
8,437,465,1
8,438,466,1
8,439,467,1
8,440,468,1
8,441,469,1
8,442,470,1
8,443,471,1
8,444,472,1
8,445,473,1
8,446,474,1
8,447,475,1
8,448,476,1
8,449,477,1
8,450,478,1
8,451,479,1
8,452,480,1
8,453,481,1
8,454,482,1
8,455,483,1
8,456,484,1
8,457,485,1
8,458,486,1
8,459,487,1
8,460,488,1
8,461,489,1
8,462,490,1
8,463,491,1
8,464,492,1
8,465,493,1
8,466,494,1
8,467,495,1
8,468,496,1
8,469,497,1
8,470,498,1
8,471,499,1
8,472,500,1
8,473,501,1
8,474,502,1
8,475,503,1
8,476,504,1
8,477,505,1
8,478,506,1
8,479,507,1
8,480,508,1
8,481,509,1
8,482,510,1
8,483,511,1
8,484,512,1
8,485,513,1
8,486,514,1
8,487,515,1
8,488,516,1
8,489,517,1
8,490,518,1
8,491,519,1
8,492,520,1
8,493,521,1
8,494,522,1
8,495,523,1
8,496,524,1
8,497,525,1
8,498,526,1
8,499,527,1
8,500,528,1
8,501,529,1
8,502,530,1
8,503,531,1
8,504,532,1
8,505,533,1
8,506,534,1
8,507,535,1
8,508,536,1
8,509,537,1
8,510,538,1
8,511,539,1
8,512,540,1
8,513,541,1
8,514,542,1
8,515,543,1
8,516,544,1
8,517,545,1
8,518,546,1
8,519,547,1
8,520,548,1
8,521,549,1
8,522,550,1
8,523,551,1
8,524,552,1
8,525,553,1
8,526,554,1
8,527,555,1
8,528,556,1
8,529,557,1
8,530,558,1
8,531,559,1
8,532,560,1
8,533,561,1
8,534,562,1
8,535,563,1
8,536,564,1
8,537,565,1
8,538,566,1
8,539,567,1
8,540,568,1
8,541,569,1
8,542,570,1
8,543,571,1
8,544,572,1
8,545,573,1
8,546,574,1
8,547,575,1
8,548,576,1
8,549,577,1
8,550,578,1
8,551,579,1
8,552,580,1
8,553,581,1
8,554,582,1
8,555,583,1
8,556,584,1
8,557,585,1
8,558,586,1
8,559,587,1
8,560,588,1
8,561,589,1
8,562,590,1
8,563,591,1
8,564,592,1
8,565,593,1
8,566,594,1
8,567,595,1
8,568,596,1
8,569,597,1
8,570,598,1
8,571,599,1
8,572,600,1
8,573,601,1
8,574,602,1
8,575,603,1
8,576,604,1
8,577,605,1
8,578,606,1
8,579,607,1
8,580,608,1
8,581,609,1
8,582,610,1
8,583,611,1
8,584,612,1
8,585,613,1
8,586,614,1
8,587,615,1
8,588,616,1
8,589,617,1
8,590,618,1
8,591,619,1
8,592,620,1
8,593,621,1
8,594,622,1
8,595,623,1
8,596,624,1
8,597,625,1
8,598,626,1
8,599,627,1
8,600,628,1
8,601,629,1
8,602,630,1
8,603,631,1
8,604,632,1
8,605,633,1
8,606,634,1
8,607,635,1
8,608,636,1
8,609,637,1
8,610,638,1
8,611,639,1
8,612,640,1
8,613,641,1
8,614,642,1
8,615,643,1
8,616,644,1
8,617,645,1
8,618,646,1
8,619,647,1
8,620,648,1
8,621,649,1
8,622,650,1
8,623,651,1
8,624,652,1
8,625,653,1
8,626,654,1
8,627,655,1
8,628,656,1
8,629,657,1
8,630,658,1
8,631,659,1
8,632,660,1
8,633,661,1
8,634,662,1
8,635,663,1
8,636,664,1
8,637,665,1
8,638,666,1
8,639,667,1
8,640,668,1
8,641,669,1
8,642,670,1
8,643,671,1
8,644,672,1
8,645,673,1
8,646,674,1
8,647,675,1
8,648,676,1
8,649,677,1
8,650,678,1
8,651,679,1
8,652,680,1
8,653,681,1
8,654,682,1
8,655,683,1
8,656,684,1
8,657,685,1
8,658,686,1
8,659,687,1
8,660,688,1
8,661,689,1
8,662,690,1
8,663,691,1
8,664,692,1
8,665,693,1
8,666,694,1
8,667,695,1
8,668,696,1
8,669,697,1
8,670,698,1
8,671,699,1
8,672,700,1
8,673,701,1
8,674,702,1
8,675,703,1
8,676,704,1
8,677,705,1
8,678,706,1
8,679,707,1
8,680,708,1
8,681,709,1
8,682,710,1
8,683,711,1
8,684,712,1
8,685,713,1
8,686,714,1
8,687,715,1
8,688,716,1
8,689,717,1
8,690,718,1
8,691,719,1
8,692,720,1
8,693,721,1
8,694,722,1
8,695,723,1
8,696,724,1
8,697,725,1
8,698,726,1
8,699,727,1
8,700,728,1
8,701,729,1
8,702,730,1
8,703,731,1
8,704,732,1
8,705,733,1
8,706,734,1
8,707,735,1
8,708,736,1
8,709,737,1
8,710,738,1
8,711,739,1
8,712,740,1
8,713,741,1
8,714,742,1
8,715,743,1
8,716,744,1
8,717,745,1
8,718,746,1
8,719,747,1
8,720,748,1
8,721,749,1
8,722,750,1
8,723,751,1
8,724,752,1
8,725,753,1
8,726,754,1
8,727,755,1
8,728,756,1
8,729,757,1
8,730,758,1
8,731,759,1
8,732,760,1
8,733,761,1
8,734,762,1
8,735,763,1
8,736,764,1
8,737,765,1
8,738,766,1
8,739,767,1
8,740,768,1
8,741,769,1
8,742,770,1
8,743,771,1
8,744,772,1
8,745,773,1
8,746,774,1
8,747,775,1
8,748,776,1
8,749,777,1
8,750,778,1
8,751,779,1
8,752,780,1
8,753,781,1
8,754,782,1
8,755,783,1
8,756,784,1
8,757,785,1
8,758,786,1
8,759,787,1
8,760,788,1
8,761,789,1
8,762,790,1
8,763,791,1
8,764,792,1
8,765,793,1
8,766,794,1
8,767,795,1
8,768,796,1
8,769,797,1
8,770,798,1
8,771,799,1
8,772,800,1
8,773,801,1
8,774,802,1
8,775,803,1
8,776,804,1
8,777,805,1
8,778,806,1
8,779,807,1
8,780,808,1
8,781,809,1
8,782,810,1
8,783,811,1
8,784,812,1
8,785,813,1
8,786,814,1
8,787,815,1
8,788,816,1
8,789,817,1
8,790,818,1
8,791,819,1
8,792,820,1
8,793,821,1
8,794,822,1
8,795,823,1
8,796,824,1
8,797,825,1
8,798,826,1
8,799,827,1
8,800,828,1
8,801,829,1
8,802,830,1
8,803,831,1
8,804,832,1
8,805,833,1
8,806,834,1
8,807,835,1
8,808,836,1
8,809,837,1
8,810,838,1
8,811,839,1
8,812,840,1
8,813,841,1
8,814,842,1
8,815,843,1
8,816,844,1
8,817,845,1
8,818,846,1
8,819,847,1
8,820,848,1
8,821,849,1
8,822,850,1
8,823,851,1
8,824,852,1
8,825,853,1
8,826,854,1
8,827,855,1
8,828,856,1
8,829,857,1
8,830,858,1
8,831,859,1
8,832,860,1
8,833,861,1
8,834,862,1
8,835,863,1
8,836,864,1
8,837,865,1
8,838,866,1
8,839,867,1
8,840,868,1
8,841,869,1
8,842,870,1
8,843,871,1
8,844,872,1
8,845,873,1
8,846,874,1
8,847,875,1
8,848,876,1
8,849,877,1
8,850,878,1
8,851,879,1
8,852,880,1
8,853,881,1
8,854,882,1
8,855,883,1
8,856,884,1
8,857,885,1
8,858,886,1
8,859,887,1
8,860,888,1
8,861,889,1
8,862,890,1
8,863,891,1
8,864,892,1
8,865,893,1
8,866,894,1
8,867,895,1
8,868,896,1
8,869,897,1
8,870,898,1
8,871,899,1
8,872,900,1
8,873,901,1
8,874,902,1
8,875,903,1
8,876,904,1
8,877,905,1
8,878,906,1
8,879,907,1
8,880,908,1
8,881,909,1
8,882,910,1
8,883,911,1
8,884,912,1
8,885,913,1
8,886,914,1
8,887,915,1
8,888,916,1
8,889,917,1
8,890,918,1
8,891,919,1
8,892,920,1
8,893,921,1
8,894,922,1
8,895,923,1
8,896,924,1
8,897,925,1
8,898,926,1
8,899,927,1
8,900,928,1
8,901,929,1
8,902,930,1
8,903,931,1
8,904,932,1
8,905,933,1
8,906,934,1
8,907,935,1
8,908,936,1
8,909,937,1
8,910,938,1
8,911,939,1
8,912,940,1
8,913,941,1
8,914,942,1
8,915,943,1
8,916,944,1
8,917,945,1
8,918,946,1
8,919,947,1
8,920,948,1
8,921,949,1
8,922,950,1
8,923,951,1
8,924,952,1
8,925,953,1
8,926,954,1
8,927,955,1
8,928,956,1
8,929,957,1
8,930,958,1
8,931,959,1
8,932,960,1
8,933,961,1
8,934,962,1
8,935,963,1
8,936,964,1
8,937,965,1
8,938,966,1
8,939,967,1
8,940,968,1
8,941,969,1
8,942,970,1
8,943,971,1
8,944,972,1
8,945,973,1
8,946,974,1
8,947,975,1
8,948,976,1
8,949,977,1
8,950,978,1
8,951,979,1
8,952,980,1
8,953,981,1
8,954,982,1
8,955,983,1
8,956,984,1
8,957,985,1
8,958,986,1
8,959,987,1
8,960,988,1
8,961,989,1
8,962,990,1
8,963,991,1
8,964,992,1
8,965,993,1
8,966,994,1
8,967,995,1
8,968,996,1
8,969,997,1
8,970,998,1
8,971,999,1
8,972,1000,1
8,973,1001,1
8,974,1002,1
8,975,1003,1
8,976,1004,1
8,977,1005,1
8,978,1006,1
8,979,1007,1
8,980,1008,1
8,981,1009,1
8,982,1010,1
8,983,1011,1
8,984,1012,1
8,985,1013,1
8,986,1014,1
8,987,1015,1
8,988,1016,1
8,989,1017,1
8,990,1018,1
8,991,1019,1
8,992,1020,1
8,993,1021,1
8,994,1022,1
8,995,1023,1
8,996,1024,1
8,997,1025,1
8,998,1026,1
8,999,1027,1
8,1000,1028,1
8,1001,1029,1
8,1002,1030,1
8,1003,1031,1
8,1004,1032,1
8,1005,1033,1
8,1006,1034,1
8,1007,1035,1
8,1008,1036,1
8,1009,1037,1
8,1010,1038,1
8,1011,1039,1
8,1012,1040,1
8,1013,1041,1
8,1014,1042,1
8,1015,1043,1
8,1016,1044,1
8,1017,1045,1
8,1018,1046,1
8,1019,1047,1
8,1020,1048,1
8,1021,1049,1
8,1022,1050,1
8,1023,1051,1
8,1024,1052,1
8,1025,1053,1
8,1026,1054,1
8,1027,1055,1
8,1028,1056,1
8,1029,1057,1
8,1030,1058,1
8,1031,1059,1
8,1032,1060,1
8,1033,1061,1
8,1034,1062,1
8,1035,1063,1
8,1036,1064,1
8,1037,1065,1
8,1038,1066,1
8,1039,1067,1
8,1040,1068,1
8,1041,1069,1
8,1042,1070,1
8,1043,1071,1
8,1044,1072,1
8,1045,1073,1
8,1046,1074,1
8,1047,1075,1
8,1048,1076,1
8,1049,1077,1
8,1050,1078,1
8,1051,1079,1
8,1052,1080,1
8,1053,1081,1
8,1054,1082,1
8,1055,1083,1
8,1056,1084,1
8,1057,1085,1
8,1058,1086,1
8,1059,1087,1
8,1060,1088,1
8,1061,1089,1
8,1062,1090,1
8,1063,1091,1
8,1064,1092,1
8,1065,1093,1
8,1066,1094,1
8,1067,1095,1
8,1068,1096,1
8,1069,1097,1
8,1070,1098,1
8,1071,1099,1
8,1072,1100,1
8,1073,1101,1
8,1074,1102,1
8,1075,1103,1
8,1076,1104,1
8,1077,1105,1
8,1078,1106,1
8,1079,1107,1
8,1080,1108,1
8,1081,1109,1
8,1082,1110,1
8,1083,1111,1
8,1084,1112,1
8,1085,1113,1
8,1086,1114,1
8,1087,1115,1
8,1088,1116,1
8,1089,1117,1
8,1090,1118,1
8,1091,1119,1
8,1092,1120,1
8,1093,1121,1
8,1094,1122,1
8,1095,1123,1
8,1096,1124,1
8,1097,1125,1
8,1098,1126,1
8,1099,1127,1
8,1100,1128,1
8,1101,1129,1
8,1102,1130,1
8,1103,1131,1
8,1104,1132,1
8,1105,1133,1
8,1106,1134,1
8,1107,1135,1
8,1108,1136,1
8,1109,1137,1
8,1110,1138,1
8,1111,1139,1
8,1112,1140,1
8,1113,1141,1
8,1114,1142,1
8,1115,1143,1
8,1116,1144,1
8,1117,1145,1
8,1118,1146,1
8,1119,1147,1
8,1120,1148,1
8,1121,1149,1
8,1122,1150,1
8,1123,1151,1
8,1124,1152,1
8,1125,1153,1
8,1126,1154,1
8,1127,1155,1
8,1128,1156,1
8,1129,1157,1
8,1130,1158,1
8,1131,1159,1
8,1132,1160,1
8,1133,1161,1
8,1134,1162,1
8,1135,1163,1
8,1136,1164,1
8,1137,1165,1
8,1138,1166,1
8,1139,1167,1
8,1140,1168,1
8,1141,1169,1
8,1142,1170,1
8,1143,1171,1
8,1144,1172,1
8,1145,1173,1
8,1146,1174,1
8,1147,1175,1
8,1148,1176,1
8,1149,1177,1
8,1150,1178,1
8,1151,1179,1
8,1152,1180,1
8,1153,1181,1
8,1154,1182,1
8,1155,1183,1
8,1156,1184,1
8,1157,1185,1
8,1158,1186,1
8,1159,1187,1
8,1160,1188,1
8,1161,1189,1
8,1162,1190,1
8,1163,1191,1
8,1164,1192,1
8,1165,1193,1
8,1166,1194,1
8,1167,1195,1
8,1168,1196,1
8,1169,1197,1
8,1170,1198,1
8,1171,1199,1
8,1172,1200,1
8,1173,1201,1
8,1174,1202,1
8,1175,1203,1
8,1176,1204,1
8,1177,1205,1
8,1178,1206,1
8,1179,1207,1
8,1180,1208,1
8,1181,1209,1
8,1182,1210,1
8,1183,1211,1
8,1184,1212,1
8,1185,1213,1
8,1186,1214,1
8,1187,1215,1
8,1188,1216,1
8,1189,1217,1
8,1190,1218,1
8,1191,1219,1
8,1192,1220,1
8,1193,1221,1
8,1194,1222,1
8,1195,1223,1
8,1196,1224,1
8,1197,1225,1
8,1198,1226,1
8,1199,1227,1
8,1200,1228,1
8,1201,1229,1
8,1202,1230,1
8,1203,1231,1
8,1204,1232,1
8,1205,1233,1
8,1206,1234,1
8,1207,1235,1
8,1208,1236,1
8,1209,1237,1
8,1210,1238,1
8,1211,1239,1
8,1212,1240,1
8,1213,1241,1
8,1214,1242,1
8,1215,1243,1
8,1216,1244,1
8,1217,1245,1
8,1218,1246,1
8,1219,1247,1
8,1220,1248,1
8,1221,1249,1
8,1222,1250,1
8,1223,1251,1
8,1224,1252,1
8,1225,1253,1
8,1226,1254,1
8,1227,1255,1
8,1228,1256,1
8,1229,1257,1
8,1230,1258,1
8,1231,1259,1
8,1232,1260,1
8,1233,1261,1
8,1234,1262,1
8,1235,1263,1
8,1236,1264,1
8,1237,1265,1
8,1238,1266,1
8,1239,1267,1
8,1240,1268,1
8,1241,1269,1
8,1242,1270,1
8,1243,1271,1
8,1244,1272,1
8,1245,1273,1
8,1246,1274,1
8,1247,1275,1
8,1248,1276,1
8,1249,1277,1
8,1250,1278,1
8,1251,1279,1
8,1252,1280,1
8,1253,1281,1
8,1254,1282,1
8,1255,1283,1
8,1256,1284,1
8,1257,1285,1
8,1258,1286,1
8,1259,1287,1
8,1260,1288,1
8,1261,1289,1
8,1262,1290,1
8,1263,1291,1
8,1264,1292,1
8,1265,1293,1
8,1266,1294,1
8,1267,1295,1
8,1268,1296,1
8,1269,1297,1
8,1270,1298,1
8,1271,1299,1
8,1272,1300,1
8,1273,1301,1
8,1274,1302,1
8,1275,1303,1
8,1276,1304,1
8,1277,1305,1
8,1278,1306,1
8,1279,1307,1
8,1280,1308,1
8,1281,1309,1
8,1282,1310,1
8,1283,1311,1
8,1284,1312,1
8,1285,1313,1
8,1286,1314,1
8,1287,1315,1
8,1288,1316,1
8,1289,1317,1
8,1290,1318,1
8,1291,1319,1
8,1292,1320,1
8,1293,1321,1
8,1294,1322,1
8,1295,1323,1
8,1296,1324,1
8,1297,1325,1
8,1298,1326,1
8,1299,1327,1
8,1300,1328,1
8,1301,1329,1
8,1302,1330,1
8,1303,1331,1
8,1304,1332,1
8,1305,1333,1
8,1306,1334,1
8,1307,1335,1
8,1308,1336,1
8,1309,1337,1
8,1310,1338,1
8,1311,1339,1
8,1312,1340,1
8,1313,1341,1
8,1314,1342,1
8,1315,1343,1
8,1316,1344,1
8,1317,1345,1
8,1318,1346,1
8,1319,1347,1
8,1320,1348,1
8,1321,1349,1
8,1322,1350,1
8,1323,1351,1
8,1324,1352,1
8,1325,1353,1
8,1326,1354,1
8,1327,1355,1
8,1328,1356,1
8,1329,1357,1
8,1330,1358,1
8,1331,1359,1
8,1332,1360,1
8,1333,1361,1
8,1334,1362,1
8,1335,1363,1
8,1336,1364,1
8,1337,1365,1
8,1338,1366,1
8,1339,1367,1
8,1340,1368,1
8,1341,1369,1
8,1342,1370,1
8,1343,1371,1
8,1344,1372,1
8,1345,1373,1
8,1346,1374,1
8,1347,1375,1
8,1348,1376,1
8,1349,1377,1
8,1350,1378,1
8,1351,1379,1
8,1352,1380,1
8,1353,1381,1
8,1354,1382,1
8,1355,1383,1
8,1356,1384,1
8,1357,1385,1
8,1358,1386,1
8,1359,1387,1
8,1360,1388,1
8,1361,1389,1
8,1362,1390,1
8,1363,1391,1
8,1364,1392,1
8,1365,1393,1
8,1366,1394,1
8,1367,1395,1
8,1368,1396,1
8,1369,1397,1
8,1370,1398,1
8,1371,1399,1
8,1372,1400,1
8,1373,1401,1
8,1374,1402,1
8,1375,1403,1
8,1376,1404,1
8,1377,1405,1
8,1378,1406,1
8,1379,1407,1
8,1380,1408,1
8,1381,1409,1
8,1382,1410,1
8,1383,1411,1
8,1384,1412,1
8,1385,1413,1
8,1386,1414,1
8,1387,1415,1
8,1388,1416,1
8,1389,1417,1
8,1390,1418,1
8,1391,1419,1
8,1392,1420,1
8,1393,1421,1
8,1394,1422,1
8,1395,1423,1
8,1396,1424,1
8,1397,1425,1
8,1398,1426,1
8,1399,1427,1
8,1400,1428,1
8,1401,1429,1
8,1402,1430,1
8,1403,1431,1
8,1404,1432,1
8,1405,1433,1
8,1406,1434,1
8,1407,1435,1
8,1408,1436,1
8,1409,1437,1
8,1410,1438,1
8,1411,1439,1
8,1412,1440,1
8,1413,1441,1
8,1414,1442,1
8,1415,1443,1
8,1416,1444,1
8,1417,1445,1
8,1418,1446,1
8,1419,1447,1
8,1420,1448,1
8,1421,1449,1
8,1422,1450,1
8,1423,1451,1
8,1424,1452,1
8,1425,1453,1
8,1426,1454,1
8,1427,1455,1
8,1428,1456,1
8,1429,1457,1
8,1430,1458,1
8,1431,1459,1
8,1432,1460,1
8,1433,1461,1
8,1434,1462,1
8,1435,1463,1
8,1436,1464,1
8,1437,1465,1
8,1438,1466,1
8,1439,1467,1
8,1440,1468,1
8,1441,1469,1
8,1442,1470,1
8,1443,1471,1
8,1444,1472,1
8,1445,1473,1
8,1446,1474,1
8,1447,1475,1
8,1448,1476,1
8,1449,1477,1
8,1450,1478,1
8,1451,1479,1
8,1452,1480,1
8,1453,1481,1
8,1454,1482,1
8,1455,1483,1
8,1456,1484,1
8,1457,1485,1
8,1458,1486,1
8,1459,1487,1
8,1460,1488,1
8,1461,1489,1
8,1462,1490,1
8,1463,1491,1
8,1464,1492,1
8,1465,1493,1
8,1466,1494,1
8,1467,1495,1
8,1468,1496,1
8,1469,1497,1
8,1470,1498,1
8,1471,1499,1
8,1472,1500,1
8,1473,1501,1
8,1474,1502,1
8,1475,1503,1
8,1476,1504,1
8,1477,1505,1
8,1478,1506,1
8,1479,1507,1
8,1480,1508,1
8,1481,1509,1
8,1482,1510,1
8,1483,1511,1
8,1484,1512,1
8,1485,1513,1
8,1486,1514,1
8,1487,1515,1
8,1488,1516,1
8,1489,1517,1
8,1490,1518,1
8,1491,1519,1
8,1492,1520,1
8,1493,1521,1
8,1494,1522,1
8,1495,1523,1
8,1496,1524,1
8,1497,1525,1
8,1498,1526,1
8,1499,1527,1
8,1500,1528,1
9,0,28,1
9,1,29,1
9,2,30,1
9,3,31,1
9,4,32,1
9,5,33,1
9,6,34,1
9,7,35,1
9,8,36,1
9,9,37,1
9,10,38,1
9,11,39,1
9,12,40,1
9,13,41,1
9,14,42,1
9,15,43,1
9,16,44,1
9,17,45,1
9,18,46,1
9,19,47,1
9,20,48,1
9,21,49,1
9,22,50,1
9,23,51,1
9,24,52,1
9,25,53,1
9,26,54,1
9,27,55,1
9,28,56,1
9,29,57,1
9,30,58,1
9,31,59,1
9,32,60,1
9,33,61,1
9,34,62,1
9,35,63,1
9,36,64,1
9,37,65,1
9,38,66,1
9,39,67,1
9,40,68,1
9,41,69,1
9,42,70,1
9,43,71,1
9,44,72,1
9,45,73,1
9,46,74,1
9,47,75,1
9,48,76,1
9,49,77,1
9,50,78,1
9,51,79,1
9,52,80,1
9,53,81,1
9,54,82,1
9,55,83,1
9,56,84,1
9,57,85,1
9,58,86,1
9,59,87,1
9,60,88,1
9,61,89,1
9,62,90,1
9,63,91,1
9,64,92,1
9,65,93,1
9,66,94,1
9,67,95,1
9,68,96,1
9,69,97,1
9,70,98,1
9,71,99,1
9,72,100,1
9,73,101,1
9,74,102,1
9,75,103,1
9,76,104,1
9,77,105,1
9,78,106,1
9,79,107,1
9,80,108,1
9,81,109,1
9,82,110,1
9,83,111,1
9,84,112,1
9,85,113,1
9,86,114,1
9,87,115,1
9,88,116,1
9,89,117,1
9,90,118,1
9,91,119,1
9,92,120,1
9,93,121,1
9,94,122,1
9,95,123,1
9,96,124,1
9,97,125,1
9,98,126,1
9,99,127,1
9,100,128,1
9,101,129,1
9,102,130,1
9,103,131,1
9,104,132,1
9,105,133,1
9,106,134,1
9,107,135,1
9,108,136,1
9,109,137,1
9,110,138,1
9,111,139,1
9,112,140,1
9,113,141,1
9,114,142,1
9,115,143,1
9,116,144,1
9,117,145,1
9,118,146,1
9,119,147,1
9,120,148,1
9,121,149,1
9,122,150,1
9,123,151,1
9,124,152,1
9,125,153,1
9,126,154,1
9,127,155,1
9,128,156,1
9,129,157,1
9,130,158,1
9,131,159,1
9,132,160,1
9,133,161,1
9,134,162,1
9,135,163,1
9,136,164,1
9,137,165,1
9,138,166,1
9,139,167,1
9,140,168,1
9,141,169,1
9,142,170,1
9,143,171,1
9,144,172,1
9,145,173,1
9,146,174,1
9,147,175,1
9,148,176,1
9,149,177,1
9,150,178,1
9,151,179,1
9,152,180,1
9,153,181,1
9,154,182,1
9,155,183,1
9,156,184,1
9,157,185,1
9,158,186,1
9,159,187,1
9,160,188,1
9,161,189,1
9,162,190,1
9,163,191,1
9,164,192,1
9,165,193,1
9,166,194,1
9,167,195,1
9,168,196,1
9,169,197,1
9,170,198,1
9,171,199,1
9,172,200,1
9,173,201,1
9,174,202,1
9,175,203,1
9,176,204,1
9,177,205,1
9,178,206,1
9,179,207,1
9,180,208,1
9,181,209,1
9,182,210,1
9,183,211,1
9,184,212,1
9,185,213,1
9,186,214,1
9,187,215,1
9,188,216,1
9,189,217,1
9,190,218,1
9,191,219,1
9,192,220,1
9,193,221,1
9,194,222,1
9,195,223,1
9,196,224,1
9,197,225,1
9,198,226,1
9,199,227,1
9,200,228,1
9,201,229,1
9,202,230,1
9,203,231,1
9,204,232,1
9,205,233,1
9,206,234,1
9,207,235,1
9,208,236,1
9,209,237,1
9,210,238,1
9,211,239,1
9,212,240,1
9,213,241,1
9,214,242,1
9,215,243,1
9,216,244,1
9,217,245,1
9,218,246,1
9,219,247,1
9,220,248,1
9,221,249,1
9,222,250,1
9,223,251,1
9,224,252,1
9,225,253,1
9,226,254,1
9,227,255,1
9,228,256,1
9,229,257,1
9,230,258,1
9,231,259,1
9,232,260,1
9,233,261,1
9,234,262,1
9,235,263,1
9,236,264,1
9,237,265,1
9,238,266,1
9,239,267,1
9,240,268,1
9,241,269,1
9,242,270,1
9,243,271,1
9,244,272,1
9,245,273,1
9,246,274,1
9,247,275,1
9,248,276,1
9,249,277,1
9,250,278,1
9,251,279,1
9,252,280,1
9,253,281,1
9,254,282,1
9,255,283,1
9,256,284,1
9,257,285,1
9,258,286,1
9,259,287,1
9,260,288,1
9,261,289,1
9,262,290,1
9,263,291,1
9,264,292,1
9,265,293,1
9,266,294,1
9,267,295,1
9,268,296,1
9,269,297,1
9,270,298,1
9,271,299,1
9,272,300,1
9,273,301,1
9,274,302,1
9,275,303,1
9,276,304,1
9,277,305,1
9,278,306,1
9,279,307,1
9,280,308,1
9,281,309,1
9,282,310,1
9,283,311,1
9,284,312,1
9,285,313,1
9,286,314,1
9,287,315,1
9,288,316,1
9,289,317,1
9,290,318,1
9,291,319,1
9,292,320,1
9,293,321,1
9,294,322,1
9,295,323,1
9,296,324,1
9,297,325,1
9,298,326,1
9,299,327,1
9,300,328,1
9,301,329,1
9,302,330,1
9,303,331,1
9,304,332,1
9,305,333,1
9,306,334,1
9,307,335,1
9,308,336,1
9,309,337,1
9,310,338,1
9,311,339,1
9,312,340,1
9,313,341,1
9,314,342,1
9,315,343,1
9,316,344,1
9,317,345,1
9,318,346,1
9,319,347,1
9,320,348,1
9,321,349,1
9,322,350,1
9,323,351,1
9,324,352,1
9,325,353,1
9,326,354,1
9,327,355,1
9,328,356,1
9,329,357,1
9,330,358,1
9,331,359,1
9,332,360,1
9,333,361,1
9,334,362,1
9,335,363,1
9,336,364,1
9,337,365,1
9,338,366,1
9,339,367,1
9,340,368,1
9,341,369,1
9,342,370,1
9,343,371,1
9,344,372,1
9,345,373,1
9,346,374,1
9,347,375,1
9,348,376,1
9,349,377,1
9,350,378,1
9,351,379,1
9,352,380,1
9,353,381,1
9,354,382,1
9,355,383,1
9,356,384,1
9,357,385,1
9,358,386,1
9,359,387,1
9,360,388,1
9,361,389,1
9,362,390,1
9,363,391,1
9,364,392,1
9,365,393,1
9,366,394,1
9,367,395,1
9,368,396,1
9,369,397,1
9,370,398,1
9,371,399,1
9,372,400,1
9,373,401,1
9,374,402,1
9,375,403,1
9,376,404,1
9,377,405,1
9,378,406,1
9,379,407,1
9,380,408,1
9,381,409,1
9,382,410,1
9,383,411,1
9,384,412,1
9,385,413,1
9,386,414,1
9,387,415,1
9,388,416,1
9,389,417,1
9,390,418,1
9,391,419,1
9,392,420,1
9,393,421,1
9,394,422,1
9,395,423,1
9,396,424,1
9,397,425,1
9,398,426,1
9,399,427,1
9,400,428,1
9,401,429,1
9,402,430,1
9,403,431,1
9,404,432,1
9,405,433,1
9,406,434,1
9,407,435,1
9,408,436,1
9,409,437,1
9,410,438,1
9,411,439,1
9,412,440,1
9,413,441,1
9,414,442,1
9,415,443,1
9,416,444,1
9,417,445,1
9,418,446,1
9,419,447,1
9,420,448,1
9,421,449,1
9,422,450,1
9,423,451,1
9,424,452,1
9,425,453,1
9,426,454,1
9,427,455,1
9,428,456,1
9,429,457,1
9,430,458,1
9,431,459,1
9,432,460,1
9,433,461,1
9,434,462,1
9,435,463,1
9,436,464,1
9,437,465,1
9,438,466,1
9,439,467,1
9,440,468,1
9,441,469,1
9,442,470,1
9,443,471,1
9,444,472,1
9,445,473,1
9,446,474,1
9,447,475,1
9,448,476,1
9,449,477,1
9,450,478,1
9,451,479,1
9,452,480,1
9,453,481,1
9,454,482,1
9,455,483,1
9,456,484,1
9,457,485,1
9,458,486,1
9,459,487,1
9,460,488,1
9,461,489,1
9,462,490,1
9,463,491,1
9,464,492,1
9,465,493,1
9,466,494,1
9,467,495,1
9,468,496,1
9,469,497,1
9,470,498,1
9,471,499,1
9,472,500,1
9,473,501,1
9,474,502,1
9,475,503,1
9,476,504,1
9,477,505,1
9,478,506,1
9,479,507,1
9,480,508,1
9,481,509,1
9,482,510,1
9,483,511,1
9,484,512,1
9,485,513,1
9,486,514,1
9,487,515,1
9,488,516,1
9,489,517,1
9,490,518,1
9,491,519,1
9,492,520,1
9,493,521,1
9,494,522,1
9,495,523,1
9,496,524,1
9,497,525,1
9,498,526,1
9,499,527,1
9,500,528,1
9,501,529,1
9,502,530,1
9,503,531,1
9,504,532,1
9,505,533,1
9,506,534,1
9,507,535,1
9,508,536,1
9,509,537,1
9,510,538,1
9,511,539,1
9,512,540,1
9,513,541,1
9,514,542,1
9,515,543,1
9,516,544,1
9,517,545,1
9,518,546,1
9,519,547,1
9,520,548,1
9,521,549,1
9,522,550,1
9,523,551,1
9,524,552,1
9,525,553,1
9,526,554,1
9,527,555,1
9,528,556,1
9,529,557,1
9,530,558,1
9,531,559,1
9,532,560,1
9,533,561,1
9,534,562,1
9,535,563,1
9,536,564,1
9,537,565,1
9,538,566,1
9,539,567,1
9,540,568,1
9,541,569,1
9,542,570,1
9,543,571,1
9,544,572,1
9,545,573,1
9,546,574,1
9,547,575,1
9,548,576,1
9,549,577,1
9,550,578,1
9,551,579,1
9,552,580,1
9,553,581,1
9,554,582,1
9,555,583,1
9,556,584,1
9,557,585,1
9,558,586,1
9,559,587,1
9,560,588,1
9,561,589,1
9,562,590,1
9,563,591,1
9,564,592,1
9,565,593,1
9,566,594,1
9,567,595,1
9,568,596,1
9,569,597,1
9,570,598,1
9,571,599,1
9,572,600,1
9,573,601,1
9,574,602,1
9,575,603,1
9,576,604,1
9,577,605,1
9,578,606,1
9,579,607,1
9,580,608,1
9,581,609,1
9,582,610,1
9,583,611,1
9,584,612,1
9,585,613,1
9,586,614,1
9,587,615,1
9,588,616,1
9,589,617,1
9,590,618,1
9,591,619,1
9,592,620,1
9,593,621,1
9,594,622,1
9,595,623,1
9,596,624,1
9,597,625,1
9,598,626,1
9,599,627,1
9,600,628,1
9,601,629,1
9,602,630,1
9,603,631,1
9,604,632,1
9,605,633,1
9,606,634,1
9,607,635,1
9,608,636,1
9,609,637,1
9,610,638,1
9,611,639,1
9,612,640,1
9,613,641,1
9,614,642,1
9,615,643,1
9,616,644,1
9,617,645,1
9,618,646,1
9,619,647,1
9,620,648,1
9,621,649,1
9,622,650,1
9,623,651,1
9,624,652,1
9,625,653,1
9,626,654,1
9,627,655,1
9,628,656,1
9,629,657,1
9,630,658,1
9,631,659,1
9,632,660,1
9,633,661,1
9,634,662,1
9,635,663,1
9,636,664,1
9,637,665,1
9,638,666,1
9,639,667,1
9,640,668,1
9,641,669,1
9,642,670,1
9,643,671,1
9,644,672,1
9,645,673,1
9,646,674,1
9,647,675,1
9,648,676,1
9,649,677,1
9,650,678,1
9,651,679,1
9,652,680,1
9,653,681,1
9,654,682,1
9,655,683,1
9,656,684,1
9,657,685,1
9,658,686,1
9,659,687,1
9,660,688,1
9,661,689,1
9,662,690,1
9,663,691,1
9,664,692,1
9,665,693,1
9,666,694,1
9,667,695,1
9,668,696,1
9,669,697,1
9,670,698,1
9,671,699,1
9,672,700,1
9,673,701,1
9,674,702,1
9,675,703,1
9,676,704,1
9,677,705,1
9,678,706,1
9,679,707,1
9,680,708,1
9,681,709,1
9,682,710,1
9,683,711,1
9,684,712,1
9,685,713,1
9,686,714,1
9,687,715,1
9,688,716,1
9,689,717,1
9,690,718,1
9,691,719,1
9,692,720,1
9,693,721,1
9,694,722,1
9,695,723,1
9,696,724,1
9,697,725,1
9,698,726,1
9,699,727,1
9,700,728,1
9,701,729,1
9,702,730,1
9,703,731,1
9,704,732,1
9,705,733,1
9,706,734,1
9,707,735,1
9,708,736,1
9,709,737,1
9,710,738,1
9,711,739,1
9,712,740,1
9,713,741,1
9,714,742,1
9,715,743,1
9,716,744,1
9,717,745,1
9,718,746,1
9,719,747,1
9,720,748,1
9,721,749,1
9,722,750,1
9,723,751,1
9,724,752,1
9,725,753,1
9,726,754,1
9,727,755,1
9,728,756,1
9,729,757,1
9,730,758,1
9,731,759,1
9,732,760,1
9,733,761,1
9,734,762,1
9,735,763,1
9,736,764,1
9,737,765,1
9,738,766,1
9,739,767,1
9,740,768,1
9,741,769,1
9,742,770,1
9,743,771,1
9,744,772,1
9,745,773,1
9,746,774,1
9,747,775,1
9,748,776,1
9,749,777,1
9,750,778,1
9,751,779,1
9,752,780,1
9,753,781,1
9,754,782,1
9,755,783,1
9,756,784,1
9,757,785,1
9,758,786,1
9,759,787,1
9,760,788,1
9,761,789,1
9,762,790,1
9,763,791,1
9,764,792,1
9,765,793,1
9,766,794,1
9,767,795,1
9,768,796,1
9,769,797,1
9,770,798,1
9,771,799,1
9,772,800,1
9,773,801,1
9,774,802,1
9,775,803,1
9,776,804,1
9,777,805,1
9,778,806,1
9,779,807,1
9,780,808,1
9,781,809,1
9,782,810,1
9,783,811,1
9,784,812,1
9,785,813,1
9,786,814,1
9,787,815,1
9,788,816,1
9,789,817,1
9,790,818,1
9,791,819,1
9,792,820,1
9,793,821,1
9,794,822,1
9,795,823,1
9,796,824,1
9,797,825,1
9,798,826,1
9,799,827,1
9,800,828,1
9,801,829,1
9,802,830,1
9,803,831,1
9,804,832,1
9,805,833,1
9,806,834,1
9,807,835,1
9,808,836,1
9,809,837,1
9,810,838,1
9,811,839,1
9,812,840,1
9,813,841,1
9,814,842,1
9,815,843,1
9,816,844,1
9,817,845,1
9,818,846,1
9,819,847,1
9,820,848,1
9,821,849,1
9,822,850,1
9,823,851,1
9,824,852,1
9,825,853,1
9,826,854,1
9,827,855,1
9,828,856,1
9,829,857,1
9,830,858,1
9,831,859,1
9,832,860,1
9,833,861,1
9,834,862,1
9,835,863,1
9,836,864,1
9,837,865,1
9,838,866,1
9,839,867,1
9,840,868,1
9,841,869,1
9,842,870,1
9,843,871,1
9,844,872,1
9,845,873,1
9,846,874,1
9,847,875,1
9,848,876,1
9,849,877,1
9,850,878,1
9,851,879,1
9,852,880,1
9,853,881,1
9,854,882,1
9,855,883,1
9,856,884,1
9,857,885,1
9,858,886,1
9,859,887,1
9,860,888,1
9,861,889,1
9,862,890,1
9,863,891,1
9,864,892,1
9,865,893,1
9,866,894,1
9,867,895,1
9,868,896,1
9,869,897,1
9,870,898,1
9,871,899,1
9,872,900,1
9,873,901,1
9,874,902,1
9,875,903,1
9,876,904,1
9,877,905,1
9,878,906,1
9,879,907,1
9,880,908,1
9,881,909,1
9,882,910,1
9,883,911,1
9,884,912,1
9,885,913,1
9,886,914,1
9,887,915,1
9,888,916,1
9,889,917,1
9,890,918,1
9,891,919,1
9,892,920,1
9,893,921,1
9,894,922,1
9,895,923,1
9,896,924,1
9,897,925,1
9,898,926,1
9,899,927,1
9,900,928,1
9,901,929,1
9,902,930,1
9,903,931,1
9,904,932,1
9,905,933,1
9,906,934,1
9,907,935,1
9,908,936,1
9,909,937,1
9,910,938,1
9,911,939,1
9,912,940,1
9,913,941,1
9,914,942,1
9,915,943,1
9,916,944,1
9,917,945,1
9,918,946,1
9,919,947,1
9,920,948,1
9,921,949,1
9,922,950,1
9,923,951,1
9,924,952,1
9,925,953,1
9,926,954,1
9,927,955,1
9,928,956,1
9,929,957,1
9,930,958,1
9,931,959,1
9,932,960,1
9,933,961,1
9,934,962,1
9,935,963,1
9,936,964,1
9,937,965,1
9,938,966,1
9,939,967,1
9,940,968,1
9,941,969,1
9,942,970,1
9,943,971,1
9,944,972,1
9,945,973,1
9,946,974,1
9,947,975,1
9,948,976,1
9,949,977,1
9,950,978,1
9,951,979,1
9,952,980,1
9,953,981,1
9,954,982,1
9,955,983,1
9,956,984,1
9,957,985,1
9,958,986,1
9,959,987,1
9,960,988,1
9,961,989,1
9,962,990,1
9,963,991,1
9,964,992,1
9,965,993,1
9,966,994,1
9,967,995,1
9,968,996,1
9,969,997,1
9,970,998,1
9,971,999,1
9,972,1000,1
9,973,1001,1
9,974,1002,1
9,975,1003,1
9,976,1004,1
9,977,1005,1
9,978,1006,1
9,979,1007,1
9,980,1008,1
9,981,1009,1
9,982,1010,1
9,983,1011,1
9,984,1012,1
9,985,1013,1
9,986,1014,1
9,987,1015,1
9,988,1016,1
9,989,1017,1
9,990,1018,1
9,991,1019,1
9,992,1020,1
9,993,1021,1
9,994,1022,1
9,995,1023,1
9,996,1024,1
9,997,1025,1
9,998,1026,1
9,999,1027,1
9,1000,1028,1
9,1001,1029,1
9,1002,1030,1
9,1003,1031,1
9,1004,1032,1
9,1005,1033,1
9,1006,1034,1
9,1007,1035,1
9,1008,1036,1
9,1009,1037,1
9,1010,1038,1
9,1011,1039,1
9,1012,1040,1
9,1013,1041,1
9,1014,1042,1
9,1015,1043,1
9,1016,1044,1
9,1017,1045,1
9,1018,1046,1
9,1019,1047,1
9,1020,1048,1
9,1021,1049,1
9,1022,1050,1
9,1023,1051,1
9,1024,1052,1
9,1025,1053,1
9,1026,1054,1
9,1027,1055,1
9,1028,1056,1
9,1029,1057,1
9,1030,1058,1
9,1031,1059,1
9,1032,1060,1
9,1033,1061,1
9,1034,1062,1
9,1035,1063,1
9,1036,1064,1
9,1037,1065,1
9,1038,1066,1
9,1039,1067,1
9,1040,1068,1
9,1041,1069,1
9,1042,1070,1
9,1043,1071,1
9,1044,1072,1
9,1045,1073,1
9,1046,1074,1
9,1047,1075,1
9,1048,1076,1
9,1049,1077,1
9,1050,1078,1
9,1051,1079,1
9,1052,1080,1
9,1053,1081,1
9,1054,1082,1
9,1055,1083,1
9,1056,1084,1
9,1057,1085,1
9,1058,1086,1
9,1059,1087,1
9,1060,1088,1
9,1061,1089,1
9,1062,1090,1
9,1063,1091,1
9,1064,1092,1
9,1065,1093,1
9,1066,1094,1
9,1067,1095,1
9,1068,1096,1
9,1069,1097,1
9,1070,1098,1
9,1071,1099,1
9,1072,1100,1
9,1073,1101,1
9,1074,1102,1
9,1075,1103,1
9,1076,1104,1
9,1077,1105,1
9,1078,1106,1
9,1079,1107,1
9,1080,1108,1
9,1081,1109,1
9,1082,1110,1
9,1083,1111,1
9,1084,1112,1
9,1085,1113,1
9,1086,1114,1
9,1087,1115,1
9,1088,1116,1
9,1089,1117,1
9,1090,1118,1
9,1091,1119,1
9,1092,1120,1
9,1093,1121,1
9,1094,1122,1
9,1095,1123,1
9,1096,1124,1
9,1097,1125,1
9,1098,1126,1
9,1099,1127,1
9,1100,1128,1
9,1101,1129,1
9,1102,1130,1
9,1103,1131,1
9,1104,1132,1
9,1105,1133,1
9,1106,1134,1
9,1107,1135,1
9,1108,1136,1
9,1109,1137,1
9,1110,1138,1
9,1111,1139,1
9,1112,1140,1
9,1113,1141,1
9,1114,1142,1
9,1115,1143,1
9,1116,1144,1
9,1117,1145,1
9,1118,1146,1
9,1119,1147,1
9,1120,1148,1
9,1121,1149,1
9,1122,1150,1
9,1123,1151,1
9,1124,1152,1
9,1125,1153,1
9,1126,1154,1
9,1127,1155,1
9,1128,1156,1
9,1129,1157,1
9,1130,1158,1
9,1131,1159,1
9,1132,1160,1
9,1133,1161,1
9,1134,1162,1
9,1135,1163,1
9,1136,1164,1
9,1137,1165,1
9,1138,1166,1
9,1139,1167,1
9,1140,1168,1
9,1141,1169,1
9,1142,1170,1
9,1143,1171,1
9,1144,1172,1
9,1145,1173,1
9,1146,1174,1
9,1147,1175,1
9,1148,1176,1
9,1149,1177,1
9,1150,1178,1
9,1151,1179,1
9,1152,1180,1
9,1153,1181,1
9,1154,1182,1
9,1155,1183,1
9,1156,1184,1
9,1157,1185,1
9,1158,1186,1
9,1159,1187,1
9,1160,1188,1
9,1161,1189,1
9,1162,1190,1
9,1163,1191,1
9,1164,1192,1
9,1165,1193,1
9,1166,1194,1
9,1167,1195,1
9,1168,1196,1
9,1169,1197,1
9,1170,1198,1
9,1171,1199,1
9,1172,1200,1
9,1173,1201,1
9,1174,1202,1
9,1175,1203,1
9,1176,1204,1
9,1177,1205,1
9,1178,1206,1
9,1179,1207,1
9,1180,1208,1
9,1181,1209,1
9,1182,1210,1
9,1183,1211,1
9,1184,1212,1
9,1185,1213,1
9,1186,1214,1
9,1187,1215,1
9,1188,1216,1
9,1189,1217,1
9,1190,1218,1
9,1191,1219,1
9,1192,1220,1
9,1193,1221,1
9,1194,1222,1
9,1195,1223,1
9,1196,1224,1
9,1197,1225,1
9,1198,1226,1
9,1199,1227,1
9,1200,1228,1
9,1201,1229,1
9,1202,1230,1
9,1203,1231,1
9,1204,1232,1
9,1205,1233,1
9,1206,1234,1
9,1207,1235,1
9,1208,1236,1
9,1209,1237,1
9,1210,1238,1
9,1211,1239,1
9,1212,1240,1
9,1213,1241,1
9,1214,1242,1
9,1215,1243,1
9,1216,1244,1
9,1217,1245,1
9,1218,1246,1
9,1219,1247,1
9,1220,1248,1
9,1221,1249,1
9,1222,1250,1
9,1223,1251,1
9,1224,1252,1
9,1225,1253,1
9,1226,1254,1
9,1227,1255,1
9,1228,1256,1
9,1229,1257,1
9,1230,1258,1
9,1231,1259,1
9,1232,1260,1
9,1233,1261,1
9,1234,1262,1
9,1235,1263,1
9,1236,1264,1
9,1237,1265,1
9,1238,1266,1
9,1239,1267,1
9,1240,1268,1
9,1241,1269,1
9,1242,1270,1
9,1243,1271,1
9,1244,1272,1
9,1245,1273,1
9,1246,1274,1
9,1247,1275,1
9,1248,1276,1
9,1249,1277,1
9,1250,1278,1
9,1251,1279,1
9,1252,1280,1
9,1253,1281,1
9,1254,1282,1
9,1255,1283,1
9,1256,1284,1
9,1257,1285,1
9,1258,1286,1
9,1259,1287,1
9,1260,1288,1
9,1261,1289,1
9,1262,1290,1
9,1263,1291,1
9,1264,1292,1
9,1265,1293,1
9,1266,1294,1
9,1267,1295,1
9,1268,1296,1
9,1269,1297,1
9,1270,1298,1
9,1271,1299,1
9,1272,1300,1
9,1273,1301,1
9,1274,1302,1
9,1275,1303,1
9,1276,1304,1
9,1277,1305,1
9,1278,1306,1
9,1279,1307,1
9,1280,1308,1
9,1281,1309,1
9,1282,1310,1
9,1283,1311,1
9,1284,1312,1
9,1285,1313,1
9,1286,1314,1
9,1287,1315,1
9,1288,1316,1
9,1289,1317,1
9,1290,1318,1
9,1291,1319,1
9,1292,1320,1
9,1293,1321,1
9,1294,1322,1
9,1295,1323,1
9,1296,1324,1
9,1297,1325,1
9,1298,1326,1
9,1299,1327,1
9,1300,1328,1
9,1301,1329,1
9,1302,1330,1
9,1303,1331,1
9,1304,1332,1
9,1305,1333,1
9,1306,1334,1
9,1307,1335,1
9,1308,1336,1
9,1309,1337,1
9,1310,1338,1
9,1311,1339,1
9,1312,1340,1
9,1313,1341,1
9,1314,1342,1
9,1315,1343,1
9,1316,1344,1
9,1317,1345,1
9,1318,1346,1
9,1319,1347,1
9,1320,1348,1
9,1321,1349,1
9,1322,1350,1
9,1323,1351,1
9,1324,1352,1
9,1325,1353,1
9,1326,1354,1
9,1327,1355,1
9,1328,1356,1
9,1329,1357,1
9,1330,1358,1
9,1331,1359,1
9,1332,1360,1
9,1333,1361,1
9,1334,1362,1
9,1335,1363,1
9,1336,1364,1
9,1337,1365,1
9,1338,1366,1
9,1339,1367,1
9,1340,1368,1
9,1341,1369,1
9,1342,1370,1
9,1343,1371,1
9,1344,1372,1
9,1345,1373,1
9,1346,1374,1
9,1347,1375,1
9,1348,1376,1
9,1349,1377,1
9,1350,1378,1
9,1351,1379,1
9,1352,1380,1
9,1353,1381,1
9,1354,1382,1
9,1355,1383,1
9,1356,1384,1
9,1357,1385,1
9,1358,1386,1
9,1359,1387,1
9,1360,1388,1
9,1361,1389,1
9,1362,1390,1
9,1363,1391,1
9,1364,1392,1
9,1365,1393,1
9,1366,1394,1
9,1367,1395,1
9,1368,1396,1
9,1369,1397,1
9,1370,1398,1
9,1371,1399,1
9,1372,1400,1
9,1373,1401,1
9,1374,1402,1
9,1375,1403,1
9,1376,1404,1
9,1377,1405,1
9,1378,1406,1
9,1379,1407,1
9,1380,1408,1
9,1381,1409,1
9,1382,1410,1
9,1383,1411,1
9,1384,1412,1
9,1385,1413,1
9,1386,1414,1
9,1387,1415,1
9,1388,1416,1
9,1389,1417,1
9,1390,1418,1
9,1391,1419,1
9,1392,1420,1
9,1393,1421,1
9,1394,1422,1
9,1395,1423,1
9,1396,1424,1
9,1397,1425,1
9,1398,1426,1
9,1399,1427,1
9,1400,1428,1
9,1401,1429,1
9,1402,1430,1
9,1403,1431,1
9,1404,1432,1
9,1405,1433,1
9,1406,1434,1
9,1407,1435,1
9,1408,1436,1
9,1409,1437,1
9,1410,1438,1
9,1411,1439,1
9,1412,1440,1
9,1413,1441,1
9,1414,1442,1
9,1415,1443,1
9,1416,1444,1
9,1417,1445,1
9,1418,1446,1
9,1419,1447,1
9,1420,1448,1
9,1421,1449,1
9,1422,1450,1
9,1423,1451,1
9,1424,1452,1
9,1425,1453,1
9,1426,1454,1
9,1427,1455,1
9,1428,1456,1
9,1429,1457,1
9,1430,1458,1
9,1431,1459,1
9,1432,1460,1
9,1433,1461,1
9,1434,1462,1
9,1435,1463,1
9,1436,1464,1
9,1437,1465,1
9,1438,1466,1
9,1439,1467,1
9,1440,1468,1
9,1441,1469,1
9,1442,1470,1
9,1443,1471,1
9,1444,1472,1
9,1445,1473,1
9,1446,1474,1
9,1447,1475,1
9,1448,1476,1
9,1449,1477,1
9,1450,1478,1
9,1451,1479,1
9,1452,1480,1
9,1453,1481,1
9,1454,1482,1
9,1455,1483,1
9,1456,1484,1
9,1457,1485,1
9,1458,1486,1
9,1459,1487,1
9,1460,1488,1
9,1461,1489,1
9,1462,1490,1
9,1463,1491,1
9,1464,1492,1
9,1465,1493,1
9,1466,1494,1
9,1467,1495,1
9,1468,1496,1
9,1469,1497,1
9,1470,1498,1
9,1471,1499,1
9,1472,1500,1
9,1473,1501,1
9,1474,1502,1
9,1475,1503,1
9,1476,1504,1
9,1477,1505,1
9,1478,1506,1
9,1479,1507,1
9,1480,1508,1
9,1481,1509,1
9,1482,1510,1
9,1483,1511,1
9,1484,1512,1
9,1485,1513,1
9,1486,1514,1
9,1487,1515,1
9,1488,1516,1
9,1489,1517,1
9,1490,1518,1
9,1491,1519,1
9,1492,1520,1
9,1493,1521,1
9,1494,1522,1
9,1495,1523,1
9,1496,1524,1
9,1497,1525,1
9,1498,1526,1
9,1499,1527,1
9,1500,1528,1
10,0,28,1
10,1,29,1
10,2,30,1
10,3,31,1
10,4,32,1
10,5,33,1
10,6,34,1
10,7,35,1
10,8,36,1
10,9,37,1
10,10,38,1
10,11,39,1
10,12,40,1
10,13,41,1
10,14,42,1
10,15,43,1
10,16,44,1
10,17,45,1
10,18,46,1
10,19,47,1
10,20,48,1
10,21,49,1
10,22,50,1
10,23,51,1
10,24,52,1
10,25,53,1
10,26,54,1
10,27,55,1
10,28,56,1
10,29,57,1
10,30,58,1
10,31,59,1
10,32,60,1
10,33,61,1
10,34,62,1
10,35,63,1
10,36,64,1
10,37,65,1
10,38,66,1
10,39,67,1
10,40,68,1
10,41,69,1
10,42,70,1
10,43,71,1
10,44,72,1
10,45,73,1
10,46,74,1
10,47,75,1
10,48,76,1
10,49,77,1
10,50,78,1
10,51,79,1
10,52,80,1
10,53,81,1
10,54,82,1
10,55,83,1
10,56,84,1
10,57,85,1
10,58,86,1
10,59,87,1
10,60,88,1
10,61,89,1
10,62,90,1
10,63,91,1
10,64,92,1
10,65,93,1
10,66,94,1
10,67,95,1
10,68,96,1
10,69,97,1
10,70,98,1
10,71,99,1
10,72,100,1
10,73,101,1
10,74,102,1
10,75,103,1
10,76,104,1
10,77,105,1
10,78,106,1
10,79,107,1
10,80,108,1
10,81,109,1
10,82,110,1
10,83,111,1
10,84,112,1
10,85,113,1
10,86,114,1
10,87,115,1
10,88,116,1
10,89,117,1
10,90,118,1
10,91,119,1
10,92,120,1
10,93,121,1
10,94,122,1
10,95,123,1
10,96,124,1
10,97,125,1
10,98,126,1
10,99,127,1
10,100,128,1
10,101,129,1
10,102,130,1
10,103,131,1
10,104,132,1
10,105,133,1
10,106,134,1
10,107,135,1
10,108,136,1
10,109,137,1
10,110,138,1
10,111,139,1
10,112,140,1
10,113,141,1
10,114,142,1
10,115,143,1
10,116,144,1
10,117,145,1
10,118,146,1
10,119,147,1
10,120,148,1
10,121,149,1
10,122,150,1
10,123,151,1
10,124,152,1
10,125,153,1
10,126,154,1
10,127,155,1
10,128,156,1
10,129,157,1
10,130,158,1
10,131,159,1
10,132,160,1
10,133,161,1
10,134,162,1
10,135,163,1
10,136,164,1
10,137,165,1
10,138,166,1
10,139,167,1
10,140,168,1
10,141,169,1
10,142,170,1
10,143,171,1
10,144,172,1
10,145,173,1
10,146,174,1
10,147,175,1
10,148,176,1
10,149,177,1
10,150,178,1
10,151,179,1
10,152,180,1
10,153,181,1
10,154,182,1
10,155,183,1
10,156,184,1
10,157,185,1
10,158,186,1
10,159,187,1
10,160,188,1
10,161,189,1
10,162,190,1
10,163,191,1
10,164,192,1
10,165,193,1
10,166,194,1
10,167,195,1
10,168,196,1
10,169,197,1
10,170,198,1
10,171,199,1
10,172,200,1
10,173,201,1
10,174,202,1
10,175,203,1
10,176,204,1
10,177,205,1
10,178,206,1
10,179,207,1
10,180,208,1
10,181,209,1
10,182,210,1
10,183,211,1
10,184,212,1
10,185,213,1
10,186,214,1
10,187,215,1
10,188,216,1
10,189,217,1
10,190,218,1
10,191,219,1
10,192,220,1
10,193,221,1
10,194,222,1
10,195,223,1
10,196,224,1
10,197,225,1
10,198,226,1
10,199,227,1
10,200,228,1
10,201,229,1
10,202,230,1
10,203,231,1
10,204,232,1
10,205,233,1
10,206,234,1
10,207,235,1
10,208,236,1
10,209,237,1
10,210,238,1
10,211,239,1
10,212,240,1
10,213,241,1
10,214,242,1
10,215,243,1
10,216,244,1
10,217,245,1
10,218,246,1
10,219,247,1
10,220,248,1
10,221,249,1
10,222,250,1
10,223,251,1
10,224,252,1
10,225,253,1
10,226,254,1
10,227,255,1
10,228,256,1
10,229,257,1
10,230,258,1
10,231,259,1
10,232,260,1
10,233,261,1
10,234,262,1
10,235,263,1
10,236,264,1
10,237,265,1
10,238,266,1
10,239,267,1
10,240,268,1
10,241,269,1
10,242,270,1
10,243,271,1
10,244,272,1
10,245,273,1
10,246,274,1
10,247,275,1
10,248,276,1
10,249,277,1
10,250,278,1
10,251,279,1
10,252,280,1
10,253,281,1
10,254,282,1
10,255,283,1
10,256,284,1
10,257,285,1
10,258,286,1
10,259,287,1
10,260,288,1
10,261,289,1
10,262,290,1
10,263,291,1
10,264,292,1
10,265,293,1
10,266,294,1
10,267,295,1
10,268,296,1
10,269,297,1
10,270,298,1
10,271,299,1
10,272,300,1
10,273,301,1
10,274,302,1
10,275,303,1
10,276,304,1
10,277,305,1
10,278,306,1
10,279,307,1
10,280,308,1
10,281,309,1
10,282,310,1
10,283,311,1
10,284,312,1
10,285,313,1
10,286,314,1
10,287,315,1
10,288,316,1
10,289,317,1
10,290,318,1
10,291,319,1
10,292,320,1
10,293,321,1
10,294,322,1
10,295,323,1
10,296,324,1
10,297,325,1
10,298,326,1
10,299,327,1
10,300,328,1
10,301,329,1
10,302,330,1
10,303,331,1
10,304,332,1
10,305,333,1
10,306,334,1
10,307,335,1
10,308,336,1
10,309,337,1
10,310,338,1
10,311,339,1
10,312,340,1
10,313,341,1
10,314,342,1
10,315,343,1
10,316,344,1
10,317,345,1
10,318,346,1
10,319,347,1
10,320,348,1
10,321,349,1
10,322,350,1
10,323,351,1
10,324,352,1
10,325,353,1
10,326,354,1
10,327,355,1
10,328,356,1
10,329,357,1
10,330,358,1
10,331,359,1
10,332,360,1
10,333,361,1
10,334,362,1
10,335,363,1
10,336,364,1
10,337,365,1
10,338,366,1
10,339,367,1
10,340,368,1
10,341,369,1
10,342,370,1
10,343,371,1
10,344,372,1
10,345,373,1
10,346,374,1
10,347,375,1
10,348,376,1
10,349,377,1
10,350,378,1
10,351,379,1
10,352,380,1
10,353,381,1
10,354,382,1
10,355,383,1
10,356,384,1
10,357,385,1
10,358,386,1
10,359,387,1
10,360,388,1
10,361,389,1
10,362,390,1
10,363,391,1
10,364,392,1
10,365,393,1
10,366,394,1
10,367,395,1
10,368,396,1
10,369,397,1
10,370,398,1
10,371,399,1
10,372,400,1
10,373,401,1
10,374,402,1
10,375,403,1
10,376,404,1
10,377,405,1
10,378,406,1
10,379,407,1
10,380,408,1
10,381,409,1
10,382,410,1
10,383,411,1
10,384,412,1
10,385,413,1
10,386,414,1
10,387,415,1
10,388,416,1
10,389,417,1
10,390,418,1
10,391,419,1
10,392,420,1
10,393,421,1
10,394,422,1
10,395,423,1
10,396,424,1
10,397,425,1
10,398,426,1
10,399,427,1
10,400,428,1
10,401,429,1
10,402,430,1
10,403,431,1
10,404,432,1
10,405,433,1
10,406,434,1
10,407,435,1
10,408,436,1
10,409,437,1
10,410,438,1
10,411,439,1
10,412,440,1
10,413,441,1
10,414,442,1
10,415,443,1
10,416,444,1
10,417,445,1
10,418,446,1
10,419,447,1
10,420,448,1
10,421,449,1
10,422,450,1
10,423,451,1
10,424,452,1
10,425,453,1
10,426,454,1
10,427,455,1
10,428,456,1
10,429,457,1
10,430,458,1
10,431,459,1
10,432,460,1
10,433,461,1
10,434,462,1
10,435,463,1
10,436,464,1
10,437,465,1
10,438,466,1
10,439,467,1
10,440,468,1
10,441,469,1
10,442,470,1
10,443,471,1
10,444,472,1
10,445,473,1
10,446,474,1
10,447,475,1
10,448,476,1
10,449,477,1
10,450,478,1
10,451,479,1
10,452,480,1
10,453,481,1
10,454,482,1
10,455,483,1
10,456,484,1
10,457,485,1
10,458,486,1
10,459,487,1
10,460,488,1
10,461,489,1
10,462,490,1
10,463,491,1
10,464,492,1
10,465,493,1
10,466,494,1
10,467,495,1
10,468,496,1
10,469,497,1
10,470,498,1
10,471,499,1
10,472,500,1
10,473,501,1
10,474,502,1
10,475,503,1
10,476,504,1
10,477,505,1
10,478,506,1
10,479,507,1
10,480,508,1
10,481,509,1
10,482,510,1
10,483,511,1
10,484,512,1
10,485,513,1
10,486,514,1
10,487,515,1
10,488,516,1
10,489,517,1
10,490,518,1
10,491,519,1
10,492,520,1
10,493,521,1
10,494,522,1
10,495,523,1
10,496,524,1
10,497,525,1
10,498,526,1
10,499,527,1
10,500,528,1
10,501,529,1
10,502,530,1
10,503,531,1
10,504,532,1
10,505,533,1
10,506,534,1
10,507,535,1
10,508,536,1
10,509,537,1
10,510,538,1
10,511,539,1
10,512,540,1
10,513,541,1
10,514,542,1
10,515,543,1
10,516,544,1
10,517,545,1
10,518,546,1
10,519,547,1
10,520,548,1
10,521,549,1
10,522,550,1
10,523,551,1
10,524,552,1
10,525,553,1
10,526,554,1
10,527,555,1
10,528,556,1
10,529,557,1
10,530,558,1
10,531,559,1
10,532,560,1
10,533,561,1
10,534,562,1
10,535,563,1
10,536,564,1
10,537,565,1
10,538,566,1
10,539,567,1
10,540,568,1
10,541,569,1
10,542,570,1
10,543,571,1
10,544,572,1
10,545,573,1
10,546,574,1
10,547,575,1
10,548,576,1
10,549,577,1
10,550,578,1
10,551,579,1
10,552,580,1
10,553,581,1
10,554,582,1
10,555,583,1
10,556,584,1
10,557,585,1
10,558,586,1
10,559,587,1
10,560,588,1
10,561,589,1
10,562,590,1
10,563,591,1
10,564,592,1
10,565,593,1
10,566,594,1
10,567,595,1
10,568,596,1
10,569,597,1
10,570,598,1
10,571,599,1
10,572,600,1
10,573,601,1
10,574,602,1
10,575,603,1
10,576,604,1
10,577,605,1
10,578,606,1
10,579,607,1
10,580,608,1
10,581,609,1
10,582,610,1
10,583,611,1
10,584,612,1
10,585,613,1
10,586,614,1
10,587,615,1
10,588,616,1
10,589,617,1
10,590,618,1
10,591,619,1
10,592,620,1
10,593,621,1
10,594,622,1
10,595,623,1
10,596,624,1
10,597,625,1
10,598,626,1
10,599,627,1
10,600,628,1
10,601,629,1
10,602,630,1
10,603,631,1
10,604,632,1
10,605,633,1
10,606,634,1
10,607,635,1
10,608,636,1
10,609,637,1
10,610,638,1
10,611,639,1
10,612,640,1
10,613,641,1
10,614,642,1
10,615,643,1
10,616,644,1
10,617,645,1
10,618,646,1
10,619,647,1
10,620,648,1
10,621,649,1
10,622,650,1
10,623,651,1
10,624,652,1
10,625,653,1
10,626,654,1
10,627,655,1
10,628,656,1
10,629,657,1
10,630,658,1
10,631,659,1
10,632,660,1
10,633,661,1
10,634,662,1
10,635,663,1
10,636,664,1
10,637,665,1
10,638,666,1
10,639,667,1
10,640,668,1
10,641,669,1
10,642,670,1
10,643,671,1
10,644,672,1
10,645,673,1
10,646,674,1
10,647,675,1
10,648,676,1
10,649,677,1
10,650,678,1
10,651,679,1
10,652,680,1
10,653,681,1
10,654,682,1
10,655,683,1
10,656,684,1
10,657,685,1
10,658,686,1
10,659,687,1
10,660,688,1
10,661,689,1
10,662,690,1
10,663,691,1
10,664,692,1
10,665,693,1
10,666,694,1
10,667,695,1
10,668,696,1
10,669,697,1
10,670,698,1
10,671,699,1
10,672,700,1
10,673,701,1
10,674,702,1
10,675,703,1
10,676,704,1
10,677,705,1
10,678,706,1
10,679,707,1
10,680,708,1
10,681,709,1
10,682,710,1
10,683,711,1
10,684,712,1
10,685,713,1
10,686,714,1
10,687,715,1
10,688,716,1
10,689,717,1
10,690,718,1
10,691,719,1
10,692,720,1
10,693,721,1
10,694,722,1
10,695,723,1
10,696,724,1
10,697,725,1
10,698,726,1
10,699,727,1
10,700,728,1
10,701,729,1
10,702,730,1
10,703,731,1
10,704,732,1
10,705,733,1
10,706,734,1
10,707,735,1
10,708,736,1
10,709,737,1
10,710,738,1
10,711,739,1
10,712,740,1
10,713,741,1
10,714,742,1
10,715,743,1
10,716,744,1
10,717,745,1
10,718,746,1
10,719,747,1
10,720,748,1
10,721,749,1
10,722,750,1
10,723,751,1
10,724,752,1
10,725,753,1
10,726,754,1
10,727,755,1
10,728,756,1
10,729,757,1
10,730,758,1
10,731,759,1
10,732,760,1
10,733,761,1
10,734,762,1
10,735,763,1
10,736,764,1
10,737,765,1
10,738,766,1
10,739,767,1
10,740,768,1
10,741,769,1
10,742,770,1
10,743,771,1
10,744,772,1
10,745,773,1
10,746,774,1
10,747,775,1
10,748,776,1
10,749,777,1
10,750,778,1
10,751,779,1
10,752,780,1
10,753,781,1
10,754,782,1
10,755,783,1
10,756,784,1
10,757,785,1
10,758,786,1
10,759,787,1
10,760,788,1
10,761,789,1
10,762,790,1
10,763,791,1
10,764,792,1
10,765,793,1
10,766,794,1
10,767,795,1
10,768,796,1
10,769,797,1
10,770,798,1
10,771,799,1
10,772,800,1
10,773,801,1
10,774,802,1
10,775,803,1
10,776,804,1
10,777,805,1
10,778,806,1
10,779,807,1
10,780,808,1
10,781,809,1
10,782,810,1
10,783,811,1
10,784,812,1
10,785,813,1
10,786,814,1
10,787,815,1
10,788,816,1
10,789,817,1
10,790,818,1
10,791,819,1
10,792,820,1
10,793,821,1
10,794,822,1
10,795,823,1
10,796,824,1
10,797,825,1
10,798,826,1
10,799,827,1
10,800,828,1
10,801,829,1
10,802,830,1
10,803,831,1
10,804,832,1
10,805,833,1
10,806,834,1
10,807,835,1
10,808,836,1
10,809,837,1
10,810,838,1
10,811,839,1
10,812,840,1
10,813,841,1
10,814,842,1
10,815,843,1
10,816,844,1
10,817,845,1
10,818,846,1
10,819,847,1
10,820,848,1
10,821,849,1
10,822,850,1
10,823,851,1
10,824,852,1
10,825,853,1
10,826,854,1
10,827,855,1
10,828,856,1
10,829,857,1
10,830,858,1
10,831,859,1
10,832,860,1
10,833,861,1
10,834,862,1
10,835,863,1
10,836,864,1
10,837,865,1
10,838,866,1
10,839,867,1
10,840,868,1
10,841,869,1
10,842,870,1
10,843,871,1
10,844,872,1
10,845,873,1
10,846,874,1
10,847,875,1
10,848,876,1
10,849,877,1
10,850,878,1
10,851,879,1
10,852,880,1
10,853,881,1
10,854,882,1
10,855,883,1
10,856,884,1
10,857,885,1
10,858,886,1
10,859,887,1
10,860,888,1
10,861,889,1
10,862,890,1
10,863,891,1
10,864,892,1
10,865,893,1
10,866,894,1
10,867,895,1
10,868,896,1
10,869,897,1
10,870,898,1
10,871,899,1
10,872,900,1
10,873,901,1
10,874,902,1
10,875,903,1
10,876,904,1
10,877,905,1
10,878,906,1
10,879,907,1
10,880,908,1
10,881,909,1
10,882,910,1
10,883,911,1
10,884,912,1
10,885,913,1
10,886,914,1
10,887,915,1
10,888,916,1
10,889,917,1
10,890,918,1
10,891,919,1
10,892,920,1
10,893,921,1
10,894,922,1
10,895,923,1
10,896,924,1
10,897,925,1
10,898,926,1
10,899,927,1
10,900,928,1
10,901,929,1
10,902,930,1
10,903,931,1
10,904,932,1
10,905,933,1
10,906,934,1
10,907,935,1
10,908,936,1
10,909,937,1
10,910,938,1
10,911,939,1
10,912,940,1
10,913,941,1
10,914,942,1
10,915,943,1
10,916,944,1
10,917,945,1
10,918,946,1
10,919,947,1
10,920,948,1
10,921,949,1
10,922,950,1
10,923,951,1
10,924,952,1
10,925,953,1
10,926,954,1
10,927,955,1
10,928,956,1
10,929,957,1
10,930,958,1
10,931,959,1
10,932,960,1
10,933,961,1
10,934,962,1
10,935,963,1
10,936,964,1
10,937,965,1
10,938,966,1
10,939,967,1
10,940,968,1
10,941,969,1
10,942,970,1
10,943,971,1
10,944,972,1
10,945,973,1
10,946,974,1
10,947,975,1
10,948,976,1
10,949,977,1
10,950,978,1
10,951,979,1
10,952,980,1
10,953,981,1
10,954,982,1
10,955,983,1
10,956,984,1
10,957,985,1
10,958,986,1
10,959,987,1
10,960,988,1
10,961,989,1
10,962,990,1
10,963,991,1
10,964,992,1
10,965,993,1
10,966,994,1
10,967,995,1
10,968,996,1
10,969,997,1
10,970,998,1
10,971,999,1
10,972,1000,1
10,973,1001,1
10,974,1002,1
10,975,1003,1
10,976,1004,1
10,977,1005,1
10,978,1006,1
10,979,1007,1
10,980,1008,1
10,981,1009,1
10,982,1010,1
10,983,1011,1
10,984,1012,1
10,985,1013,1
10,986,1014,1
10,987,1015,1
10,988,1016,1
10,989,1017,1
10,990,1018,1
10,991,1019,1
10,992,1020,1
10,993,1021,1
10,994,1022,1
10,995,1023,1
10,996,1024,1
10,997,1025,1
10,998,1026,1
10,999,1027,1
10,1000,1028,1
10,1001,1029,1
10,1002,1030,1
10,1003,1031,1
10,1004,1032,1
10,1005,1033,1
10,1006,1034,1
10,1007,1035,1
10,1008,1036,1
10,1009,1037,1
10,1010,1038,1
10,1011,1039,1
10,1012,1040,1
10,1013,1041,1
10,1014,1042,1
10,1015,1043,1
10,1016,1044,1
10,1017,1045,1
10,1018,1046,1
10,1019,1047,1
10,1020,1048,1
10,1021,1049,1
10,1022,1050,1
10,1023,1051,1
10,1024,1052,1
10,1025,1053,1
10,1026,1054,1
10,1027,1055,1
10,1028,1056,1
10,1029,1057,1
10,1030,1058,1
10,1031,1059,1
10,1032,1060,1
10,1033,1061,1
10,1034,1062,1
10,1035,1063,1
10,1036,1064,1
10,1037,1065,1
10,1038,1066,1
10,1039,1067,1
10,1040,1068,1
10,1041,1069,1
10,1042,1070,1
10,1043,1071,1
10,1044,1072,1
10,1045,1073,1
10,1046,1074,1
10,1047,1075,1
10,1048,1076,1
10,1049,1077,1
10,1050,1078,1
10,1051,1079,1
10,1052,1080,1
10,1053,1081,1
10,1054,1082,1
10,1055,1083,1
10,1056,1084,1
10,1057,1085,1
10,1058,1086,1
10,1059,1087,1
10,1060,1088,1
10,1061,1089,1
10,1062,1090,1
10,1063,1091,1
10,1064,1092,1
10,1065,1093,1
10,1066,1094,1
10,1067,1095,1
10,1068,1096,1
10,1069,1097,1
10,1070,1098,1
10,1071,1099,1
10,1072,1100,1
10,1073,1101,1
10,1074,1102,1
10,1075,1103,1
10,1076,1104,1
10,1077,1105,1
10,1078,1106,1
10,1079,1107,1
10,1080,1108,1
10,1081,1109,1
10,1082,1110,1
10,1083,1111,1
10,1084,1112,1
10,1085,1113,1
10,1086,1114,1
10,1087,1115,1
10,1088,1116,1
10,1089,1117,1
10,1090,1118,1
10,1091,1119,1
10,1092,1120,1
10,1093,1121,1
10,1094,1122,1
10,1095,1123,1
10,1096,1124,1
10,1097,1125,1
10,1098,1126,1
10,1099,1127,1
10,1100,1128,1
10,1101,1129,1
10,1102,1130,1
10,1103,1131,1
10,1104,1132,1
10,1105,1133,1
10,1106,1134,1
10,1107,1135,1
10,1108,1136,1
10,1109,1137,1
10,1110,1138,1
10,1111,1139,1
10,1112,1140,1
10,1113,1141,1
10,1114,1142,1
10,1115,1143,1
10,1116,1144,1
10,1117,1145,1
10,1118,1146,1
10,1119,1147,1
10,1120,1148,1
10,1121,1149,1
10,1122,1150,1
10,1123,1151,1
10,1124,1152,1
10,1125,1153,1
10,1126,1154,1
10,1127,1155,1
10,1128,1156,1
10,1129,1157,1
10,1130,1158,1
10,1131,1159,1
10,1132,1160,1
10,1133,1161,1
10,1134,1162,1
10,1135,1163,1
10,1136,1164,1
10,1137,1165,1
10,1138,1166,1
10,1139,1167,1
10,1140,1168,1
10,1141,1169,1
10,1142,1170,1
10,1143,1171,1
10,1144,1172,1
10,1145,1173,1
10,1146,1174,1
10,1147,1175,1
10,1148,1176,1
10,1149,1177,1
10,1150,1178,1
10,1151,1179,1
10,1152,1180,1
10,1153,1181,1
10,1154,1182,1
10,1155,1183,1
10,1156,1184,1
10,1157,1185,1
10,1158,1186,1
10,1159,1187,1
10,1160,1188,1
10,1161,1189,1
10,1162,1190,1
10,1163,1191,1
10,1164,1192,1
10,1165,1193,1
10,1166,1194,1
10,1167,1195,1
10,1168,1196,1
10,1169,1197,1
10,1170,1198,1
10,1171,1199,1
10,1172,1200,1
10,1173,1201,1
10,1174,1202,1
10,1175,1203,1
10,1176,1204,1
10,1177,1205,1
10,1178,1206,1
10,1179,1207,1
10,1180,1208,1
10,1181,1209,1
10,1182,1210,1
10,1183,1211,1
10,1184,1212,1
10,1185,1213,1
10,1186,1214,1
10,1187,1215,1
10,1188,1216,1
10,1189,1217,1
10,1190,1218,1
10,1191,1219,1
10,1192,1220,1
10,1193,1221,1
10,1194,1222,1
10,1195,1223,1
10,1196,1224,1
10,1197,1225,1
10,1198,1226,1
10,1199,1227,1
10,1200,1228,1
10,1201,1229,1
10,1202,1230,1
10,1203,1231,1
10,1204,1232,1
10,1205,1233,1
10,1206,1234,1
10,1207,1235,1
10,1208,1236,1
10,1209,1237,1
10,1210,1238,1
10,1211,1239,1
10,1212,1240,1
10,1213,1241,1
10,1214,1242,1
10,1215,1243,1
10,1216,1244,1
10,1217,1245,1
10,1218,1246,1
10,1219,1247,1
10,1220,1248,1
10,1221,1249,1
10,1222,1250,1
10,1223,1251,1
10,1224,1252,1
10,1225,1253,1
10,1226,1254,1
10,1227,1255,1
10,1228,1256,1
10,1229,1257,1
10,1230,1258,1
10,1231,1259,1
10,1232,1260,1
10,1233,1261,1
10,1234,1262,1
10,1235,1263,1
10,1236,1264,1
10,1237,1265,1
10,1238,1266,1
10,1239,1267,1
10,1240,1268,1
10,1241,1269,1
10,1242,1270,1
10,1243,1271,1
10,1244,1272,1
10,1245,1273,1
10,1246,1274,1
10,1247,1275,1
10,1248,1276,1
10,1249,1277,1
10,1250,1278,1
10,1251,1279,1
10,1252,1280,1
10,1253,1281,1
10,1254,1282,1
10,1255,1283,1
10,1256,1284,1
10,1257,1285,1
10,1258,1286,1
10,1259,1287,1
10,1260,1288,1
10,1261,1289,1
10,1262,1290,1
10,1263,1291,1
10,1264,1292,1
10,1265,1293,1
10,1266,1294,1
10,1267,1295,1
10,1268,1296,1
10,1269,1297,1
10,1270,1298,1
10,1271,1299,1
10,1272,1300,1
10,1273,1301,1
10,1274,1302,1
10,1275,1303,1
10,1276,1304,1
10,1277,1305,1
10,1278,1306,1
10,1279,1307,1
10,1280,1308,1
10,1281,1309,1
10,1282,1310,1
10,1283,1311,1
10,1284,1312,1
10,1285,1313,1
10,1286,1314,1
10,1287,1315,1
10,1288,1316,1
10,1289,1317,1
10,1290,1318,1
10,1291,1319,1
10,1292,1320,1
10,1293,1321,1
10,1294,1322,1
10,1295,1323,1
10,1296,1324,1
10,1297,1325,1
10,1298,1326,1
10,1299,1327,1
10,1300,1328,1
10,1301,1329,1
10,1302,1330,1
10,1303,1331,1
10,1304,1332,1
10,1305,1333,1
10,1306,1334,1
10,1307,1335,1
10,1308,1336,1
10,1309,1337,1
10,1310,1338,1
10,1311,1339,1
10,1312,1340,1
10,1313,1341,1
10,1314,1342,1
10,1315,1343,1
10,1316,1344,1
10,1317,1345,1
10,1318,1346,1
10,1319,1347,1
10,1320,1348,1
10,1321,1349,1
10,1322,1350,1
10,1323,1351,1
10,1324,1352,1
10,1325,1353,1
10,1326,1354,1
10,1327,1355,1
10,1328,1356,1
10,1329,1357,1
10,1330,1358,1
10,1331,1359,1
10,1332,1360,1
10,1333,1361,1
10,1334,1362,1
10,1335,1363,1
10,1336,1364,1
10,1337,1365,1
10,1338,1366,1
10,1339,1367,1
10,1340,1368,1
10,1341,1369,1
10,1342,1370,1
10,1343,1371,1
10,1344,1372,1
10,1345,1373,1
10,1346,1374,1
10,1347,1375,1
10,1348,1376,1
10,1349,1377,1
10,1350,1378,1
10,1351,1379,1
10,1352,1380,1
10,1353,1381,1
10,1354,1382,1
10,1355,1383,1
10,1356,1384,1
10,1357,1385,1
10,1358,1386,1
10,1359,1387,1
10,1360,1388,1
10,1361,1389,1
10,1362,1390,1
10,1363,1391,1
10,1364,1392,1
10,1365,1393,1
10,1366,1394,1
10,1367,1395,1
10,1368,1396,1
10,1369,1397,1
10,1370,1398,1
10,1371,1399,1
10,1372,1400,1
10,1373,1401,1
10,1374,1402,1
10,1375,1403,1
10,1376,1404,1
10,1377,1405,1
10,1378,1406,1
10,1379,1407,1
10,1380,1408,1
10,1381,1409,1
10,1382,1410,1
10,1383,1411,1
10,1384,1412,1
10,1385,1413,1
10,1386,1414,1
10,1387,1415,1
10,1388,1416,1
10,1389,1417,1
10,1390,1418,1
10,1391,1419,1
10,1392,1420,1
10,1393,1421,1
10,1394,1422,1
10,1395,1423,1
10,1396,1424,1
10,1397,1425,1
10,1398,1426,1
10,1399,1427,1
10,1400,1428,1
10,1401,1429,1
10,1402,1430,1
10,1403,1431,1
10,1404,1432,1
10,1405,1433,1
10,1406,1434,1
10,1407,1435,1
10,1408,1436,1
10,1409,1437,1
10,1410,1438,1
10,1411,1439,1
10,1412,1440,1
10,1413,1441,1
10,1414,1442,1
10,1415,1443,1
10,1416,1444,1
10,1417,1445,1
10,1418,1446,1
10,1419,1447,1
10,1420,1448,1
10,1421,1449,1
10,1422,1450,1
10,1423,1451,1
10,1424,1452,1
10,1425,1453,1
10,1426,1454,1
10,1427,1455,1
10,1428,1456,1
10,1429,1457,1
10,1430,1458,1
10,1431,1459,1
10,1432,1460,1
10,1433,1461,1
10,1434,1462,1
10,1435,1463,1
10,1436,1464,1
10,1437,1465,1
10,1438,1466,1
10,1439,1467,1
10,1440,1468,1
10,1441,1469,1
10,1442,1470,1
10,1443,1471,1
10,1444,1472,1
10,1445,1473,1
10,1446,1474,1
10,1447,1475,1
10,1448,1476,1
10,1449,1477,1
10,1450,1478,1
10,1451,1479,1
10,1452,1480,1
10,1453,1481,1
10,1454,1482,1
10,1455,1483,1
10,1456,1484,1
10,1457,1485,1
10,1458,1486,1
10,1459,1487,1
10,1460,1488,1
10,1461,1489,1
10,1462,1490,1
10,1463,1491,1
10,1464,1492,1
10,1465,1493,1
10,1466,1494,1
10,1467,1495,1
10,1468,1496,1
10,1469,1497,1
10,1470,1498,1
10,1471,1499,1
10,1472,1500,1
10,1473,1501,1
10,1474,1502,1
10,1475,1503,1
10,1476,1504,1
10,1477,1505,1
10,1478,1506,1
10,1479,1507,1
10,1480,1508,1
10,1481,1509,1
10,1482,1510,1
10,1483,1511,1
10,1484,1512,1
10,1485,1513,1
10,1486,1514,1
10,1487,1515,1
10,1488,1516,1
10,1489,1517,1
10,1490,1518,1
10,1491,1519,1
10,1492,1520,1
10,1493,1521,1
10,1494,1522,1
10,1495,1523,1
10,1496,1524,1
10,1497,1525,1
10,1498,1526,1
10,1499,1527,1
10,1500,1528,1
11,0,28,1
11,1,29,1
11,2,30,1
11,3,31,1
11,4,32,1
11,5,33,1
11,6,34,1
11,7,35,1
11,8,36,1
11,9,37,1
11,10,38,1
11,11,39,1
11,12,40,1
11,13,41,1
11,14,42,1
11,15,43,1
11,16,44,1
11,17,45,1
11,18,46,1
11,19,47,1
11,20,48,1
11,21,49,1
11,22,50,1
11,23,51,1
11,24,52,1
11,25,53,1
11,26,54,1
11,27,55,1
11,28,56,1
11,29,57,1
11,30,58,1
11,31,59,1
11,32,60,1
11,33,61,1
11,34,62,1
11,35,63,1
11,36,64,1
11,37,65,1
11,38,66,1
11,39,67,1
11,40,68,1
11,41,69,1
11,42,70,1
11,43,71,1
11,44,72,1
11,45,73,1
11,46,74,1
11,47,75,1
11,48,76,1
11,49,77,1
11,50,78,1
11,51,79,1
11,52,80,1
11,53,81,1
11,54,82,1
11,55,83,1
11,56,84,1
11,57,85,1
11,58,86,1
11,59,87,1
11,60,88,1
11,61,89,1
11,62,90,1
11,63,91,1
11,64,92,1
11,65,93,1
11,66,94,1
11,67,95,1
11,68,96,1
11,69,97,1
11,70,98,1
11,71,99,1
11,72,100,1
11,73,101,1
11,74,102,1
11,75,103,1
11,76,104,1
11,77,105,1
11,78,106,1
11,79,107,1
11,80,108,1
11,81,109,1
11,82,110,1
11,83,111,1
11,84,112,1
11,85,113,1
11,86,114,1
11,87,115,1
11,88,116,1
11,89,117,1
11,90,118,1
11,91,119,1
11,92,120,1
11,93,121,1
11,94,122,1
11,95,123,1
11,96,124,1
11,97,125,1
11,98,126,1
11,99,127,1
11,100,128,1
11,101,129,1
11,102,130,1
11,103,131,1
11,104,132,1
11,105,133,1
11,106,134,1
11,107,135,1
11,108,136,1
11,109,137,1
11,110,138,1
11,111,139,1
11,112,140,1
11,113,141,1
11,114,142,1
11,115,143,1
11,116,144,1
11,117,145,1
11,118,146,1
11,119,147,1
11,120,148,1
11,121,149,1
11,122,150,1
11,123,151,1
11,124,152,1
11,125,153,1
11,126,154,1
11,127,155,1
11,128,156,1
11,129,157,1
11,130,158,1
11,131,159,1
11,132,160,1
11,133,161,1
11,134,162,1
11,135,163,1
11,136,164,1
11,137,165,1
11,138,166,1
11,139,167,1
11,140,168,1
11,141,169,1
11,142,170,1
11,143,171,1
11,144,172,1
11,145,173,1
11,146,174,1
11,147,175,1
11,148,176,1
11,149,177,1
11,150,178,1
11,151,179,1
11,152,180,1
11,153,181,1
11,154,182,1
11,155,183,1
11,156,184,1
11,157,185,1
11,158,186,1
11,159,187,1
11,160,188,1
11,161,189,1
11,162,190,1
11,163,191,1
11,164,192,1
11,165,193,1
11,166,194,1
11,167,195,1
11,168,196,1
11,169,197,1
11,170,198,1
11,171,199,1
11,172,200,1
11,173,201,1
11,174,202,1
11,175,203,1
11,176,204,1
11,177,205,1
11,178,206,1
11,179,207,1
11,180,208,1
11,181,209,1
11,182,210,1
11,183,211,1
11,184,212,1
11,185,213,1
11,186,214,1
11,187,215,1
11,188,216,1
11,189,217,1
11,190,218,1
11,191,219,1
11,192,220,1
11,193,221,1
11,194,222,1
11,195,223,1
11,196,224,1
11,197,225,1
11,198,226,1
11,199,227,1
11,200,228,1
11,201,229,1
11,202,230,1
11,203,231,1
11,204,232,1
11,205,233,1
11,206,234,1
11,207,235,1
11,208,236,1
11,209,237,1
11,210,238,1
11,211,239,1
11,212,240,1
11,213,241,1
11,214,242,1
11,215,243,1
11,216,244,1
11,217,245,1
11,218,246,1
11,219,247,1
11,220,248,1
11,221,249,1
11,222,250,1
11,223,251,1
11,224,252,1
11,225,253,1
11,226,254,1
11,227,255,1
11,228,256,1
11,229,257,1
11,230,258,1
11,231,259,1
11,232,260,1
11,233,261,1
11,234,262,1
11,235,263,1
11,236,264,1
11,237,265,1
11,238,266,1
11,239,267,1
11,240,268,1
11,241,269,1
11,242,270,1
11,243,271,1
11,244,272,1
11,245,273,1
11,246,274,1
11,247,275,1
11,248,276,1
11,249,277,1
11,250,278,1
11,251,279,1
11,252,280,1
11,253,281,1
11,254,282,1
11,255,283,1
11,256,284,1
11,257,285,1
11,258,286,1
11,259,287,1
11,260,288,1
11,261,289,1
11,262,290,1
11,263,291,1
11,264,292,1
11,265,293,1
11,266,294,1
11,267,295,1
11,268,296,1
11,269,297,1
11,270,298,1
11,271,299,1
11,272,300,1
11,273,301,1
11,274,302,1
11,275,303,1
11,276,304,1
11,277,305,1
11,278,306,1
11,279,307,1
11,280,308,1
11,281,309,1
11,282,310,1
11,283,311,1
11,284,312,1
11,285,313,1
11,286,314,1
11,287,315,1
11,288,316,1
11,289,317,1
11,290,318,1
11,291,319,1
11,292,320,1
11,293,321,1
11,294,322,1
11,295,323,1
11,296,324,1
11,297,325,1
11,298,326,1
11,299,327,1
11,300,328,1
11,301,329,1
11,302,330,1
11,303,331,1
11,304,332,1
11,305,333,1
11,306,334,1
11,307,335,1
11,308,336,1
11,309,337,1
11,310,338,1
11,311,339,1
11,312,340,1
11,313,341,1
11,314,342,1
11,315,343,1
11,316,344,1
11,317,345,1
11,318,346,1
11,319,347,1
11,320,348,1
11,321,349,1
11,322,350,1
11,323,351,1
11,324,352,1
11,325,353,1
11,326,354,1
11,327,355,1
11,328,356,1
11,329,357,1
11,330,358,1
11,331,359,1
11,332,360,1
11,333,361,1
11,334,362,1
11,335,363,1
11,336,364,1
11,337,365,1
11,338,366,1
11,339,367,1
11,340,368,1
11,341,369,1
11,342,370,1
11,343,371,1
11,344,372,1
11,345,373,1
11,346,374,1
11,347,375,1
11,348,376,1
11,349,377,1
11,350,378,1
11,351,379,1
11,352,380,1
11,353,381,1
11,354,382,1
11,355,383,1
11,356,384,1
11,357,385,1
11,358,386,1
11,359,387,1
11,360,388,1
11,361,389,1
11,362,390,1
11,363,391,1
11,364,392,1
11,365,393,1
11,366,394,1
11,367,395,1
11,368,396,1
11,369,397,1
11,370,398,1
11,371,399,1
11,372,400,1
11,373,401,1
11,374,402,1
11,375,403,1
11,376,404,1
11,377,405,1
11,378,406,1
11,379,407,1
11,380,408,1
11,381,409,1
11,382,410,1
11,383,411,1
11,384,412,1
11,385,413,1
11,386,414,1
11,387,415,1
11,388,416,1
11,389,417,1
11,390,418,1
11,391,419,1
11,392,420,1
11,393,421,1
11,394,422,1
11,395,423,1
11,396,424,1
11,397,425,1
11,398,426,1
11,399,427,1
11,400,428,1
11,401,429,1
11,402,430,1
11,403,431,1
11,404,432,1
11,405,433,1
11,406,434,1
11,407,435,1
11,408,436,1
11,409,437,1
11,410,438,1
11,411,439,1
11,412,440,1
11,413,441,1
11,414,442,1
11,415,443,1
11,416,444,1
11,417,445,1
11,418,446,1
11,419,447,1
11,420,448,1
11,421,449,1
11,422,450,1
11,423,451,1
11,424,452,1
11,425,453,1
11,426,454,1
11,427,455,1
11,428,456,1
11,429,457,1
11,430,458,1
11,431,459,1
11,432,460,1
11,433,461,1
11,434,462,1
11,435,463,1
11,436,464,1
11,437,465,1
11,438,466,1
11,439,467,1
11,440,468,1
11,441,469,1
11,442,470,1
11,443,471,1
11,444,472,1
11,445,473,1
11,446,474,1
11,447,475,1
11,448,476,1
11,449,477,1
11,450,478,1
11,451,479,1
11,452,480,1
11,453,481,1
11,454,482,1
11,455,483,1
11,456,484,1
11,457,485,1
11,458,486,1
11,459,487,1
11,460,488,1
11,461,489,1
11,462,490,1
11,463,491,1
11,464,492,1
11,465,493,1
11,466,494,1
11,467,495,1
11,468,496,1
11,469,497,1
11,470,498,1
11,471,499,1
11,472,500,1
11,473,501,1
11,474,502,1
11,475,503,1
11,476,504,1
11,477,505,1
11,478,506,1
11,479,507,1
11,480,508,1
11,481,509,1
11,482,510,1
11,483,511,1
11,484,512,1
11,485,513,1
11,486,514,1
11,487,515,1
11,488,516,1
11,489,517,1
11,490,518,1
11,491,519,1
11,492,520,1
11,493,521,1
11,494,522,1
11,495,523,1
11,496,524,1
11,497,525,1
11,498,526,1
11,499,527,1
11,500,528,1
11,501,529,1
11,502,530,1
11,503,531,1
11,504,532,1
11,505,533,1
11,506,534,1
11,507,535,1
11,508,536,1
11,509,537,1
11,510,538,1
11,511,539,1
11,512,540,1
11,513,541,1
11,514,542,1
11,515,543,1
11,516,544,1
11,517,545,1
11,518,546,1
11,519,547,1
11,520,548,1
11,521,549,1
11,522,550,1
11,523,551,1
11,524,552,1
11,525,553,1
11,526,554,1
11,527,555,1
11,528,556,1
11,529,557,1
11,530,558,1
11,531,559,1
11,532,560,1
11,533,561,1
11,534,562,1
11,535,563,1
11,536,564,1
11,537,565,1
11,538,566,1
11,539,567,1
11,540,568,1
11,541,569,1
11,542,570,1
11,543,571,1
11,544,572,1
11,545,573,1
11,546,574,1
11,547,575,1
11,548,576,1
11,549,577,1
11,550,578,1
11,551,579,1
11,552,580,1
11,553,581,1
11,554,582,1
11,555,583,1
11,556,584,1
11,557,585,1
11,558,586,1
11,559,587,1
11,560,588,1
11,561,589,1
11,562,590,1
11,563,591,1
11,564,592,1
11,565,593,1
11,566,594,1
11,567,595,1
11,568,596,1
11,569,597,1
11,570,598,1
11,571,599,1
11,572,600,1
11,573,601,1
11,574,602,1
11,575,603,1
11,576,604,1
11,577,605,1
11,578,606,1
11,579,607,1
11,580,608,1
11,581,609,1
11,582,610,1
11,583,611,1
11,584,612,1
11,585,613,1
11,586,614,1
11,587,615,1
11,588,616,1
11,589,617,1
11,590,618,1
11,591,619,1
11,592,620,1
11,593,621,1
11,594,622,1
11,595,623,1
11,596,624,1
11,597,625,1
11,598,626,1
11,599,627,1
11,600,628,1
11,601,629,1
11,602,630,1
11,603,631,1
11,604,632,1
11,605,633,1
11,606,634,1
11,607,635,1
11,608,636,1
11,609,637,1
11,610,638,1
11,611,639,1
11,612,640,1
11,613,641,1
11,614,642,1
11,615,643,1
11,616,644,1
11,617,645,1
11,618,646,1
11,619,647,1
11,620,648,1
11,621,649,1
11,622,650,1
11,623,651,1
11,624,652,1
11,625,653,1
11,626,654,1
11,627,655,1
11,628,656,1
11,629,657,1
11,630,658,1
11,631,659,1
11,632,660,1
11,633,661,1
11,634,662,1
11,635,663,1
11,636,664,1
11,637,665,1
11,638,666,1
11,639,667,1
11,640,668,1
11,641,669,1
11,642,670,1
11,643,671,1
11,644,672,1
11,645,673,1
11,646,674,1
11,647,675,1
11,648,676,1
11,649,677,1
11,650,678,1
11,651,679,1
11,652,680,1
11,653,681,1
11,654,682,1
11,655,683,1
11,656,684,1
11,657,685,1
11,658,686,1
11,659,687,1
11,660,688,1
11,661,689,1
11,662,690,1
11,663,691,1
11,664,692,1
11,665,693,1
11,666,694,1
11,667,695,1
11,668,696,1
11,669,697,1
11,670,698,1
11,671,699,1
11,672,700,1
11,673,701,1
11,674,702,1
11,675,703,1
11,676,704,1
11,677,705,1
11,678,706,1
11,679,707,1
11,680,708,1
11,681,709,1
11,682,710,1
11,683,711,1
11,684,712,1
11,685,713,1
11,686,714,1
11,687,715,1
11,688,716,1
11,689,717,1
11,690,718,1
11,691,719,1
11,692,720,1
11,693,721,1
11,694,722,1
11,695,723,1
11,696,724,1
11,697,725,1
11,698,726,1
11,699,727,1
11,700,728,1
11,701,729,1
11,702,730,1
11,703,731,1
11,704,732,1
11,705,733,1
11,706,734,1
11,707,735,1
11,708,736,1
11,709,737,1
11,710,738,1
11,711,739,1
11,712,740,1
11,713,741,1
11,714,742,1
11,715,743,1
11,716,744,1
11,717,745,1
11,718,746,1
11,719,747,1
11,720,748,1
11,721,749,1
11,722,750,1
11,723,751,1
11,724,752,1
11,725,753,1
11,726,754,1
11,727,755,1
11,728,756,1
11,729,757,1
11,730,758,1
11,731,759,1
11,732,760,1
11,733,761,1
11,734,762,1
11,735,763,1
11,736,764,1
11,737,765,1
11,738,766,1
11,739,767,1
11,740,768,1
11,741,769,1
11,742,770,1
11,743,771,1
11,744,772,1
11,745,773,1
11,746,774,1
11,747,775,1
11,748,776,1
11,749,777,1
11,750,778,1
11,751,779,1
11,752,780,1
11,753,781,1
11,754,782,1
11,755,783,1
11,756,784,1
11,757,785,1
11,758,786,1
11,759,787,1
11,760,788,1
11,761,789,1
11,762,790,1
11,763,791,1
11,764,792,1
11,765,793,1
11,766,794,1
11,767,795,1
11,768,796,1
11,769,797,1
11,770,798,1
11,771,799,1
11,772,800,1
11,773,801,1
11,774,802,1
11,775,803,1
11,776,804,1
11,777,805,1
11,778,806,1
11,779,807,1
11,780,808,1
11,781,809,1
11,782,810,1
11,783,811,1
11,784,812,1
11,785,813,1
11,786,814,1
11,787,815,1
11,788,816,1
11,789,817,1
11,790,818,1
11,791,819,1
11,792,820,1
11,793,821,1
11,794,822,1
11,795,823,1
11,796,824,1
11,797,825,1
11,798,826,1
11,799,827,1
11,800,828,1
11,801,829,1
11,802,830,1
11,803,831,1
11,804,832,1
11,805,833,1
11,806,834,1
11,807,835,1
11,808,836,1
11,809,837,1
11,810,838,1
11,811,839,1
11,812,840,1
11,813,841,1
11,814,842,1
11,815,843,1
11,816,844,1
11,817,845,1
11,818,846,1
11,819,847,1
11,820,848,1
11,821,849,1
11,822,850,1
11,823,851,1
11,824,852,1
11,825,853,1
11,826,854,1
11,827,855,1
11,828,856,1
11,829,857,1
11,830,858,1
11,831,859,1
11,832,860,1
11,833,861,1
11,834,862,1
11,835,863,1
11,836,864,1
11,837,865,1
11,838,866,1
11,839,867,1
11,840,868,1
11,841,869,1
11,842,870,1
11,843,871,1
11,844,872,1
11,845,873,1
11,846,874,1
11,847,875,1
11,848,876,1
11,849,877,1
11,850,878,1
11,851,879,1
11,852,880,1
11,853,881,1
11,854,882,1
11,855,883,1
11,856,884,1
11,857,885,1
11,858,886,1
11,859,887,1
11,860,888,1
11,861,889,1
11,862,890,1
11,863,891,1
11,864,892,1
11,865,893,1
11,866,894,1
11,867,895,1
11,868,896,1
11,869,897,1
11,870,898,1
11,871,899,1
11,872,900,1
11,873,901,1
11,874,902,1
11,875,903,1
11,876,904,1
11,877,905,1
11,878,906,1
11,879,907,1
11,880,908,1
11,881,909,1
11,882,910,1
11,883,911,1
11,884,912,1
11,885,913,1
11,886,914,1
11,887,915,1
11,888,916,1
11,889,917,1
11,890,918,1
11,891,919,1
11,892,920,1
11,893,921,1
11,894,922,1
11,895,923,1
11,896,924,1
11,897,925,1
11,898,926,1
11,899,927,1
11,900,928,1
11,901,929,1
11,902,930,1
11,903,931,1
11,904,932,1
11,905,933,1
11,906,934,1
11,907,935,1
11,908,936,1
11,909,937,1
11,910,938,1
11,911,939,1
11,912,940,1
11,913,941,1
11,914,942,1
11,915,943,1
11,916,944,1
11,917,945,1
11,918,946,1
11,919,947,1
11,920,948,1
11,921,949,1
11,922,950,1
11,923,951,1
11,924,952,1
11,925,953,1
11,926,954,1
11,927,955,1
11,928,956,1
11,929,957,1
11,930,958,1
11,931,959,1
11,932,960,1
11,933,961,1
11,934,962,1
11,935,963,1
11,936,964,1
11,937,965,1
11,938,966,1
11,939,967,1
11,940,968,1
11,941,969,1
11,942,970,1
11,943,971,1
11,944,972,1
11,945,973,1
11,946,974,1
11,947,975,1
11,948,976,1
11,949,977,1
11,950,978,1
11,951,979,1
11,952,980,1
11,953,981,1
11,954,982,1
11,955,983,1
11,956,984,1
11,957,985,1
11,958,986,1
11,959,987,1
11,960,988,1
11,961,989,1
11,962,990,1
11,963,991,1
11,964,992,1
11,965,993,1
11,966,994,1
11,967,995,1
11,968,996,1
11,969,997,1
11,970,998,1
11,971,999,1
11,972,1000,1
11,973,1001,1
11,974,1002,1
11,975,1003,1
11,976,1004,1
11,977,1005,1
11,978,1006,1
11,979,1007,1
11,980,1008,1
11,981,1009,1
11,982,1010,1
11,983,1011,1
11,984,1012,1
11,985,1013,1
11,986,1014,1
11,987,1015,1
11,988,1016,1
11,989,1017,1
11,990,1018,1
11,991,1019,1
11,992,1020,1
11,993,1021,1
11,994,1022,1
11,995,1023,1
11,996,1024,1
11,997,1025,1
11,998,1026,1
11,999,1027,1
11,1000,1028,1
11,1001,1029,1
11,1002,1030,1
11,1003,1031,1
11,1004,1032,1
11,1005,1033,1
11,1006,1034,1
11,1007,1035,1
11,1008,1036,1
11,1009,1037,1
11,1010,1038,1
11,1011,1039,1
11,1012,1040,1
11,1013,1041,1
11,1014,1042,1
11,1015,1043,1
11,1016,1044,1
11,1017,1045,1
11,1018,1046,1
11,1019,1047,1
11,1020,1048,1
11,1021,1049,1
11,1022,1050,1
11,1023,1051,1
11,1024,1052,1
11,1025,1053,1
11,1026,1054,1
11,1027,1055,1
11,1028,1056,1
11,1029,1057,1
11,1030,1058,1
11,1031,1059,1
11,1032,1060,1
11,1033,1061,1
11,1034,1062,1
11,1035,1063,1
11,1036,1064,1
11,1037,1065,1
11,1038,1066,1
11,1039,1067,1
11,1040,1068,1
11,1041,1069,1
11,1042,1070,1
11,1043,1071,1
11,1044,1072,1
11,1045,1073,1
11,1046,1074,1
11,1047,1075,1
11,1048,1076,1
11,1049,1077,1
11,1050,1078,1
11,1051,1079,1
11,1052,1080,1
11,1053,1081,1
11,1054,1082,1
11,1055,1083,1
11,1056,1084,1
11,1057,1085,1
11,1058,1086,1
11,1059,1087,1
11,1060,1088,1
11,1061,1089,1
11,1062,1090,1
11,1063,1091,1
11,1064,1092,1
11,1065,1093,1
11,1066,1094,1
11,1067,1095,1
11,1068,1096,1
11,1069,1097,1
11,1070,1098,1
11,1071,1099,1
11,1072,1100,1
11,1073,1101,1
11,1074,1102,1
11,1075,1103,1
11,1076,1104,1
11,1077,1105,1
11,1078,1106,1
11,1079,1107,1
11,1080,1108,1
11,1081,1109,1
11,1082,1110,1
11,1083,1111,1
11,1084,1112,1
11,1085,1113,1
11,1086,1114,1
11,1087,1115,1
11,1088,1116,1
11,1089,1117,1
11,1090,1118,1
11,1091,1119,1
11,1092,1120,1
11,1093,1121,1
11,1094,1122,1
11,1095,1123,1
11,1096,1124,1
11,1097,1125,1
11,1098,1126,1
11,1099,1127,1
11,1100,1128,1
11,1101,1129,1
11,1102,1130,1
11,1103,1131,1
11,1104,1132,1
11,1105,1133,1
11,1106,1134,1
11,1107,1135,1
11,1108,1136,1
11,1109,1137,1
11,1110,1138,1
11,1111,1139,1
11,1112,1140,1
11,1113,1141,1
11,1114,1142,1
11,1115,1143,1
11,1116,1144,1
11,1117,1145,1
11,1118,1146,1
11,1119,1147,1
11,1120,1148,1
11,1121,1149,1
11,1122,1150,1
11,1123,1151,1
11,1124,1152,1
11,1125,1153,1
11,1126,1154,1
11,1127,1155,1
11,1128,1156,1
11,1129,1157,1
11,1130,1158,1
11,1131,1159,1
11,1132,1160,1
11,1133,1161,1
11,1134,1162,1
11,1135,1163,1
11,1136,1164,1
11,1137,1165,1
11,1138,1166,1
11,1139,1167,1
11,1140,1168,1
11,1141,1169,1
11,1142,1170,1
11,1143,1171,1
11,1144,1172,1
11,1145,1173,1
11,1146,1174,1
11,1147,1175,1
11,1148,1176,1
11,1149,1177,1
11,1150,1178,1
11,1151,1179,1
11,1152,1180,1
11,1153,1181,1
11,1154,1182,1
11,1155,1183,1
11,1156,1184,1
11,1157,1185,1
11,1158,1186,1
11,1159,1187,1
11,1160,1188,1
11,1161,1189,1
11,1162,1190,1
11,1163,1191,1
11,1164,1192,1
11,1165,1193,1
11,1166,1194,1
11,1167,1195,1
11,1168,1196,1
11,1169,1197,1
11,1170,1198,1
11,1171,1199,1
11,1172,1200,1
11,1173,1201,1
11,1174,1202,1
11,1175,1203,1
11,1176,1204,1
11,1177,1205,1
11,1178,1206,1
11,1179,1207,1
11,1180,1208,1
11,1181,1209,1
11,1182,1210,1
11,1183,1211,1
11,1184,1212,1
11,1185,1213,1
11,1186,1214,1
11,1187,1215,1
11,1188,1216,1
11,1189,1217,1
11,1190,1218,1
11,1191,1219,1
11,1192,1220,1
11,1193,1221,1
11,1194,1222,1
11,1195,1223,1
11,1196,1224,1
11,1197,1225,1
11,1198,1226,1
11,1199,1227,1
11,1200,1228,1
11,1201,1229,1
11,1202,1230,1
11,1203,1231,1
11,1204,1232,1
11,1205,1233,1
11,1206,1234,1
11,1207,1235,1
11,1208,1236,1
11,1209,1237,1
11,1210,1238,1
11,1211,1239,1
11,1212,1240,1
11,1213,1241,1
11,1214,1242,1
11,1215,1243,1
11,1216,1244,1
11,1217,1245,1
11,1218,1246,1
11,1219,1247,1
11,1220,1248,1
11,1221,1249,1
11,1222,1250,1
11,1223,1251,1
11,1224,1252,1
11,1225,1253,1
11,1226,1254,1
11,1227,1255,1
11,1228,1256,1
11,1229,1257,1
11,1230,1258,1
11,1231,1259,1
11,1232,1260,1
11,1233,1261,1
11,1234,1262,1
11,1235,1263,1
11,1236,1264,1
11,1237,1265,1
11,1238,1266,1
11,1239,1267,1
11,1240,1268,1
11,1241,1269,1
11,1242,1270,1
11,1243,1271,1
11,1244,1272,1
11,1245,1273,1
11,1246,1274,1
11,1247,1275,1
11,1248,1276,1
11,1249,1277,1
11,1250,1278,1
11,1251,1279,1
11,1252,1280,1
11,1253,1281,1
11,1254,1282,1
11,1255,1283,1
11,1256,1284,1
11,1257,1285,1
11,1258,1286,1
11,1259,1287,1
11,1260,1288,1
11,1261,1289,1
11,1262,1290,1
11,1263,1291,1
11,1264,1292,1
11,1265,1293,1
11,1266,1294,1
11,1267,1295,1
11,1268,1296,1
11,1269,1297,1
11,1270,1298,1
11,1271,1299,1
11,1272,1300,1
11,1273,1301,1
11,1274,1302,1
11,1275,1303,1
11,1276,1304,1
11,1277,1305,1
11,1278,1306,1
11,1279,1307,1
11,1280,1308,1
11,1281,1309,1
11,1282,1310,1
11,1283,1311,1
11,1284,1312,1
11,1285,1313,1
11,1286,1314,1
11,1287,1315,1
11,1288,1316,1
11,1289,1317,1
11,1290,1318,1
11,1291,1319,1
11,1292,1320,1
11,1293,1321,1
11,1294,1322,1
11,1295,1323,1
11,1296,1324,1
11,1297,1325,1
11,1298,1326,1
11,1299,1327,1
11,1300,1328,1
11,1301,1329,1
11,1302,1330,1
11,1303,1331,1
11,1304,1332,1
11,1305,1333,1
11,1306,1334,1
11,1307,1335,1
11,1308,1336,1
11,1309,1337,1
11,1310,1338,1
11,1311,1339,1
11,1312,1340,1
11,1313,1341,1
11,1314,1342,1
11,1315,1343,1
11,1316,1344,1
11,1317,1345,1
11,1318,1346,1
11,1319,1347,1
11,1320,1348,1
11,1321,1349,1
11,1322,1350,1
11,1323,1351,1
11,1324,1352,1
11,1325,1353,1
11,1326,1354,1
11,1327,1355,1
11,1328,1356,1
11,1329,1357,1
11,1330,1358,1
11,1331,1359,1
11,1332,1360,1
11,1333,1361,1
11,1334,1362,1
11,1335,1363,1
11,1336,1364,1
11,1337,1365,1
11,1338,1366,1
11,1339,1367,1
11,1340,1368,1
11,1341,1369,1
11,1342,1370,1
11,1343,1371,1
11,1344,1372,1
11,1345,1373,1
11,1346,1374,1
11,1347,1375,1
11,1348,1376,1
11,1349,1377,1
11,1350,1378,1
11,1351,1379,1
11,1352,1380,1
11,1353,1381,1
11,1354,1382,1
11,1355,1383,1
11,1356,1384,1
11,1357,1385,1
11,1358,1386,1
11,1359,1387,1
11,1360,1388,1
11,1361,1389,1
11,1362,1390,1
11,1363,1391,1
11,1364,1392,1
11,1365,1393,1
11,1366,1394,1
11,1367,1395,1
11,1368,1396,1
11,1369,1397,1
11,1370,1398,1
11,1371,1399,1
11,1372,1400,1
11,1373,1401,1
11,1374,1402,1
11,1375,1403,1
11,1376,1404,1
11,1377,1405,1
11,1378,1406,1
11,1379,1407,1
11,1380,1408,1
11,1381,1409,1
11,1382,1410,1
11,1383,1411,1
11,1384,1412,1
11,1385,1413,1
11,1386,1414,1
11,1387,1415,1
11,1388,1416,1
11,1389,1417,1
11,1390,1418,1
11,1391,1419,1
11,1392,1420,1
11,1393,1421,1
11,1394,1422,1
11,1395,1423,1
11,1396,1424,1
11,1397,1425,1
11,1398,1426,1
11,1399,1427,1
11,1400,1428,1
11,1401,1429,1
11,1402,1430,1
11,1403,1431,1
11,1404,1432,1
11,1405,1433,1
11,1406,1434,1
11,1407,1435,1
11,1408,1436,1
11,1409,1437,1
11,1410,1438,1
11,1411,1439,1
11,1412,1440,1
11,1413,1441,1
11,1414,1442,1
11,1415,1443,1
11,1416,1444,1
11,1417,1445,1
11,1418,1446,1
11,1419,1447,1
11,1420,1448,1
11,1421,1449,1
11,1422,1450,1
11,1423,1451,1
11,1424,1452,1
11,1425,1453,1
11,1426,1454,1
11,1427,1455,1
11,1428,1456,1
11,1429,1457,1
11,1430,1458,1
11,1431,1459,1
11,1432,1460,1
11,1433,1461,1
11,1434,1462,1
11,1435,1463,1
11,1436,1464,1
11,1437,1465,1
11,1438,1466,1
11,1439,1467,1
11,1440,1468,1
11,1441,1469,1
11,1442,1470,1
11,1443,1471,1
11,1444,1472,1
11,1445,1473,1
11,1446,1474,1
11,1447,1475,1
11,1448,1476,1
11,1449,1477,1
11,1450,1478,1
11,1451,1479,1
11,1452,1480,1
11,1453,1481,1
11,1454,1482,1
11,1455,1483,1
11,1456,1484,1
11,1457,1485,1
11,1458,1486,1
11,1459,1487,1
11,1460,1488,1
11,1461,1489,1
11,1462,1490,1
11,1463,1491,1
11,1464,1492,1
11,1465,1493,1
11,1466,1494,1
11,1467,1495,1
11,1468,1496,1
11,1469,1497,1
11,1470,1498,1
11,1471,1499,1
11,1472,1500,1
11,1473,1501,1
11,1474,1502,1
11,1475,1503,1
11,1476,1504,1
11,1477,1505,1
11,1478,1506,1
11,1479,1507,1
11,1480,1508,1
11,1481,1509,1
11,1482,1510,1
11,1483,1511,1
11,1484,1512,1
11,1485,1513,1
11,1486,1514,1
11,1487,1515,1
11,1488,1516,1
11,1489,1517,1
11,1490,1518,1
11,1491,1519,1
11,1492,1520,1
11,1493,1521,1
11,1494,1522,1
11,1495,1523,1
11,1496,1524,1
11,1497,1525,1
11,1498,1526,1
11,1499,1527,1
11,1500,1528,1
12,0,28,1
12,1,29,1
12,2,30,1
12,3,31,1
12,4,32,1
12,5,33,1
12,6,34,1
12,7,35,1
12,8,36,1
12,9,37,1
12,10,38,1
12,11,39,1
12,12,40,1
12,13,41,1
12,14,42,1
12,15,43,1
12,16,44,1
12,17,45,1
12,18,46,1
12,19,47,1
12,20,48,1
12,21,49,1
12,22,50,1
12,23,51,1
12,24,52,1
12,25,53,1
12,26,54,1
12,27,55,1
12,28,56,1
12,29,57,1
12,30,58,1
12,31,59,1
12,32,60,1
12,33,61,1
12,34,62,1
12,35,63,1
12,36,64,1
12,37,65,1
12,38,66,1
12,39,67,1
12,40,68,1
12,41,69,1
12,42,70,1
12,43,71,1
12,44,72,1
12,45,73,1
12,46,74,1
12,47,75,1
12,48,76,1
12,49,77,1
12,50,78,1
12,51,79,1
12,52,80,1
12,53,81,1
12,54,82,1
12,55,83,1
12,56,84,1
12,57,85,1
12,58,86,1
12,59,87,1
12,60,88,1
12,61,89,1
12,62,90,1
12,63,91,1
12,64,92,1
12,65,93,1
12,66,94,1
12,67,95,1
12,68,96,1
12,69,97,1
12,70,98,1
12,71,99,1
12,72,100,1
12,73,101,1
12,74,102,1
12,75,103,1
12,76,104,1
12,77,105,1
12,78,106,1
12,79,107,1
12,80,108,1
12,81,109,1
12,82,110,1
12,83,111,1
12,84,112,1
12,85,113,1
12,86,114,1
12,87,115,1
12,88,116,1
12,89,117,1
12,90,118,1
12,91,119,1
12,92,120,1
12,93,121,1
12,94,122,1
12,95,123,1
12,96,124,1
12,97,125,1
12,98,126,1
12,99,127,1
12,100,128,1
12,101,129,1
12,102,130,1
12,103,131,1
12,104,132,1
12,105,133,1
12,106,134,1
12,107,135,1
12,108,136,1
12,109,137,1
12,110,138,1
12,111,139,1
12,112,140,1
12,113,141,1
12,114,142,1
12,115,143,1
12,116,144,1
12,117,145,1
12,118,146,1
12,119,147,1
12,120,148,1
12,121,149,1
12,122,150,1
12,123,151,1
12,124,152,1
12,125,153,1
12,126,154,1
12,127,155,1
12,128,156,1
12,129,157,1
12,130,158,1
12,131,159,1
12,132,160,1
12,133,161,1
12,134,162,1
12,135,163,1
12,136,164,1
12,137,165,1
12,138,166,1
12,139,167,1
12,140,168,1
12,141,169,1
12,142,170,1
12,143,171,1
12,144,172,1
12,145,173,1
12,146,174,1
12,147,175,1
12,148,176,1
12,149,177,1
12,150,178,1
12,151,179,1
12,152,180,1
12,153,181,1
12,154,182,1
12,155,183,1
12,156,184,1
12,157,185,1
12,158,186,1
12,159,187,1
12,160,188,1
12,161,189,1
12,162,190,1
12,163,191,1
12,164,192,1
12,165,193,1
12,166,194,1
12,167,195,1
12,168,196,1
12,169,197,1
12,170,198,1
12,171,199,1
12,172,200,1
12,173,201,1
12,174,202,1
12,175,203,1
12,176,204,1
12,177,205,1
12,178,206,1
12,179,207,1
12,180,208,1
12,181,209,1
12,182,210,1
12,183,211,1
12,184,212,1
12,185,213,1
12,186,214,1
12,187,215,1
12,188,216,1
12,189,217,1
12,190,218,1
12,191,219,1
12,192,220,1
12,193,221,1
12,194,222,1
12,195,223,1
12,196,224,1
12,197,225,1
12,198,226,1
12,199,227,1
12,200,228,1
12,201,229,1
12,202,230,1
12,203,231,1
12,204,232,1
12,205,233,1
12,206,234,1
12,207,235,1
12,208,236,1
12,209,237,1
12,210,238,1
12,211,239,1
12,212,240,1
12,213,241,1
12,214,242,1
12,215,243,1
12,216,244,1
12,217,245,1
12,218,246,1
12,219,247,1
12,220,248,1
12,221,249,1
12,222,250,1
12,223,251,1
12,224,252,1
12,225,253,1
12,226,254,1
12,227,255,1
12,228,256,1
12,229,257,1
12,230,258,1
12,231,259,1
12,232,260,1
12,233,261,1
12,234,262,1
12,235,263,1
12,236,264,1
12,237,265,1
12,238,266,1
12,239,267,1
12,240,268,1
12,241,269,1
12,242,270,1
12,243,271,1
12,244,272,1
12,245,273,1
12,246,274,1
12,247,275,1
12,248,276,1
12,249,277,1
12,250,278,1
12,251,279,1
12,252,280,1
12,253,281,1
12,254,282,1
12,255,283,1
12,256,284,1
12,257,285,1
12,258,286,1
12,259,287,1
12,260,288,1
12,261,289,1
12,262,290,1
12,263,291,1
12,264,292,1
12,265,293,1
12,266,294,1
12,267,295,1
12,268,296,1
12,269,297,1
12,270,298,1
12,271,299,1
12,272,300,1
12,273,301,1
12,274,302,1
12,275,303,1
12,276,304,1
12,277,305,1
12,278,306,1
12,279,307,1
12,280,308,1
12,281,309,1
12,282,310,1
12,283,311,1
12,284,312,1
12,285,313,1
12,286,314,1
12,287,315,1
12,288,316,1
12,289,317,1
12,290,318,1
12,291,319,1
12,292,320,1
12,293,321,1
12,294,322,1
12,295,323,1
12,296,324,1
12,297,325,1
12,298,326,1
12,299,327,1
12,300,328,1
12,301,329,1
12,302,330,1
12,303,331,1
12,304,332,1
12,305,333,1
12,306,334,1
12,307,335,1
12,308,336,1
12,309,337,1
12,310,338,1
12,311,339,1
12,312,340,1
12,313,341,1
12,314,342,1
12,315,343,1
12,316,344,1
12,317,345,1
12,318,346,1
12,319,347,1
12,320,348,1
12,321,349,1
12,322,350,1
12,323,351,1
12,324,352,1
12,325,353,1
12,326,354,1
12,327,355,1
12,328,356,1
12,329,357,1
12,330,358,1
12,331,359,1
12,332,360,1
12,333,361,1
12,334,362,1
12,335,363,1
12,336,364,1
12,337,365,1
12,338,366,1
12,339,367,1
12,340,368,1
12,341,369,1
12,342,370,1
12,343,371,1
12,344,372,1
12,345,373,1
12,346,374,1
12,347,375,1
12,348,376,1
12,349,377,1
12,350,378,1
12,351,379,1
12,352,380,1
12,353,381,1
12,354,382,1
12,355,383,1
12,356,384,1
12,357,385,1
12,358,386,1
12,359,387,1
12,360,388,1
12,361,389,1
12,362,390,1
12,363,391,1
12,364,392,1
12,365,393,1
12,366,394,1
12,367,395,1
12,368,396,1
12,369,397,1
12,370,398,1
12,371,399,1
12,372,400,1
12,373,401,1
12,374,402,1
12,375,403,1
12,376,404,1
12,377,405,1
12,378,406,1
12,379,407,1
12,380,408,1
12,381,409,1
12,382,410,1
12,383,411,1
12,384,412,1
12,385,413,1
12,386,414,1
12,387,415,1
12,388,416,1
12,389,417,1
12,390,418,1
12,391,419,1
12,392,420,1
12,393,421,1
12,394,422,1
12,395,423,1
12,396,424,1
12,397,425,1
12,398,426,1
12,399,427,1
12,400,428,1
12,401,429,1
12,402,430,1
12,403,431,1
12,404,432,1
12,405,433,1
12,406,434,1
12,407,435,1
12,408,436,1
12,409,437,1
12,410,438,1
12,411,439,1
12,412,440,1
12,413,441,1
12,414,442,1
12,415,443,1
12,416,444,1
12,417,445,1
12,418,446,1
12,419,447,1
12,420,448,1
12,421,449,1
12,422,450,1
12,423,451,1
12,424,452,1
12,425,453,1
12,426,454,1
12,427,455,1
12,428,456,1
12,429,457,1
12,430,458,1
12,431,459,1
12,432,460,1
12,433,461,1
12,434,462,1
12,435,463,1
12,436,464,1
12,437,465,1
12,438,466,1
12,439,467,1
12,440,468,1
12,441,469,1
12,442,470,1
12,443,471,1
12,444,472,1
12,445,473,1
12,446,474,1
12,447,475,1
12,448,476,1
12,449,477,1
12,450,478,1
12,451,479,1
12,452,480,1
12,453,481,1
12,454,482,1
12,455,483,1
12,456,484,1
12,457,485,1
12,458,486,1
12,459,487,1
12,460,488,1
12,461,489,1
12,462,490,1
12,463,491,1
12,464,492,1
12,465,493,1
12,466,494,1
12,467,495,1
12,468,496,1
12,469,497,1
12,470,498,1
12,471,499,1
12,472,500,1
12,473,501,1
12,474,502,1
12,475,503,1
12,476,504,1
12,477,505,1
12,478,506,1
12,479,507,1
12,480,508,1
12,481,509,1
12,482,510,1
12,483,511,1
12,484,512,1
12,485,513,1
12,486,514,1
12,487,515,1
12,488,516,1
12,489,517,1
12,490,518,1
12,491,519,1
12,492,520,1
12,493,521,1
12,494,522,1
12,495,523,1
12,496,524,1
12,497,525,1
12,498,526,1
12,499,527,1
12,500,528,1
12,501,529,1
12,502,530,1
12,503,531,1
12,504,532,1
12,505,533,1
12,506,534,1
12,507,535,1
12,508,536,1
12,509,537,1
12,510,538,1
12,511,539,1
12,512,540,1
12,513,541,1
12,514,542,1
12,515,543,1
12,516,544,1
12,517,545,1
12,518,546,1
12,519,547,1
12,520,548,1
12,521,549,1
12,522,550,1
12,523,551,1
12,524,552,1
12,525,553,1
12,526,554,1
12,527,555,1
12,528,556,1
12,529,557,1
12,530,558,1
12,531,559,1
12,532,560,1
12,533,561,1
12,534,562,1
12,535,563,1
12,536,564,1
12,537,565,1
12,538,566,1
12,539,567,1
12,540,568,1
12,541,569,1
12,542,570,1
12,543,571,1
12,544,572,1
12,545,573,1
12,546,574,1
12,547,575,1
12,548,576,1
12,549,577,1
12,550,578,1
12,551,579,1
12,552,580,1
12,553,581,1
12,554,582,1
12,555,583,1
12,556,584,1
12,557,585,1
12,558,586,1
12,559,587,1
12,560,588,1
12,561,589,1
12,562,590,1
12,563,591,1
12,564,592,1
12,565,593,1
12,566,594,1
12,567,595,1
12,568,596,1
12,569,597,1
12,570,598,1
12,571,599,1
12,572,600,1
12,573,601,1
12,574,602,1
12,575,603,1
12,576,604,1
12,577,605,1
12,578,606,1
12,579,607,1
12,580,608,1
12,581,609,1
12,582,610,1
12,583,611,1
12,584,612,1
12,585,613,1
12,586,614,1
12,587,615,1
12,588,616,1
12,589,617,1
12,590,618,1
12,591,619,1
12,592,620,1
12,593,621,1
12,594,622,1
12,595,623,1
12,596,624,1
12,597,625,1
12,598,626,1
12,599,627,1
12,600,628,1
12,601,629,1
12,602,630,1
12,603,631,1
12,604,632,1
12,605,633,1
12,606,634,1
12,607,635,1
12,608,636,1
12,609,637,1
12,610,638,1
12,611,639,1
12,612,640,1
12,613,641,1
12,614,642,1
12,615,643,1
12,616,644,1
12,617,645,1
12,618,646,1
12,619,647,1
12,620,648,1
12,621,649,1
12,622,650,1
12,623,651,1
12,624,652,1
12,625,653,1
12,626,654,1
12,627,655,1
12,628,656,1
12,629,657,1
12,630,658,1
12,631,659,1
12,632,660,1
12,633,661,1
12,634,662,1
12,635,663,1
12,636,664,1
12,637,665,1
12,638,666,1
12,639,667,1
12,640,668,1
12,641,669,1
12,642,670,1
12,643,671,1
12,644,672,1
12,645,673,1
12,646,674,1
12,647,675,1
12,648,676,1
12,649,677,1
12,650,678,1
12,651,679,1
12,652,680,1
12,653,681,1
12,654,682,1
12,655,683,1
12,656,684,1
12,657,685,1
12,658,686,1
12,659,687,1
12,660,688,1
12,661,689,1
12,662,690,1
12,663,691,1
12,664,692,1
12,665,693,1
12,666,694,1
12,667,695,1
12,668,696,1
12,669,697,1
12,670,698,1
12,671,699,1
12,672,700,1
12,673,701,1
12,674,702,1
12,675,703,1
12,676,704,1
12,677,705,1
12,678,706,1
12,679,707,1
12,680,708,1
12,681,709,1
12,682,710,1
12,683,711,1
12,684,712,1
12,685,713,1
12,686,714,1
12,687,715,1
12,688,716,1
12,689,717,1
12,690,718,1
12,691,719,1
12,692,720,1
12,693,721,1
12,694,722,1
12,695,723,1
12,696,724,1
12,697,725,1
12,698,726,1
12,699,727,1
12,700,728,1
12,701,729,1
12,702,730,1
12,703,731,1
12,704,732,1
12,705,733,1
12,706,734,1
12,707,735,1
12,708,736,1
12,709,737,1
12,710,738,1
12,711,739,1
12,712,740,1
12,713,741,1
12,714,742,1
12,715,743,1
12,716,744,1
12,717,745,1
12,718,746,1
12,719,747,1
12,720,748,1
12,721,749,1
12,722,750,1
12,723,751,1
12,724,752,1
12,725,753,1
12,726,754,1
12,727,755,1
12,728,756,1
12,729,757,1
12,730,758,1
12,731,759,1
12,732,760,1
12,733,761,1
12,734,762,1
12,735,763,1
12,736,764,1
12,737,765,1
12,738,766,1
12,739,767,1
12,740,768,1
12,741,769,1
12,742,770,1
12,743,771,1
12,744,772,1
12,745,773,1
12,746,774,1
12,747,775,1
12,748,776,1
12,749,777,1
12,750,778,1
12,751,779,1
12,752,780,1
12,753,781,1
12,754,782,1
12,755,783,1
12,756,784,1
12,757,785,1
12,758,786,1
12,759,787,1
12,760,788,1
12,761,789,1
12,762,790,1
12,763,791,1
12,764,792,1
12,765,793,1
12,766,794,1
12,767,795,1
12,768,796,1
12,769,797,1
12,770,798,1
12,771,799,1
12,772,800,1
12,773,801,1
12,774,802,1
12,775,803,1
12,776,804,1
12,777,805,1
12,778,806,1
12,779,807,1
12,780,808,1
12,781,809,1
12,782,810,1
12,783,811,1
12,784,812,1
12,785,813,1
12,786,814,1
12,787,815,1
12,788,816,1
12,789,817,1
12,790,818,1
12,791,819,1
12,792,820,1
12,793,821,1
12,794,822,1
12,795,823,1
12,796,824,1
12,797,825,1
12,798,826,1
12,799,827,1
12,800,828,1
12,801,829,1
12,802,830,1
12,803,831,1
12,804,832,1
12,805,833,1
12,806,834,1
12,807,835,1
12,808,836,1
12,809,837,1
12,810,838,1
12,811,839,1
12,812,840,1
12,813,841,1
12,814,842,1
12,815,843,1
12,816,844,1
12,817,845,1
12,818,846,1
12,819,847,1
12,820,848,1
12,821,849,1
12,822,850,1
12,823,851,1
12,824,852,1
12,825,853,1
12,826,854,1
12,827,855,1
12,828,856,1
12,829,857,1
12,830,858,1
12,831,859,1
12,832,860,1
12,833,861,1
12,834,862,1
12,835,863,1
12,836,864,1
12,837,865,1
12,838,866,1
12,839,867,1
12,840,868,1
12,841,869,1
12,842,870,1
12,843,871,1
12,844,872,1
12,845,873,1
12,846,874,1
12,847,875,1
12,848,876,1
12,849,877,1
12,850,878,1
12,851,879,1
12,852,880,1
12,853,881,1
12,854,882,1
12,855,883,1
12,856,884,1
12,857,885,1
12,858,886,1
12,859,887,1
12,860,888,1
12,861,889,1
12,862,890,1
12,863,891,1
12,864,892,1
12,865,893,1
12,866,894,1
12,867,895,1
12,868,896,1
12,869,897,1
12,870,898,1
12,871,899,1
12,872,900,1
12,873,901,1
12,874,902,1
12,875,903,1
12,876,904,1
12,877,905,1
12,878,906,1
12,879,907,1
12,880,908,1
12,881,909,1
12,882,910,1
12,883,911,1
12,884,912,1
12,885,913,1
12,886,914,1
12,887,915,1
12,888,916,1
12,889,917,1
12,890,918,1
12,891,919,1
12,892,920,1
12,893,921,1
12,894,922,1
12,895,923,1
12,896,924,1
12,897,925,1
12,898,926,1
12,899,927,1
12,900,928,1
12,901,929,1
12,902,930,1
12,903,931,1
12,904,932,1
12,905,933,1
12,906,934,1
12,907,935,1
12,908,936,1
12,909,937,1
12,910,938,1
12,911,939,1
12,912,940,1
12,913,941,1
12,914,942,1
12,915,943,1
12,916,944,1
12,917,945,1
12,918,946,1
12,919,947,1
12,920,948,1
12,921,949,1
12,922,950,1
12,923,951,1
12,924,952,1
12,925,953,1
12,926,954,1
12,927,955,1
12,928,956,1
12,929,957,1
12,930,958,1
12,931,959,1
12,932,960,1
12,933,961,1
12,934,962,1
12,935,963,1
12,936,964,1
12,937,965,1
12,938,966,1
12,939,967,1
12,940,968,1
12,941,969,1
12,942,970,1
12,943,971,1
12,944,972,1
12,945,973,1
12,946,974,1
12,947,975,1
12,948,976,1
12,949,977,1
12,950,978,1
12,951,979,1
12,952,980,1
12,953,981,1
12,954,982,1
12,955,983,1
12,956,984,1
12,957,985,1
12,958,986,1
12,959,987,1
12,960,988,1
12,961,989,1
12,962,990,1
12,963,991,1
12,964,992,1
12,965,993,1
12,966,994,1
12,967,995,1
12,968,996,1
12,969,997,1
12,970,998,1
12,971,999,1
12,972,1000,1
12,973,1001,1
12,974,1002,1
12,975,1003,1
12,976,1004,1
12,977,1005,1
12,978,1006,1
12,979,1007,1
12,980,1008,1
12,981,1009,1
12,982,1010,1
12,983,1011,1
12,984,1012,1
12,985,1013,1
12,986,1014,1
12,987,1015,1
12,988,1016,1
12,989,1017,1
12,990,1018,1
12,991,1019,1
12,992,1020,1
12,993,1021,1
12,994,1022,1
12,995,1023,1
12,996,1024,1
12,997,1025,1
12,998,1026,1
12,999,1027,1
12,1000,1028,1
12,1001,1029,1
12,1002,1030,1
12,1003,1031,1
12,1004,1032,1
12,1005,1033,1
12,1006,1034,1
12,1007,1035,1
12,1008,1036,1
12,1009,1037,1
12,1010,1038,1
12,1011,1039,1
12,1012,1040,1
12,1013,1041,1
12,1014,1042,1
12,1015,1043,1
12,1016,1044,1
12,1017,1045,1
12,1018,1046,1
12,1019,1047,1
12,1020,1048,1
12,1021,1049,1
12,1022,1050,1
12,1023,1051,1
12,1024,1052,1
12,1025,1053,1
12,1026,1054,1
12,1027,1055,1
12,1028,1056,1
12,1029,1057,1
12,1030,1058,1
12,1031,1059,1
12,1032,1060,1
12,1033,1061,1
12,1034,1062,1
12,1035,1063,1
12,1036,1064,1
12,1037,1065,1
12,1038,1066,1
12,1039,1067,1
12,1040,1068,1
12,1041,1069,1
12,1042,1070,1
12,1043,1071,1
12,1044,1072,1
12,1045,1073,1
12,1046,1074,1
12,1047,1075,1
12,1048,1076,1
12,1049,1077,1
12,1050,1078,1
12,1051,1079,1
12,1052,1080,1
12,1053,1081,1
12,1054,1082,1
12,1055,1083,1
12,1056,1084,1
12,1057,1085,1
12,1058,1086,1
12,1059,1087,1
12,1060,1088,1
12,1061,1089,1
12,1062,1090,1
12,1063,1091,1
12,1064,1092,1
12,1065,1093,1
12,1066,1094,1
12,1067,1095,1
12,1068,1096,1
12,1069,1097,1
12,1070,1098,1
12,1071,1099,1
12,1072,1100,1
12,1073,1101,1
12,1074,1102,1
12,1075,1103,1
12,1076,1104,1
12,1077,1105,1
12,1078,1106,1
12,1079,1107,1
12,1080,1108,1
12,1081,1109,1
12,1082,1110,1
12,1083,1111,1
12,1084,1112,1
12,1085,1113,1
12,1086,1114,1
12,1087,1115,1
12,1088,1116,1
12,1089,1117,1
12,1090,1118,1
12,1091,1119,1
12,1092,1120,1
12,1093,1121,1
12,1094,1122,1
12,1095,1123,1
12,1096,1124,1
12,1097,1125,1
12,1098,1126,1
12,1099,1127,1
12,1100,1128,1
12,1101,1129,1
12,1102,1130,1
12,1103,1131,1
12,1104,1132,1
12,1105,1133,1
12,1106,1134,1
12,1107,1135,1
12,1108,1136,1
12,1109,1137,1
12,1110,1138,1
12,1111,1139,1
12,1112,1140,1
12,1113,1141,1
12,1114,1142,1
12,1115,1143,1
12,1116,1144,1
12,1117,1145,1
12,1118,1146,1
12,1119,1147,1
12,1120,1148,1
12,1121,1149,1
12,1122,1150,1
12,1123,1151,1
12,1124,1152,1
12,1125,1153,1
12,1126,1154,1
12,1127,1155,1
12,1128,1156,1
12,1129,1157,1
12,1130,1158,1
12,1131,1159,1
12,1132,1160,1
12,1133,1161,1
12,1134,1162,1
12,1135,1163,1
12,1136,1164,1
12,1137,1165,1
12,1138,1166,1
12,1139,1167,1
12,1140,1168,1
12,1141,1169,1
12,1142,1170,1
12,1143,1171,1
12,1144,1172,1
12,1145,1173,1
12,1146,1174,1
12,1147,1175,1
12,1148,1176,1
12,1149,1177,1
12,1150,1178,1
12,1151,1179,1
12,1152,1180,1
12,1153,1181,1
12,1154,1182,1
12,1155,1183,1
12,1156,1184,1
12,1157,1185,1
12,1158,1186,1
12,1159,1187,1
12,1160,1188,1
12,1161,1189,1
12,1162,1190,1
12,1163,1191,1
12,1164,1192,1
12,1165,1193,1
12,1166,1194,1
12,1167,1195,1
12,1168,1196,1
12,1169,1197,1
12,1170,1198,1
12,1171,1199,1
12,1172,1200,1
12,1173,1201,1
12,1174,1202,1
12,1175,1203,1
12,1176,1204,1
12,1177,1205,1
12,1178,1206,1
12,1179,1207,1
12,1180,1208,1
12,1181,1209,1
12,1182,1210,1
12,1183,1211,1
12,1184,1212,1
12,1185,1213,1
12,1186,1214,1
12,1187,1215,1
12,1188,1216,1
12,1189,1217,1
12,1190,1218,1
12,1191,1219,1
12,1192,1220,1
12,1193,1221,1
12,1194,1222,1
12,1195,1223,1
12,1196,1224,1
12,1197,1225,1
12,1198,1226,1
12,1199,1227,1
12,1200,1228,1
12,1201,1229,1
12,1202,1230,1
12,1203,1231,1
12,1204,1232,1
12,1205,1233,1
12,1206,1234,1
12,1207,1235,1
12,1208,1236,1
12,1209,1237,1
12,1210,1238,1
12,1211,1239,1
12,1212,1240,1
12,1213,1241,1
12,1214,1242,1
12,1215,1243,1
12,1216,1244,1
12,1217,1245,1
12,1218,1246,1
12,1219,1247,1
12,1220,1248,1
12,1221,1249,1
12,1222,1250,1
12,1223,1251,1
12,1224,1252,1
12,1225,1253,1
12,1226,1254,1
12,1227,1255,1
12,1228,1256,1
12,1229,1257,1
12,1230,1258,1
12,1231,1259,1
12,1232,1260,1
12,1233,1261,1
12,1234,1262,1
12,1235,1263,1
12,1236,1264,1
12,1237,1265,1
12,1238,1266,1
12,1239,1267,1
12,1240,1268,1
12,1241,1269,1
12,1242,1270,1
12,1243,1271,1
12,1244,1272,1
12,1245,1273,1
12,1246,1274,1
12,1247,1275,1
12,1248,1276,1
12,1249,1277,1
12,1250,1278,1
12,1251,1279,1
12,1252,1280,1
12,1253,1281,1
12,1254,1282,1
12,1255,1283,1
12,1256,1284,1
12,1257,1285,1
12,1258,1286,1
12,1259,1287,1
12,1260,1288,1
12,1261,1289,1
12,1262,1290,1
12,1263,1291,1
12,1264,1292,1
12,1265,1293,1
12,1266,1294,1
12,1267,1295,1
12,1268,1296,1
12,1269,1297,1
12,1270,1298,1
12,1271,1299,1
12,1272,1300,1
12,1273,1301,1
12,1274,1302,1
12,1275,1303,1
12,1276,1304,1
12,1277,1305,1
12,1278,1306,1
12,1279,1307,1
12,1280,1308,1
12,1281,1309,1
12,1282,1310,1
12,1283,1311,1
12,1284,1312,1
12,1285,1313,1
12,1286,1314,1
12,1287,1315,1
12,1288,1316,1
12,1289,1317,1
12,1290,1318,1
12,1291,1319,1
12,1292,1320,1
12,1293,1321,1
12,1294,1322,1
12,1295,1323,1
12,1296,1324,1
12,1297,1325,1
12,1298,1326,1
12,1299,1327,1
12,1300,1328,1
12,1301,1329,1
12,1302,1330,1
12,1303,1331,1
12,1304,1332,1
12,1305,1333,1
12,1306,1334,1
12,1307,1335,1
12,1308,1336,1
12,1309,1337,1
12,1310,1338,1
12,1311,1339,1
12,1312,1340,1
12,1313,1341,1
12,1314,1342,1
12,1315,1343,1
12,1316,1344,1
12,1317,1345,1
12,1318,1346,1
12,1319,1347,1
12,1320,1348,1
12,1321,1349,1
12,1322,1350,1
12,1323,1351,1
12,1324,1352,1
12,1325,1353,1
12,1326,1354,1
12,1327,1355,1
12,1328,1356,1
12,1329,1357,1
12,1330,1358,1
12,1331,1359,1
12,1332,1360,1
12,1333,1361,1
12,1334,1362,1
12,1335,1363,1
12,1336,1364,1
12,1337,1365,1
12,1338,1366,1
12,1339,1367,1
12,1340,1368,1
12,1341,1369,1
12,1342,1370,1
12,1343,1371,1
12,1344,1372,1
12,1345,1373,1
12,1346,1374,1
12,1347,1375,1
12,1348,1376,1
12,1349,1377,1
12,1350,1378,1
12,1351,1379,1
12,1352,1380,1
12,1353,1381,1
12,1354,1382,1
12,1355,1383,1
12,1356,1384,1
12,1357,1385,1
12,1358,1386,1
12,1359,1387,1
12,1360,1388,1
12,1361,1389,1
12,1362,1390,1
12,1363,1391,1
12,1364,1392,1
12,1365,1393,1
12,1366,1394,1
12,1367,1395,1
12,1368,1396,1
12,1369,1397,1
12,1370,1398,1
12,1371,1399,1
12,1372,1400,1
12,1373,1401,1
12,1374,1402,1
12,1375,1403,1
12,1376,1404,1
12,1377,1405,1
12,1378,1406,1
12,1379,1407,1
12,1380,1408,1
12,1381,1409,1
12,1382,1410,1
12,1383,1411,1
12,1384,1412,1
12,1385,1413,1
12,1386,1414,1
12,1387,1415,1
12,1388,1416,1
12,1389,1417,1
12,1390,1418,1
12,1391,1419,1
12,1392,1420,1
12,1393,1421,1
12,1394,1422,1
12,1395,1423,1
12,1396,1424,1
12,1397,1425,1
12,1398,1426,1
12,1399,1427,1
12,1400,1428,1
12,1401,1429,1
12,1402,1430,1
12,1403,1431,1
12,1404,1432,1
12,1405,1433,1
12,1406,1434,1
12,1407,1435,1
12,1408,1436,1
12,1409,1437,1
12,1410,1438,1
12,1411,1439,1
12,1412,1440,1
12,1413,1441,1
12,1414,1442,1
12,1415,1443,1
12,1416,1444,1
12,1417,1445,1
12,1418,1446,1
12,1419,1447,1
12,1420,1448,1
12,1421,1449,1
12,1422,1450,1
12,1423,1451,1
12,1424,1452,1
12,1425,1453,1
12,1426,1454,1
12,1427,1455,1
12,1428,1456,1
12,1429,1457,1
12,1430,1458,1
12,1431,1459,1
12,1432,1460,1
12,1433,1461,1
12,1434,1462,1
12,1435,1463,1
12,1436,1464,1
12,1437,1465,1
12,1438,1466,1
12,1439,1467,1
12,1440,1468,1
12,1441,1469,1
12,1442,1470,1
12,1443,1471,1
12,1444,1472,1
12,1445,1473,1
12,1446,1474,1
12,1447,1475,1
12,1448,1476,1
12,1449,1477,1
12,1450,1478,1
12,1451,1479,1
12,1452,1480,1
12,1453,1481,1
12,1454,1482,1
12,1455,1483,1
12,1456,1484,1
12,1457,1485,1
12,1458,1486,1
12,1459,1487,1
12,1460,1488,1
12,1461,1489,1
12,1462,1490,1
12,1463,1491,1
12,1464,1492,1
12,1465,1493,1
12,1466,1494,1
12,1467,1495,1
12,1468,1496,1
12,1469,1497,1
12,1470,1498,1
12,1471,1499,1
12,1472,1500,1
12,1473,1501,1
12,1474,1502,1
12,1475,1503,1
12,1476,1504,1
12,1477,1505,1
12,1478,1506,1
12,1479,1507,1
12,1480,1508,1
12,1481,1509,1
12,1482,1510,1
12,1483,1511,1
12,1484,1512,1
12,1485,1513,1
12,1486,1514,1
12,1487,1515,1
12,1488,1516,1
12,1489,1517,1
12,1490,1518,1
12,1491,1519,1
12,1492,1520,1
12,1493,1521,1
12,1494,1522,1
12,1495,1523,1
12,1496,1524,1
12,1497,1525,1
12,1498,1526,1
12,1499,1527,1
12,1500,1528,1
13,0,28,1
13,1,29,1
13,2,30,1
13,3,31,1
13,4,32,1
13,5,33,1
13,6,34,1
13,7,35,1
13,8,36,1
13,9,37,1
13,10,38,1
13,11,39,1
13,12,40,1
13,13,41,1
13,14,42,1
13,15,43,1
13,16,44,1
13,17,45,1
13,18,46,1
13,19,47,1
13,20,48,1
13,21,49,1
13,22,50,1
13,23,51,1
13,24,52,1
13,25,53,1
13,26,54,1
13,27,55,1
13,28,56,1
13,29,57,1
13,30,58,1
13,31,59,1
13,32,60,1
13,33,61,1
13,34,62,1
13,35,63,1
13,36,64,1
13,37,65,1
13,38,66,1
13,39,67,1
13,40,68,1
13,41,69,1
13,42,70,1
13,43,71,1
13,44,72,1
13,45,73,1
13,46,74,1
13,47,75,1
13,48,76,1
13,49,77,1
13,50,78,1
13,51,79,1
13,52,80,1
13,53,81,1
13,54,82,1
13,55,83,1
13,56,84,1
13,57,85,1
13,58,86,1
13,59,87,1
13,60,88,1
13,61,89,1
13,62,90,1
13,63,91,1
13,64,92,1
13,65,93,1
13,66,94,1
13,67,95,1
13,68,96,1
13,69,97,1
13,70,98,1
13,71,99,1
13,72,100,1
13,73,101,1
13,74,102,1
13,75,103,1
13,76,104,1
13,77,105,1
13,78,106,1
13,79,107,1
13,80,108,1
13,81,109,1
13,82,110,1
13,83,111,1
13,84,112,1
13,85,113,1
13,86,114,1
13,87,115,1
13,88,116,1
13,89,117,1
13,90,118,1
13,91,119,1
13,92,120,1
13,93,121,1
13,94,122,1
13,95,123,1
13,96,124,1
13,97,125,1
13,98,126,1
13,99,127,1
13,100,128,1
13,101,129,1
13,102,130,1
13,103,131,1
13,104,132,1
13,105,133,1
13,106,134,1
13,107,135,1
13,108,136,1
13,109,137,1
13,110,138,1
13,111,139,1
13,112,140,1
13,113,141,1
13,114,142,1
13,115,143,1
13,116,144,1
13,117,145,1
13,118,146,1
13,119,147,1
13,120,148,1
13,121,149,1
13,122,150,1
13,123,151,1
13,124,152,1
13,125,153,1
13,126,154,1
13,127,155,1
13,128,156,1
13,129,157,1
13,130,158,1
13,131,159,1
13,132,160,1
13,133,161,1
13,134,162,1
13,135,163,1
13,136,164,1
13,137,165,1
13,138,166,1
13,139,167,1
13,140,168,1
13,141,169,1
13,142,170,1
13,143,171,1
13,144,172,1
13,145,173,1
13,146,174,1
13,147,175,1
13,148,176,1
13,149,177,1
13,150,178,1
13,151,179,1
13,152,180,1
13,153,181,1
13,154,182,1
13,155,183,1
13,156,184,1
13,157,185,1
13,158,186,1
13,159,187,1
13,160,188,1
13,161,189,1
13,162,190,1
13,163,191,1
13,164,192,1
13,165,193,1
13,166,194,1
13,167,195,1
13,168,196,1
13,169,197,1
13,170,198,1
13,171,199,1
13,172,200,1
13,173,201,1
13,174,202,1
13,175,203,1
13,176,204,1
13,177,205,1
13,178,206,1
13,179,207,1
13,180,208,1
13,181,209,1
13,182,210,1
13,183,211,1
13,184,212,1
13,185,213,1
13,186,214,1
13,187,215,1
13,188,216,1
13,189,217,1
13,190,218,1
13,191,219,1
13,192,220,1
13,193,221,1
13,194,222,1
13,195,223,1
13,196,224,1
13,197,225,1
13,198,226,1
13,199,227,1
13,200,228,1
13,201,229,1
13,202,230,1
13,203,231,1
13,204,232,1
13,205,233,1
13,206,234,1
13,207,235,1
13,208,236,1
13,209,237,1
13,210,238,1
13,211,239,1
13,212,240,1
13,213,241,1
13,214,242,1
13,215,243,1
13,216,244,1
13,217,245,1
13,218,246,1
13,219,247,1
13,220,248,1
13,221,249,1
13,222,250,1
13,223,251,1
13,224,252,1
13,225,253,1
13,226,254,1
13,227,255,1
13,228,256,1
13,229,257,1
13,230,258,1
13,231,259,1
13,232,260,1
13,233,261,1
13,234,262,1
13,235,263,1
13,236,264,1
13,237,265,1
13,238,266,1
13,239,267,1
13,240,268,1
13,241,269,1
13,242,270,1
13,243,271,1
13,244,272,1
13,245,273,1
13,246,274,1
13,247,275,1
13,248,276,1
13,249,277,1
13,250,278,1
13,251,279,1
13,252,280,1
13,253,281,1
13,254,282,1
13,255,283,1
13,256,284,1
13,257,285,1
13,258,286,1
13,259,287,1
13,260,288,1
13,261,289,1
13,262,290,1
13,263,291,1
13,264,292,1
13,265,293,1
13,266,294,1
13,267,295,1
13,268,296,1
13,269,297,1
13,270,298,1
13,271,299,1
13,272,300,1
13,273,301,1
13,274,302,1
13,275,303,1
13,276,304,1
13,277,305,1
13,278,306,1
13,279,307,1
13,280,308,1
13,281,309,1
13,282,310,1
13,283,311,1
13,284,312,1
13,285,313,1
13,286,314,1
13,287,315,1
13,288,316,1
13,289,317,1
13,290,318,1
13,291,319,1
13,292,320,1
13,293,321,1
13,294,322,1
13,295,323,1
13,296,324,1
13,297,325,1
13,298,326,1
13,299,327,1
13,300,328,1
13,301,329,1
13,302,330,1
13,303,331,1
13,304,332,1
13,305,333,1
13,306,334,1
13,307,335,1
13,308,336,1
13,309,337,1
13,310,338,1
13,311,339,1
13,312,340,1
13,313,341,1
13,314,342,1
13,315,343,1
13,316,344,1
13,317,345,1
13,318,346,1
13,319,347,1
13,320,348,1
13,321,349,1
13,322,350,1
13,323,351,1
13,324,352,1
13,325,353,1
13,326,354,1
13,327,355,1
13,328,356,1
13,329,357,1
13,330,358,1
13,331,359,1
13,332,360,1
13,333,361,1
13,334,362,1
13,335,363,1
13,336,364,1
13,337,365,1
13,338,366,1
13,339,367,1
13,340,368,1
13,341,369,1
13,342,370,1
13,343,371,1
13,344,372,1
13,345,373,1
13,346,374,1
13,347,375,1
13,348,376,1
13,349,377,1
13,350,378,1
13,351,379,1
13,352,380,1
13,353,381,1
13,354,382,1
13,355,383,1
13,356,384,1
13,357,385,1
13,358,386,1
13,359,387,1
13,360,388,1
13,361,389,1
13,362,390,1
13,363,391,1
13,364,392,1
13,365,393,1
13,366,394,1
13,367,395,1
13,368,396,1
13,369,397,1
13,370,398,1
13,371,399,1
13,372,400,1
13,373,401,1
13,374,402,1
13,375,403,1
13,376,404,1
13,377,405,1
13,378,406,1
13,379,407,1
13,380,408,1
13,381,409,1
13,382,410,1
13,383,411,1
13,384,412,1
13,385,413,1
13,386,414,1
13,387,415,1
13,388,416,1
13,389,417,1
13,390,418,1
13,391,419,1
13,392,420,1
13,393,421,1
13,394,422,1
13,395,423,1
13,396,424,1
13,397,425,1
13,398,426,1
13,399,427,1
13,400,428,1
13,401,429,1
13,402,430,1
13,403,431,1
13,404,432,1
13,405,433,1
13,406,434,1
13,407,435,1
13,408,436,1
13,409,437,1
13,410,438,1
13,411,439,1
13,412,440,1
13,413,441,1
13,414,442,1
13,415,443,1
13,416,444,1
13,417,445,1
13,418,446,1
13,419,447,1
13,420,448,1
13,421,449,1
13,422,450,1
13,423,451,1
13,424,452,1
13,425,453,1
13,426,454,1
13,427,455,1
13,428,456,1
13,429,457,1
13,430,458,1
13,431,459,1
13,432,460,1
13,433,461,1
13,434,462,1
13,435,463,1
13,436,464,1
13,437,465,1
13,438,466,1
13,439,467,1
13,440,468,1
13,441,469,1
13,442,470,1
13,443,471,1
13,444,472,1
13,445,473,1
13,446,474,1
13,447,475,1
13,448,476,1
13,449,477,1
13,450,478,1
13,451,479,1
13,452,480,1
13,453,481,1
13,454,482,1
13,455,483,1
13,456,484,1
13,457,485,1
13,458,486,1
13,459,487,1
13,460,488,1
13,461,489,1
13,462,490,1
13,463,491,1
13,464,492,1
13,465,493,1
13,466,494,1
13,467,495,1
13,468,496,1
13,469,497,1
13,470,498,1
13,471,499,1
13,472,500,1
13,473,501,1
13,474,502,1
13,475,503,1
13,476,504,1
13,477,505,1
13,478,506,1
13,479,507,1
13,480,508,1
13,481,509,1
13,482,510,1
13,483,511,1
13,484,512,1
13,485,513,1
13,486,514,1
13,487,515,1
13,488,516,1
13,489,517,1
13,490,518,1
13,491,519,1
13,492,520,1
13,493,521,1
13,494,522,1
13,495,523,1
13,496,524,1
13,497,525,1
13,498,526,1
13,499,527,1
13,500,528,1
13,501,529,1
13,502,530,1
13,503,531,1
13,504,532,1
13,505,533,1
13,506,534,1
13,507,535,1
13,508,536,1
13,509,537,1
13,510,538,1
13,511,539,1
13,512,540,1
13,513,541,1
13,514,542,1
13,515,543,1
13,516,544,1
13,517,545,1
13,518,546,1
13,519,547,1
13,520,548,1
13,521,549,1
13,522,550,1
13,523,551,1
13,524,552,1
13,525,553,1
13,526,554,1
13,527,555,1
13,528,556,1
13,529,557,1
13,530,558,1
13,531,559,1
13,532,560,1
13,533,561,1
13,534,562,1
13,535,563,1
13,536,564,1
13,537,565,1
13,538,566,1
13,539,567,1
13,540,568,1
13,541,569,1
13,542,570,1
13,543,571,1
13,544,572,1
13,545,573,1
13,546,574,1
13,547,575,1
13,548,576,1
13,549,577,1
13,550,578,1
13,551,579,1
13,552,580,1
13,553,581,1
13,554,582,1
13,555,583,1
13,556,584,1
13,557,585,1
13,558,586,1
13,559,587,1
13,560,588,1
13,561,589,1
13,562,590,1
13,563,591,1
13,564,592,1
13,565,593,1
13,566,594,1
13,567,595,1
13,568,596,1
13,569,597,1
13,570,598,1
13,571,599,1
13,572,600,1
13,573,601,1
13,574,602,1
13,575,603,1
13,576,604,1
13,577,605,1
13,578,606,1
13,579,607,1
13,580,608,1
13,581,609,1
13,582,610,1
13,583,611,1
13,584,612,1
13,585,613,1
13,586,614,1
13,587,615,1
13,588,616,1
13,589,617,1
13,590,618,1
13,591,619,1
13,592,620,1
13,593,621,1
13,594,622,1
13,595,623,1
13,596,624,1
13,597,625,1
13,598,626,1
13,599,627,1
13,600,628,1
13,601,629,1
13,602,630,1
13,603,631,1
13,604,632,1
13,605,633,1
13,606,634,1
13,607,635,1
13,608,636,1
13,609,637,1
13,610,638,1
13,611,639,1
13,612,640,1
13,613,641,1
13,614,642,1
13,615,643,1
13,616,644,1
13,617,645,1
13,618,646,1
13,619,647,1
13,620,648,1
13,621,649,1
13,622,650,1
13,623,651,1
13,624,652,1
13,625,653,1
13,626,654,1
13,627,655,1
13,628,656,1
13,629,657,1
13,630,658,1
13,631,659,1
13,632,660,1
13,633,661,1
13,634,662,1
13,635,663,1
13,636,664,1
13,637,665,1
13,638,666,1
13,639,667,1
13,640,668,1
13,641,669,1
13,642,670,1
13,643,671,1
13,644,672,1
13,645,673,1
13,646,674,1
13,647,675,1
13,648,676,1
13,649,677,1
13,650,678,1
13,651,679,1
13,652,680,1
13,653,681,1
13,654,682,1
13,655,683,1
13,656,684,1
13,657,685,1
13,658,686,1
13,659,687,1
13,660,688,1
13,661,689,1
13,662,690,1
13,663,691,1
13,664,692,1
13,665,693,1
13,666,694,1
13,667,695,1
13,668,696,1
13,669,697,1
13,670,698,1
13,671,699,1
13,672,700,1
13,673,701,1
13,674,702,1
13,675,703,1
13,676,704,1
13,677,705,1
13,678,706,1
13,679,707,1
13,680,708,1
13,681,709,1
13,682,710,1
13,683,711,1
13,684,712,1
13,685,713,1
13,686,714,1
13,687,715,1
13,688,716,1
13,689,717,1
13,690,718,1
13,691,719,1
13,692,720,1
13,693,721,1
13,694,722,1
13,695,723,1
13,696,724,1
13,697,725,1
13,698,726,1
13,699,727,1
13,700,728,1
13,701,729,1
13,702,730,1
13,703,731,1
13,704,732,1
13,705,733,1
13,706,734,1
13,707,735,1
13,708,736,1
13,709,737,1
13,710,738,1
13,711,739,1
13,712,740,1
13,713,741,1
13,714,742,1
13,715,743,1
13,716,744,1
13,717,745,1
13,718,746,1
13,719,747,1
13,720,748,1
13,721,749,1
13,722,750,1
13,723,751,1
13,724,752,1
13,725,753,1
13,726,754,1
13,727,755,1
13,728,756,1
13,729,757,1
13,730,758,1
13,731,759,1
13,732,760,1
13,733,761,1
13,734,762,1
13,735,763,1
13,736,764,1
13,737,765,1
13,738,766,1
13,739,767,1
13,740,768,1
13,741,769,1
13,742,770,1
13,743,771,1
13,744,772,1
13,745,773,1
13,746,774,1
13,747,775,1
13,748,776,1
13,749,777,1
13,750,778,1
13,751,779,1
13,752,780,1
13,753,781,1
13,754,782,1
13,755,783,1
13,756,784,1
13,757,785,1
13,758,786,1
13,759,787,1
13,760,788,1
13,761,789,1
13,762,790,1
13,763,791,1
13,764,792,1
13,765,793,1
13,766,794,1
13,767,795,1
13,768,796,1
13,769,797,1
13,770,798,1
13,771,799,1
13,772,800,1
13,773,801,1
13,774,802,1
13,775,803,1
13,776,804,1
13,777,805,1
13,778,806,1
13,779,807,1
13,780,808,1
13,781,809,1
13,782,810,1
13,783,811,1
13,784,812,1
13,785,813,1
13,786,814,1
13,787,815,1
13,788,816,1
13,789,817,1
13,790,818,1
13,791,819,1
13,792,820,1
13,793,821,1
13,794,822,1
13,795,823,1
13,796,824,1
13,797,825,1
13,798,826,1
13,799,827,1
13,800,828,1
13,801,829,1
13,802,830,1
13,803,831,1
13,804,832,1
13,805,833,1
13,806,834,1
13,807,835,1
13,808,836,1
13,809,837,1
13,810,838,1
13,811,839,1
13,812,840,1
13,813,841,1
13,814,842,1
13,815,843,1
13,816,844,1
13,817,845,1
13,818,846,1
13,819,847,1
13,820,848,1
13,821,849,1
13,822,850,1
13,823,851,1
13,824,852,1
13,825,853,1
13,826,854,1
13,827,855,1
13,828,856,1
13,829,857,1
13,830,858,1
13,831,859,1
13,832,860,1
13,833,861,1
13,834,862,1
13,835,863,1
13,836,864,1
13,837,865,1
13,838,866,1
13,839,867,1
13,840,868,1
13,841,869,1
13,842,870,1
13,843,871,1
13,844,872,1
13,845,873,1
13,846,874,1
13,847,875,1
13,848,876,1
13,849,877,1
13,850,878,1
13,851,879,1
13,852,880,1
13,853,881,1
13,854,882,1
13,855,883,1
13,856,884,1
13,857,885,1
13,858,886,1
13,859,887,1
13,860,888,1
13,861,889,1
13,862,890,1
13,863,891,1
13,864,892,1
13,865,893,1
13,866,894,1
13,867,895,1
13,868,896,1
13,869,897,1
13,870,898,1
13,871,899,1
13,872,900,1
13,873,901,1
13,874,902,1
13,875,903,1
13,876,904,1
13,877,905,1
13,878,906,1
13,879,907,1
13,880,908,1
13,881,909,1
13,882,910,1
13,883,911,1
13,884,912,1
13,885,913,1
13,886,914,1
13,887,915,1
13,888,916,1
13,889,917,1
13,890,918,1
13,891,919,1
13,892,920,1
13,893,921,1
13,894,922,1
13,895,923,1
13,896,924,1
13,897,925,1
13,898,926,1
13,899,927,1
13,900,928,1
13,901,929,1
13,902,930,1
13,903,931,1
13,904,932,1
13,905,933,1
13,906,934,1
13,907,935,1
13,908,936,1
13,909,937,1
13,910,938,1
13,911,939,1
13,912,940,1
13,913,941,1
13,914,942,1
13,915,943,1
13,916,944,1
13,917,945,1
13,918,946,1
13,919,947,1
13,920,948,1
13,921,949,1
13,922,950,1
13,923,951,1
13,924,952,1
13,925,953,1
13,926,954,1
13,927,955,1
13,928,956,1
13,929,957,1
13,930,958,1
13,931,959,1
13,932,960,1
13,933,961,1
13,934,962,1
13,935,963,1
13,936,964,1
13,937,965,1
13,938,966,1
13,939,967,1
13,940,968,1
13,941,969,1
13,942,970,1
13,943,971,1
13,944,972,1
13,945,973,1
13,946,974,1
13,947,975,1
13,948,976,1
13,949,977,1
13,950,978,1
13,951,979,1
13,952,980,1
13,953,981,1
13,954,982,1
13,955,983,1
13,956,984,1
13,957,985,1
13,958,986,1
13,959,987,1
13,960,988,1
13,961,989,1
13,962,990,1
13,963,991,1
13,964,992,1
13,965,993,1
13,966,994,1
13,967,995,1
13,968,996,1
13,969,997,1
13,970,998,1
13,971,999,1
13,972,1000,1
13,973,1001,1
13,974,1002,1
13,975,1003,1
13,976,1004,1
13,977,1005,1
13,978,1006,1
13,979,1007,1
13,980,1008,1
13,981,1009,1
13,982,1010,1
13,983,1011,1
13,984,1012,1
13,985,1013,1
13,986,1014,1
13,987,1015,1
13,988,1016,1
13,989,1017,1
13,990,1018,1
13,991,1019,1
13,992,1020,1
13,993,1021,1
13,994,1022,1
13,995,1023,1
13,996,1024,1
13,997,1025,1
13,998,1026,1
13,999,1027,1
13,1000,1028,1
13,1001,1029,1
13,1002,1030,1
13,1003,1031,1
13,1004,1032,1
13,1005,1033,1
13,1006,1034,1
13,1007,1035,1
13,1008,1036,1
13,1009,1037,1
13,1010,1038,1
13,1011,1039,1
13,1012,1040,1
13,1013,1041,1
13,1014,1042,1
13,1015,1043,1
13,1016,1044,1
13,1017,1045,1
13,1018,1046,1
13,1019,1047,1
13,1020,1048,1
13,1021,1049,1
13,1022,1050,1
13,1023,1051,1
13,1024,1052,1
13,1025,1053,1
13,1026,1054,1
13,1027,1055,1
13,1028,1056,1
13,1029,1057,1
13,1030,1058,1
13,1031,1059,1
13,1032,1060,1
13,1033,1061,1
13,1034,1062,1
13,1035,1063,1
13,1036,1064,1
13,1037,1065,1
13,1038,1066,1
13,1039,1067,1
13,1040,1068,1
13,1041,1069,1
13,1042,1070,1
13,1043,1071,1
13,1044,1072,1
13,1045,1073,1
13,1046,1074,1
13,1047,1075,1
13,1048,1076,1
13,1049,1077,1
13,1050,1078,1
13,1051,1079,1
13,1052,1080,1
13,1053,1081,1
13,1054,1082,1
13,1055,1083,1
13,1056,1084,1
13,1057,1085,1
13,1058,1086,1
13,1059,1087,1
13,1060,1088,1
13,1061,1089,1
13,1062,1090,1
13,1063,1091,1
13,1064,1092,1
13,1065,1093,1
13,1066,1094,1
13,1067,1095,1
13,1068,1096,1
13,1069,1097,1
13,1070,1098,1
13,1071,1099,1
13,1072,1100,1
13,1073,1101,1
13,1074,1102,1
13,1075,1103,1
13,1076,1104,1
13,1077,1105,1
13,1078,1106,1
13,1079,1107,1
13,1080,1108,1
13,1081,1109,1
13,1082,1110,1
13,1083,1111,1
13,1084,1112,1
13,1085,1113,1
13,1086,1114,1
13,1087,1115,1
13,1088,1116,1
13,1089,1117,1
13,1090,1118,1
13,1091,1119,1
13,1092,1120,1
13,1093,1121,1
13,1094,1122,1
13,1095,1123,1
13,1096,1124,1
13,1097,1125,1
13,1098,1126,1
13,1099,1127,1
13,1100,1128,1
13,1101,1129,1
13,1102,1130,1
13,1103,1131,1
13,1104,1132,1
13,1105,1133,1
13,1106,1134,1
13,1107,1135,1
13,1108,1136,1
13,1109,1137,1
13,1110,1138,1
13,1111,1139,1
13,1112,1140,1
13,1113,1141,1
13,1114,1142,1
13,1115,1143,1
13,1116,1144,1
13,1117,1145,1
13,1118,1146,1
13,1119,1147,1
13,1120,1148,1
13,1121,1149,1
13,1122,1150,1
13,1123,1151,1
13,1124,1152,1
13,1125,1153,1
13,1126,1154,1
13,1127,1155,1
13,1128,1156,1
13,1129,1157,1
13,1130,1158,1
13,1131,1159,1
13,1132,1160,1
13,1133,1161,1
13,1134,1162,1
13,1135,1163,1
13,1136,1164,1
13,1137,1165,1
13,1138,1166,1
13,1139,1167,1
13,1140,1168,1
13,1141,1169,1
13,1142,1170,1
13,1143,1171,1
13,1144,1172,1
13,1145,1173,1
13,1146,1174,1
13,1147,1175,1
13,1148,1176,1
13,1149,1177,1
13,1150,1178,1
13,1151,1179,1
13,1152,1180,1
13,1153,1181,1
13,1154,1182,1
13,1155,1183,1
13,1156,1184,1
13,1157,1185,1
13,1158,1186,1
13,1159,1187,1
13,1160,1188,1
13,1161,1189,1
13,1162,1190,1
13,1163,1191,1
13,1164,1192,1
13,1165,1193,1
13,1166,1194,1
13,1167,1195,1
13,1168,1196,1
13,1169,1197,1
13,1170,1198,1
13,1171,1199,1
13,1172,1200,1
13,1173,1201,1
13,1174,1202,1
13,1175,1203,1
13,1176,1204,1
13,1177,1205,1
13,1178,1206,1
13,1179,1207,1
13,1180,1208,1
13,1181,1209,1
13,1182,1210,1
13,1183,1211,1
13,1184,1212,1
13,1185,1213,1
13,1186,1214,1
13,1187,1215,1
13,1188,1216,1
13,1189,1217,1
13,1190,1218,1
13,1191,1219,1
13,1192,1220,1
13,1193,1221,1
13,1194,1222,1
13,1195,1223,1
13,1196,1224,1
13,1197,1225,1
13,1198,1226,1
13,1199,1227,1
13,1200,1228,1
13,1201,1229,1
13,1202,1230,1
13,1203,1231,1
13,1204,1232,1
13,1205,1233,1
13,1206,1234,1
13,1207,1235,1
13,1208,1236,1
13,1209,1237,1
13,1210,1238,1
13,1211,1239,1
13,1212,1240,1
13,1213,1241,1
13,1214,1242,1
13,1215,1243,1
13,1216,1244,1
13,1217,1245,1
13,1218,1246,1
13,1219,1247,1
13,1220,1248,1
13,1221,1249,1
13,1222,1250,1
13,1223,1251,1
13,1224,1252,1
13,1225,1253,1
13,1226,1254,1
13,1227,1255,1
13,1228,1256,1
13,1229,1257,1
13,1230,1258,1
13,1231,1259,1
13,1232,1260,1
13,1233,1261,1
13,1234,1262,1
13,1235,1263,1
13,1236,1264,1
13,1237,1265,1
13,1238,1266,1
13,1239,1267,1
13,1240,1268,1
13,1241,1269,1
13,1242,1270,1
13,1243,1271,1
13,1244,1272,1
13,1245,1273,1
13,1246,1274,1
13,1247,1275,1
13,1248,1276,1
13,1249,1277,1
13,1250,1278,1
13,1251,1279,1
13,1252,1280,1
13,1253,1281,1
13,1254,1282,1
13,1255,1283,1
13,1256,1284,1
13,1257,1285,1
13,1258,1286,1
13,1259,1287,1
13,1260,1288,1
13,1261,1289,1
13,1262,1290,1
13,1263,1291,1
13,1264,1292,1
13,1265,1293,1
13,1266,1294,1
13,1267,1295,1
13,1268,1296,1
13,1269,1297,1
13,1270,1298,1
13,1271,1299,1
13,1272,1300,1
13,1273,1301,1
13,1274,1302,1
13,1275,1303,1
13,1276,1304,1
13,1277,1305,1
13,1278,1306,1
13,1279,1307,1
13,1280,1308,1
13,1281,1309,1
13,1282,1310,1
13,1283,1311,1
13,1284,1312,1
13,1285,1313,1
13,1286,1314,1
13,1287,1315,1
13,1288,1316,1
13,1289,1317,1
13,1290,1318,1
13,1291,1319,1
13,1292,1320,1
13,1293,1321,1
13,1294,1322,1
13,1295,1323,1
13,1296,1324,1
13,1297,1325,1
13,1298,1326,1
13,1299,1327,1
13,1300,1328,1
13,1301,1329,1
13,1302,1330,1
13,1303,1331,1
13,1304,1332,1
13,1305,1333,1
13,1306,1334,1
13,1307,1335,1
13,1308,1336,1
13,1309,1337,1
13,1310,1338,1
13,1311,1339,1
13,1312,1340,1
13,1313,1341,1
13,1314,1342,1
13,1315,1343,1
13,1316,1344,1
13,1317,1345,1
13,1318,1346,1
13,1319,1347,1
13,1320,1348,1
13,1321,1349,1
13,1322,1350,1
13,1323,1351,1
13,1324,1352,1
13,1325,1353,1
13,1326,1354,1
13,1327,1355,1
13,1328,1356,1
13,1329,1357,1
13,1330,1358,1
13,1331,1359,1
13,1332,1360,1
13,1333,1361,1
13,1334,1362,1
13,1335,1363,1
13,1336,1364,1
13,1337,1365,1
13,1338,1366,1
13,1339,1367,1
13,1340,1368,1
13,1341,1369,1
13,1342,1370,1
13,1343,1371,1
13,1344,1372,1
13,1345,1373,1
13,1346,1374,1
13,1347,1375,1
13,1348,1376,1
13,1349,1377,1
13,1350,1378,1
13,1351,1379,1
13,1352,1380,1
13,1353,1381,1
13,1354,1382,1
13,1355,1383,1
13,1356,1384,1
13,1357,1385,1
13,1358,1386,1
13,1359,1387,1
13,1360,1388,1
13,1361,1389,1
13,1362,1390,1
13,1363,1391,1
13,1364,1392,1
13,1365,1393,1
13,1366,1394,1
13,1367,1395,1
13,1368,1396,1
13,1369,1397,1
13,1370,1398,1
13,1371,1399,1
13,1372,1400,1
13,1373,1401,1
13,1374,1402,1
13,1375,1403,1
13,1376,1404,1
13,1377,1405,1
13,1378,1406,1
13,1379,1407,1
13,1380,1408,1
13,1381,1409,1
13,1382,1410,1
13,1383,1411,1
13,1384,1412,1
13,1385,1413,1
13,1386,1414,1
13,1387,1415,1
13,1388,1416,1
13,1389,1417,1
13,1390,1418,1
13,1391,1419,1
13,1392,1420,1
13,1393,1421,1
13,1394,1422,1
13,1395,1423,1
13,1396,1424,1
13,1397,1425,1
13,1398,1426,1
13,1399,1427,1
13,1400,1428,1
13,1401,1429,1
13,1402,1430,1
13,1403,1431,1
13,1404,1432,1
13,1405,1433,1
13,1406,1434,1
13,1407,1435,1
13,1408,1436,1
13,1409,1437,1
13,1410,1438,1
13,1411,1439,1
13,1412,1440,1
13,1413,1441,1
13,1414,1442,1
13,1415,1443,1
13,1416,1444,1
13,1417,1445,1
13,1418,1446,1
13,1419,1447,1
13,1420,1448,1
13,1421,1449,1
13,1422,1450,1
13,1423,1451,1
13,1424,1452,1
13,1425,1453,1
13,1426,1454,1
13,1427,1455,1
13,1428,1456,1
13,1429,1457,1
13,1430,1458,1
13,1431,1459,1
13,1432,1460,1
13,1433,1461,1
13,1434,1462,1
13,1435,1463,1
13,1436,1464,1
13,1437,1465,1
13,1438,1466,1
13,1439,1467,1
13,1440,1468,1
13,1441,1469,1
13,1442,1470,1
13,1443,1471,1
13,1444,1472,1
13,1445,1473,1
13,1446,1474,1
13,1447,1475,1
13,1448,1476,1
13,1449,1477,1
13,1450,1478,1
13,1451,1479,1
13,1452,1480,1
13,1453,1481,1
13,1454,1482,1
13,1455,1483,1
13,1456,1484,1
13,1457,1485,1
13,1458,1486,1
13,1459,1487,1
13,1460,1488,1
13,1461,1489,1
13,1462,1490,1
13,1463,1491,1
13,1464,1492,1
13,1465,1493,1
13,1466,1494,1
13,1467,1495,1
13,1468,1496,1
13,1469,1497,1
13,1470,1498,1
13,1471,1499,1
13,1472,1500,1
13,1473,1501,1
13,1474,1502,1
13,1475,1503,1
13,1476,1504,1
13,1477,1505,1
13,1478,1506,1
13,1479,1507,1
13,1480,1508,1
13,1481,1509,1
13,1482,1510,1
13,1483,1511,1
13,1484,1512,1
13,1485,1513,1
13,1486,1514,1
13,1487,1515,1
13,1488,1516,1
13,1489,1517,1
13,1490,1518,1
13,1491,1519,1
13,1492,1520,1
13,1493,1521,1
13,1494,1522,1
13,1495,1523,1
13,1496,1524,1
13,1497,1525,1
13,1498,1526,1
13,1499,1527,1
13,1500,1528,1
14,0,28,1
14,1,29,1
14,2,30,1
14,3,31,1
14,4,32,1
14,5,33,1
14,6,34,1
14,7,35,1
14,8,36,1
14,9,37,1
14,10,38,1
14,11,39,1
14,12,40,1
14,13,41,1
14,14,42,1
14,15,43,1
14,16,44,1
14,17,45,1
14,18,46,1
14,19,47,1
14,20,48,1
14,21,49,1
14,22,50,1
14,23,51,1
14,24,52,1
14,25,53,1
14,26,54,1
14,27,55,1
14,28,56,1
14,29,57,1
14,30,58,1
14,31,59,1
14,32,60,1
14,33,61,1
14,34,62,1
14,35,63,1
14,36,64,1
14,37,65,1
14,38,66,1
14,39,67,1
14,40,68,1
14,41,69,1
14,42,70,1
14,43,71,1
14,44,72,1
14,45,73,1
14,46,74,1
14,47,75,1
14,48,76,1
14,49,77,1
14,50,78,1
14,51,79,1
14,52,80,1
14,53,81,1
14,54,82,1
14,55,83,1
14,56,84,1
14,57,85,1
14,58,86,1
14,59,87,1
14,60,88,1
14,61,89,1
14,62,90,1
14,63,91,1
14,64,92,1
14,65,93,1
14,66,94,1
14,67,95,1
14,68,96,1
14,69,97,1
14,70,98,1
14,71,99,1
14,72,100,1
14,73,101,1
14,74,102,1
14,75,103,1
14,76,104,1
14,77,105,1
14,78,106,1
14,79,107,1
14,80,108,1
14,81,109,1
14,82,110,1
14,83,111,1
14,84,112,1
14,85,113,1
14,86,114,1
14,87,115,1
14,88,116,1
14,89,117,1
14,90,118,1
14,91,119,1
14,92,120,1
14,93,121,1
14,94,122,1
14,95,123,1
14,96,124,1
14,97,125,1
14,98,126,1
14,99,127,1
14,100,128,1
14,101,129,1
14,102,130,1
14,103,131,1
14,104,132,1
14,105,133,1
14,106,134,1
14,107,135,1
14,108,136,1
14,109,137,1
14,110,138,1
14,111,139,1
14,112,140,1
14,113,141,1
14,114,142,1
14,115,143,1
14,116,144,1
14,117,145,1
14,118,146,1
14,119,147,1
14,120,148,1
14,121,149,1
14,122,150,1
14,123,151,1
14,124,152,1
14,125,153,1
14,126,154,1
14,127,155,1
14,128,156,1
14,129,157,1
14,130,158,1
14,131,159,1
14,132,160,1
14,133,161,1
14,134,162,1
14,135,163,1
14,136,164,1
14,137,165,1
14,138,166,1
14,139,167,1
14,140,168,1
14,141,169,1
14,142,170,1
14,143,171,1
14,144,172,1
14,145,173,1
14,146,174,1
14,147,175,1
14,148,176,1
14,149,177,1
14,150,178,1
14,151,179,1
14,152,180,1
14,153,181,1
14,154,182,1
14,155,183,1
14,156,184,1
14,157,185,1
14,158,186,1
14,159,187,1
14,160,188,1
14,161,189,1
14,162,190,1
14,163,191,1
14,164,192,1
14,165,193,1
14,166,194,1
14,167,195,1
14,168,196,1
14,169,197,1
14,170,198,1
14,171,199,1
14,172,200,1
14,173,201,1
14,174,202,1
14,175,203,1
14,176,204,1
14,177,205,1
14,178,206,1
14,179,207,1
14,180,208,1
14,181,209,1
14,182,210,1
14,183,211,1
14,184,212,1
14,185,213,1
14,186,214,1
14,187,215,1
14,188,216,1
14,189,217,1
14,190,218,1
14,191,219,1
14,192,220,1
14,193,221,1
14,194,222,1
14,195,223,1
14,196,224,1
14,197,225,1
14,198,226,1
14,199,227,1
14,200,228,1
14,201,229,1
14,202,230,1
14,203,231,1
14,204,232,1
14,205,233,1
14,206,234,1
14,207,235,1
14,208,236,1
14,209,237,1
14,210,238,1
14,211,239,1
14,212,240,1
14,213,241,1
14,214,242,1
14,215,243,1
14,216,244,1
14,217,245,1
14,218,246,1
14,219,247,1
14,220,248,1
14,221,249,1
14,222,250,1
14,223,251,1
14,224,252,1
14,225,253,1
14,226,254,1
14,227,255,1
14,228,256,1
14,229,257,1
14,230,258,1
14,231,259,1
14,232,260,1
14,233,261,1
14,234,262,1
14,235,263,1
14,236,264,1
14,237,265,1
14,238,266,1
14,239,267,1
14,240,268,1
14,241,269,1
14,242,270,1
14,243,271,1
14,244,272,1
14,245,273,1
14,246,274,1
14,247,275,1
14,248,276,1
14,249,277,1
14,250,278,1
14,251,279,1
14,252,280,1
14,253,281,1
14,254,282,1
14,255,283,1
14,256,284,1
14,257,285,1
14,258,286,1
14,259,287,1
14,260,288,1
14,261,289,1
14,262,290,1
14,263,291,1
14,264,292,1
14,265,293,1
14,266,294,1
14,267,295,1
14,268,296,1
14,269,297,1
14,270,298,1
14,271,299,1
14,272,300,1
14,273,301,1
14,274,302,1
14,275,303,1
14,276,304,1
14,277,305,1
14,278,306,1
14,279,307,1
14,280,308,1
14,281,309,1
14,282,310,1
14,283,311,1
14,284,312,1
14,285,313,1
14,286,314,1
14,287,315,1
14,288,316,1
14,289,317,1
14,290,318,1
14,291,319,1
14,292,320,1
14,293,321,1
14,294,322,1
14,295,323,1
14,296,324,1
14,297,325,1
14,298,326,1
14,299,327,1
14,300,328,1
14,301,329,1
14,302,330,1
14,303,331,1
14,304,332,1
14,305,333,1
14,306,334,1
14,307,335,1
14,308,336,1
14,309,337,1
14,310,338,1
14,311,339,1
14,312,340,1
14,313,341,1
14,314,342,1
14,315,343,1
14,316,344,1
14,317,345,1
14,318,346,1
14,319,347,1
14,320,348,1
14,321,349,1
14,322,350,1
14,323,351,1
14,324,352,1
14,325,353,1
14,326,354,1
14,327,355,1
14,328,356,1
14,329,357,1
14,330,358,1
14,331,359,1
14,332,360,1
14,333,361,1
14,334,362,1
14,335,363,1
14,336,364,1
14,337,365,1
14,338,366,1
14,339,367,1
14,340,368,1
14,341,369,1
14,342,370,1
14,343,371,1
14,344,372,1
14,345,373,1
14,346,374,1
14,347,375,1
14,348,376,1
14,349,377,1
14,350,378,1
14,351,379,1
14,352,380,1
14,353,381,1
14,354,382,1
14,355,383,1
14,356,384,1
14,357,385,1
14,358,386,1
14,359,387,1
14,360,388,1
14,361,389,1
14,362,390,1
14,363,391,1
14,364,392,1
14,365,393,1
14,366,394,1
14,367,395,1
14,368,396,1
14,369,397,1
14,370,398,1
14,371,399,1
14,372,400,1
14,373,401,1
14,374,402,1
14,375,403,1
14,376,404,1
14,377,405,1
14,378,406,1
14,379,407,1
14,380,408,1
14,381,409,1
14,382,410,1
14,383,411,1
14,384,412,1
14,385,413,1
14,386,414,1
14,387,415,1
14,388,416,1
14,389,417,1
14,390,418,1
14,391,419,1
14,392,420,1
14,393,421,1
14,394,422,1
14,395,423,1
14,396,424,1
14,397,425,1
14,398,426,1
14,399,427,1
14,400,428,1
14,401,429,1
14,402,430,1
14,403,431,1
14,404,432,1
14,405,433,1
14,406,434,1
14,407,435,1
14,408,436,1
14,409,437,1
14,410,438,1
14,411,439,1
14,412,440,1
14,413,441,1
14,414,442,1
14,415,443,1
14,416,444,1
14,417,445,1
14,418,446,1
14,419,447,1
14,420,448,1
14,421,449,1
14,422,450,1
14,423,451,1
14,424,452,1
14,425,453,1
14,426,454,1
14,427,455,1
14,428,456,1
14,429,457,1
14,430,458,1
14,431,459,1
14,432,460,1
14,433,461,1
14,434,462,1
14,435,463,1
14,436,464,1
14,437,465,1
14,438,466,1
14,439,467,1
14,440,468,1
14,441,469,1
14,442,470,1
14,443,471,1
14,444,472,1
14,445,473,1
14,446,474,1
14,447,475,1
14,448,476,1
14,449,477,1
14,450,478,1
14,451,479,1
14,452,480,1
14,453,481,1
14,454,482,1
14,455,483,1
14,456,484,1
14,457,485,1
14,458,486,1
14,459,487,1
14,460,488,1
14,461,489,1
14,462,490,1
14,463,491,1
14,464,492,1
14,465,493,1
14,466,494,1
14,467,495,1
14,468,496,1
14,469,497,1
14,470,498,1
14,471,499,1
14,472,500,1
14,473,501,1
14,474,502,1
14,475,503,1
14,476,504,1
14,477,505,1
14,478,506,1
14,479,507,1
14,480,508,1
14,481,509,1
14,482,510,1
14,483,511,1
14,484,512,1
14,485,513,1
14,486,514,1
14,487,515,1
14,488,516,1
14,489,517,1
14,490,518,1
14,491,519,1
14,492,520,1
14,493,521,1
14,494,522,1
14,495,523,1
14,496,524,1
14,497,525,1
14,498,526,1
14,499,527,1
14,500,528,1
14,501,529,1
14,502,530,1
14,503,531,1
14,504,532,1
14,505,533,1
14,506,534,1
14,507,535,1
14,508,536,1
14,509,537,1
14,510,538,1
14,511,539,1
14,512,540,1
14,513,541,1
14,514,542,1
14,515,543,1
14,516,544,1
14,517,545,1
14,518,546,1
14,519,547,1
14,520,548,1
14,521,549,1
14,522,550,1
14,523,551,1
14,524,552,1
14,525,553,1
14,526,554,1
14,527,555,1
14,528,556,1
14,529,557,1
14,530,558,1
14,531,559,1
14,532,560,1
14,533,561,1
14,534,562,1
14,535,563,1
14,536,564,1
14,537,565,1
14,538,566,1
14,539,567,1
14,540,568,1
14,541,569,1
14,542,570,1
14,543,571,1
14,544,572,1
14,545,573,1
14,546,574,1
14,547,575,1
14,548,576,1
14,549,577,1
14,550,578,1
14,551,579,1
14,552,580,1
14,553,581,1
14,554,582,1
14,555,583,1
14,556,584,1
14,557,585,1
14,558,586,1
14,559,587,1
14,560,588,1
14,561,589,1
14,562,590,1
14,563,591,1
14,564,592,1
14,565,593,1
14,566,594,1
14,567,595,1
14,568,596,1
14,569,597,1
14,570,598,1
14,571,599,1
14,572,600,1
14,573,601,1
14,574,602,1
14,575,603,1
14,576,604,1
14,577,605,1
14,578,606,1
14,579,607,1
14,580,608,1
14,581,609,1
14,582,610,1
14,583,611,1
14,584,612,1
14,585,613,1
14,586,614,1
14,587,615,1
14,588,616,1
14,589,617,1
14,590,618,1
14,591,619,1
14,592,620,1
14,593,621,1
14,594,622,1
14,595,623,1
14,596,624,1
14,597,625,1
14,598,626,1
14,599,627,1
14,600,628,1
14,601,629,1
14,602,630,1
14,603,631,1
14,604,632,1
14,605,633,1
14,606,634,1
14,607,635,1
14,608,636,1
14,609,637,1
14,610,638,1
14,611,639,1
14,612,640,1
14,613,641,1
14,614,642,1
14,615,643,1
14,616,644,1
14,617,645,1
14,618,646,1
14,619,647,1
14,620,648,1
14,621,649,1
14,622,650,1
14,623,651,1
14,624,652,1
14,625,653,1
14,626,654,1
14,627,655,1
14,628,656,1
14,629,657,1
14,630,658,1
14,631,659,1
14,632,660,1
14,633,661,1
14,634,662,1
14,635,663,1
14,636,664,1
14,637,665,1
14,638,666,1
14,639,667,1
14,640,668,1
14,641,669,1
14,642,670,1
14,643,671,1
14,644,672,1
14,645,673,1
14,646,674,1
14,647,675,1
14,648,676,1
14,649,677,1
14,650,678,1
14,651,679,1
14,652,680,1
14,653,681,1
14,654,682,1
14,655,683,1
14,656,684,1
14,657,685,1
14,658,686,1
14,659,687,1
14,660,688,1
14,661,689,1
14,662,690,1
14,663,691,1
14,664,692,1
14,665,693,1
14,666,694,1
14,667,695,1
14,668,696,1
14,669,697,1
14,670,698,1
14,671,699,1
14,672,700,1
14,673,701,1
14,674,702,1
14,675,703,1
14,676,704,1
14,677,705,1
14,678,706,1
14,679,707,1
14,680,708,1
14,681,709,1
14,682,710,1
14,683,711,1
14,684,712,1
14,685,713,1
14,686,714,1
14,687,715,1
14,688,716,1
14,689,717,1
14,690,718,1
14,691,719,1
14,692,720,1
14,693,721,1
14,694,722,1
14,695,723,1
14,696,724,1
14,697,725,1
14,698,726,1
14,699,727,1
14,700,728,1
14,701,729,1
14,702,730,1
14,703,731,1
14,704,732,1
14,705,733,1
14,706,734,1
14,707,735,1
14,708,736,1
14,709,737,1
14,710,738,1
14,711,739,1
14,712,740,1
14,713,741,1
14,714,742,1
14,715,743,1
14,716,744,1
14,717,745,1
14,718,746,1
14,719,747,1
14,720,748,1
14,721,749,1
14,722,750,1
14,723,751,1
14,724,752,1
14,725,753,1
14,726,754,1
14,727,755,1
14,728,756,1
14,729,757,1
14,730,758,1
14,731,759,1
14,732,760,1
14,733,761,1
14,734,762,1
14,735,763,1
14,736,764,1
14,737,765,1
14,738,766,1
14,739,767,1
14,740,768,1
14,741,769,1
14,742,770,1
14,743,771,1
14,744,772,1
14,745,773,1
14,746,774,1
14,747,775,1
14,748,776,1
14,749,777,1
14,750,778,1
14,751,779,1
14,752,780,1
14,753,781,1
14,754,782,1
14,755,783,1
14,756,784,1
14,757,785,1
14,758,786,1
14,759,787,1
14,760,788,1
14,761,789,1
14,762,790,1
14,763,791,1
14,764,792,1
14,765,793,1
14,766,794,1
14,767,795,1
14,768,796,1
14,769,797,1
14,770,798,1
14,771,799,1
14,772,800,1
14,773,801,1
14,774,802,1
14,775,803,1
14,776,804,1
14,777,805,1
14,778,806,1
14,779,807,1
14,780,808,1
14,781,809,1
14,782,810,1
14,783,811,1
14,784,812,1
14,785,813,1
14,786,814,1
14,787,815,1
14,788,816,1
14,789,817,1
14,790,818,1
14,791,819,1
14,792,820,1
14,793,821,1
14,794,822,1
14,795,823,1
14,796,824,1
14,797,825,1
14,798,826,1
14,799,827,1
14,800,828,1
14,801,829,1
14,802,830,1
14,803,831,1
14,804,832,1
14,805,833,1
14,806,834,1
14,807,835,1
14,808,836,1
14,809,837,1
14,810,838,1
14,811,839,1
14,812,840,1
14,813,841,1
14,814,842,1
14,815,843,1
14,816,844,1
14,817,845,1
14,818,846,1
14,819,847,1
14,820,848,1
14,821,849,1
14,822,850,1
14,823,851,1
14,824,852,1
14,825,853,1
14,826,854,1
14,827,855,1
14,828,856,1
14,829,857,1
14,830,858,1
14,831,859,1
14,832,860,1
14,833,861,1
14,834,862,1
14,835,863,1
14,836,864,1
14,837,865,1
14,838,866,1
14,839,867,1
14,840,868,1
14,841,869,1
14,842,870,1
14,843,871,1
14,844,872,1
14,845,873,1
14,846,874,1
14,847,875,1
14,848,876,1
14,849,877,1
14,850,878,1
14,851,879,1
14,852,880,1
14,853,881,1
14,854,882,1
14,855,883,1
14,856,884,1
14,857,885,1
14,858,886,1
14,859,887,1
14,860,888,1
14,861,889,1
14,862,890,1
14,863,891,1
14,864,892,1
14,865,893,1
14,866,894,1
14,867,895,1
14,868,896,1
14,869,897,1
14,870,898,1
14,871,899,1
14,872,900,1
14,873,901,1
14,874,902,1
14,875,903,1
14,876,904,1
14,877,905,1
14,878,906,1
14,879,907,1
14,880,908,1
14,881,909,1
14,882,910,1
14,883,911,1
14,884,912,1
14,885,913,1
14,886,914,1
14,887,915,1
14,888,916,1
14,889,917,1
14,890,918,1
14,891,919,1
14,892,920,1
14,893,921,1
14,894,922,1
14,895,923,1
14,896,924,1
14,897,925,1
14,898,926,1
14,899,927,1
14,900,928,1
14,901,929,1
14,902,930,1
14,903,931,1
14,904,932,1
14,905,933,1
14,906,934,1
14,907,935,1
14,908,936,1
14,909,937,1
14,910,938,1
14,911,939,1
14,912,940,1
14,913,941,1
14,914,942,1
14,915,943,1
14,916,944,1
14,917,945,1
14,918,946,1
14,919,947,1
14,920,948,1
14,921,949,1
14,922,950,1
14,923,951,1
14,924,952,1
14,925,953,1
14,926,954,1
14,927,955,1
14,928,956,1
14,929,957,1
14,930,958,1
14,931,959,1
14,932,960,1
14,933,961,1
14,934,962,1
14,935,963,1
14,936,964,1
14,937,965,1
14,938,966,1
14,939,967,1
14,940,968,1
14,941,969,1
14,942,970,1
14,943,971,1
14,944,972,1
14,945,973,1
14,946,974,1
14,947,975,1
14,948,976,1
14,949,977,1
14,950,978,1
14,951,979,1
14,952,980,1
14,953,981,1
14,954,982,1
14,955,983,1
14,956,984,1
14,957,985,1
14,958,986,1
14,959,987,1
14,960,988,1
14,961,989,1
14,962,990,1
14,963,991,1
14,964,992,1
14,965,993,1
14,966,994,1
14,967,995,1
14,968,996,1
14,969,997,1
14,970,998,1
14,971,999,1
14,972,1000,1
14,973,1001,1
14,974,1002,1
14,975,1003,1
14,976,1004,1
14,977,1005,1
14,978,1006,1
14,979,1007,1
14,980,1008,1
14,981,1009,1
14,982,1010,1
14,983,1011,1
14,984,1012,1
14,985,1013,1
14,986,1014,1
14,987,1015,1
14,988,1016,1
14,989,1017,1
14,990,1018,1
14,991,1019,1
14,992,1020,1
14,993,1021,1
14,994,1022,1
14,995,1023,1
14,996,1024,1
14,997,1025,1
14,998,1026,1
14,999,1027,1
14,1000,1028,1
14,1001,1029,1
14,1002,1030,1
14,1003,1031,1
14,1004,1032,1
14,1005,1033,1
14,1006,1034,1
14,1007,1035,1
14,1008,1036,1
14,1009,1037,1
14,1010,1038,1
14,1011,1039,1
14,1012,1040,1
14,1013,1041,1
14,1014,1042,1
14,1015,1043,1
14,1016,1044,1
14,1017,1045,1
14,1018,1046,1
14,1019,1047,1
14,1020,1048,1
14,1021,1049,1
14,1022,1050,1
14,1023,1051,1
14,1024,1052,1
14,1025,1053,1
14,1026,1054,1
14,1027,1055,1
14,1028,1056,1
14,1029,1057,1
14,1030,1058,1
14,1031,1059,1
14,1032,1060,1
14,1033,1061,1
14,1034,1062,1
14,1035,1063,1
14,1036,1064,1
14,1037,1065,1
14,1038,1066,1
14,1039,1067,1
14,1040,1068,1
14,1041,1069,1
14,1042,1070,1
14,1043,1071,1
14,1044,1072,1
14,1045,1073,1
14,1046,1074,1
14,1047,1075,1
14,1048,1076,1
14,1049,1077,1
14,1050,1078,1
14,1051,1079,1
14,1052,1080,1
14,1053,1081,1
14,1054,1082,1
14,1055,1083,1
14,1056,1084,1
14,1057,1085,1
14,1058,1086,1
14,1059,1087,1
14,1060,1088,1
14,1061,1089,1
14,1062,1090,1
14,1063,1091,1
14,1064,1092,1
14,1065,1093,1
14,1066,1094,1
14,1067,1095,1
14,1068,1096,1
14,1069,1097,1
14,1070,1098,1
14,1071,1099,1
14,1072,1100,1
14,1073,1101,1
14,1074,1102,1
14,1075,1103,1
14,1076,1104,1
14,1077,1105,1
14,1078,1106,1
14,1079,1107,1
14,1080,1108,1
14,1081,1109,1
14,1082,1110,1
14,1083,1111,1
14,1084,1112,1
14,1085,1113,1
14,1086,1114,1
14,1087,1115,1
14,1088,1116,1
14,1089,1117,1
14,1090,1118,1
14,1091,1119,1
14,1092,1120,1
14,1093,1121,1
14,1094,1122,1
14,1095,1123,1
14,1096,1124,1
14,1097,1125,1
14,1098,1126,1
14,1099,1127,1
14,1100,1128,1
14,1101,1129,1
14,1102,1130,1
14,1103,1131,1
14,1104,1132,1
14,1105,1133,1
14,1106,1134,1
14,1107,1135,1
14,1108,1136,1
14,1109,1137,1
14,1110,1138,1
14,1111,1139,1
14,1112,1140,1
14,1113,1141,1
14,1114,1142,1
14,1115,1143,1
14,1116,1144,1
14,1117,1145,1
14,1118,1146,1
14,1119,1147,1
14,1120,1148,1
14,1121,1149,1
14,1122,1150,1
14,1123,1151,1
14,1124,1152,1
14,1125,1153,1
14,1126,1154,1
14,1127,1155,1
14,1128,1156,1
14,1129,1157,1
14,1130,1158,1
14,1131,1159,1
14,1132,1160,1
14,1133,1161,1
14,1134,1162,1
14,1135,1163,1
14,1136,1164,1
14,1137,1165,1
14,1138,1166,1
14,1139,1167,1
14,1140,1168,1
14,1141,1169,1
14,1142,1170,1
14,1143,1171,1
14,1144,1172,1
14,1145,1173,1
14,1146,1174,1
14,1147,1175,1
14,1148,1176,1
14,1149,1177,1
14,1150,1178,1
14,1151,1179,1
14,1152,1180,1
14,1153,1181,1
14,1154,1182,1
14,1155,1183,1
14,1156,1184,1
14,1157,1185,1
14,1158,1186,1
14,1159,1187,1
14,1160,1188,1
14,1161,1189,1
14,1162,1190,1
14,1163,1191,1
14,1164,1192,1
14,1165,1193,1
14,1166,1194,1
14,1167,1195,1
14,1168,1196,1
14,1169,1197,1
14,1170,1198,1
14,1171,1199,1
14,1172,1200,1
14,1173,1201,1
14,1174,1202,1
14,1175,1203,1
14,1176,1204,1
14,1177,1205,1
14,1178,1206,1
14,1179,1207,1
14,1180,1208,1
14,1181,1209,1
14,1182,1210,1
14,1183,1211,1
14,1184,1212,1
14,1185,1213,1
14,1186,1214,1
14,1187,1215,1
14,1188,1216,1
14,1189,1217,1
14,1190,1218,1
14,1191,1219,1
14,1192,1220,1
14,1193,1221,1
14,1194,1222,1
14,1195,1223,1
14,1196,1224,1
14,1197,1225,1
14,1198,1226,1
14,1199,1227,1
14,1200,1228,1
14,1201,1229,1
14,1202,1230,1
14,1203,1231,1
14,1204,1232,1
14,1205,1233,1
14,1206,1234,1
14,1207,1235,1
14,1208,1236,1
14,1209,1237,1
14,1210,1238,1
14,1211,1239,1
14,1212,1240,1
14,1213,1241,1
14,1214,1242,1
14,1215,1243,1
14,1216,1244,1
14,1217,1245,1
14,1218,1246,1
14,1219,1247,1
14,1220,1248,1
14,1221,1249,1
14,1222,1250,1
14,1223,1251,1
14,1224,1252,1
14,1225,1253,1
14,1226,1254,1
14,1227,1255,1
14,1228,1256,1
14,1229,1257,1
14,1230,1258,1
14,1231,1259,1
14,1232,1260,1
14,1233,1261,1
14,1234,1262,1
14,1235,1263,1
14,1236,1264,1
14,1237,1265,1
14,1238,1266,1
14,1239,1267,1
14,1240,1268,1
14,1241,1269,1
14,1242,1270,1
14,1243,1271,1
14,1244,1272,1
14,1245,1273,1
14,1246,1274,1
14,1247,1275,1
14,1248,1276,1
14,1249,1277,1
14,1250,1278,1
14,1251,1279,1
14,1252,1280,1
14,1253,1281,1
14,1254,1282,1
14,1255,1283,1
14,1256,1284,1
14,1257,1285,1
14,1258,1286,1
14,1259,1287,1
14,1260,1288,1
14,1261,1289,1
14,1262,1290,1
14,1263,1291,1
14,1264,1292,1
14,1265,1293,1
14,1266,1294,1
14,1267,1295,1
14,1268,1296,1
14,1269,1297,1
14,1270,1298,1
14,1271,1299,1
14,1272,1300,1
14,1273,1301,1
14,1274,1302,1
14,1275,1303,1
14,1276,1304,1
14,1277,1305,1
14,1278,1306,1
14,1279,1307,1
14,1280,1308,1
14,1281,1309,1
14,1282,1310,1
14,1283,1311,1
14,1284,1312,1
14,1285,1313,1
14,1286,1314,1
14,1287,1315,1
14,1288,1316,1
14,1289,1317,1
14,1290,1318,1
14,1291,1319,1
14,1292,1320,1
14,1293,1321,1
14,1294,1322,1
14,1295,1323,1
14,1296,1324,1
14,1297,1325,1
14,1298,1326,1
14,1299,1327,1
14,1300,1328,1
14,1301,1329,1
14,1302,1330,1
14,1303,1331,1
14,1304,1332,1
14,1305,1333,1
14,1306,1334,1
14,1307,1335,1
14,1308,1336,1
14,1309,1337,1
14,1310,1338,1
14,1311,1339,1
14,1312,1340,1
14,1313,1341,1
14,1314,1342,1
14,1315,1343,1
14,1316,1344,1
14,1317,1345,1
14,1318,1346,1
14,1319,1347,1
14,1320,1348,1
14,1321,1349,1
14,1322,1350,1
14,1323,1351,1
14,1324,1352,1
14,1325,1353,1
14,1326,1354,1
14,1327,1355,1
14,1328,1356,1
14,1329,1357,1
14,1330,1358,1
14,1331,1359,1
14,1332,1360,1
14,1333,1361,1
14,1334,1362,1
14,1335,1363,1
14,1336,1364,1
14,1337,1365,1
14,1338,1366,1
14,1339,1367,1
14,1340,1368,1
14,1341,1369,1
14,1342,1370,1
14,1343,1371,1
14,1344,1372,1
14,1345,1373,1
14,1346,1374,1
14,1347,1375,1
14,1348,1376,1
14,1349,1377,1
14,1350,1378,1
14,1351,1379,1
14,1352,1380,1
14,1353,1381,1
14,1354,1382,1
14,1355,1383,1
14,1356,1384,1
14,1357,1385,1
14,1358,1386,1
14,1359,1387,1
14,1360,1388,1
14,1361,1389,1
14,1362,1390,1
14,1363,1391,1
14,1364,1392,1
14,1365,1393,1
14,1366,1394,1
14,1367,1395,1
14,1368,1396,1
14,1369,1397,1
14,1370,1398,1
14,1371,1399,1
14,1372,1400,1
14,1373,1401,1
14,1374,1402,1
14,1375,1403,1
14,1376,1404,1
14,1377,1405,1
14,1378,1406,1
14,1379,1407,1
14,1380,1408,1
14,1381,1409,1
14,1382,1410,1
14,1383,1411,1
14,1384,1412,1
14,1385,1413,1
14,1386,1414,1
14,1387,1415,1
14,1388,1416,1
14,1389,1417,1
14,1390,1418,1
14,1391,1419,1
14,1392,1420,1
14,1393,1421,1
14,1394,1422,1
14,1395,1423,1
14,1396,1424,1
14,1397,1425,1
14,1398,1426,1
14,1399,1427,1
14,1400,1428,1
14,1401,1429,1
14,1402,1430,1
14,1403,1431,1
14,1404,1432,1
14,1405,1433,1
14,1406,1434,1
14,1407,1435,1
14,1408,1436,1
14,1409,1437,1
14,1410,1438,1
14,1411,1439,1
14,1412,1440,1
14,1413,1441,1
14,1414,1442,1
14,1415,1443,1
14,1416,1444,1
14,1417,1445,1
14,1418,1446,1
14,1419,1447,1
14,1420,1448,1
14,1421,1449,1
14,1422,1450,1
14,1423,1451,1
14,1424,1452,1
14,1425,1453,1
14,1426,1454,1
14,1427,1455,1
14,1428,1456,1
14,1429,1457,1
14,1430,1458,1
14,1431,1459,1
14,1432,1460,1
14,1433,1461,1
14,1434,1462,1
14,1435,1463,1
14,1436,1464,1
14,1437,1465,1
14,1438,1466,1
14,1439,1467,1
14,1440,1468,1
14,1441,1469,1
14,1442,1470,1
14,1443,1471,1
14,1444,1472,1
14,1445,1473,1
14,1446,1474,1
14,1447,1475,1
14,1448,1476,1
14,1449,1477,1
14,1450,1478,1
14,1451,1479,1
14,1452,1480,1
14,1453,1481,1
14,1454,1482,1
14,1455,1483,1
14,1456,1484,1
14,1457,1485,1
14,1458,1486,1
14,1459,1487,1
14,1460,1488,1
14,1461,1489,1
14,1462,1490,1
14,1463,1491,1
14,1464,1492,1
14,1465,1493,1
14,1466,1494,1
14,1467,1495,1
14,1468,1496,1
14,1469,1497,1
14,1470,1498,1
14,1471,1499,1
14,1472,1500,1
14,1473,1501,1
14,1474,1502,1
14,1475,1503,1
14,1476,1504,1
14,1477,1505,1
14,1478,1506,1
14,1479,1507,1
14,1480,1508,1
14,1481,1509,1
14,1482,1510,1
14,1483,1511,1
14,1484,1512,1
14,1485,1513,1
14,1486,1514,1
14,1487,1515,1
14,1488,1516,1
14,1489,1517,1
14,1490,1518,1
14,1491,1519,1
14,1492,1520,1
14,1493,1521,1
14,1494,1522,1
14,1495,1523,1
14,1496,1524,1
14,1497,1525,1
14,1498,1526,1
14,1499,1527,1
14,1500,1528,1
15,0,28,1
15,1,29,1
15,2,30,1
15,3,31,1
15,4,32,1
15,5,33,1
15,6,34,1
15,7,35,1
15,8,36,1
15,9,37,1
15,10,38,1
15,11,39,1
15,12,40,1
15,13,41,1
15,14,42,1
15,15,43,1
15,16,44,1
15,17,45,1
15,18,46,1
15,19,47,1
15,20,48,1
15,21,49,1
15,22,50,1
15,23,51,1
15,24,52,1
15,25,53,1
15,26,54,1
15,27,55,1
15,28,56,1
15,29,57,1
15,30,58,1
15,31,59,1
15,32,60,1
15,33,61,1
15,34,62,1
15,35,63,1
15,36,64,1
15,37,65,1
15,38,66,1
15,39,67,1
15,40,68,1
15,41,69,1
15,42,70,1
15,43,71,1
15,44,72,1
15,45,73,1
15,46,74,1
15,47,75,1
15,48,76,1
15,49,77,1
15,50,78,1
15,51,79,1
15,52,80,1
15,53,81,1
15,54,82,1
15,55,83,1
15,56,84,1
15,57,85,1
15,58,86,1
15,59,87,1
15,60,88,1
15,61,89,1
15,62,90,1
15,63,91,1
15,64,92,1
15,65,93,1
15,66,94,1
15,67,95,1
15,68,96,1
15,69,97,1
15,70,98,1
15,71,99,1
15,72,100,1
15,73,101,1
15,74,102,1
15,75,103,1
15,76,104,1
15,77,105,1
15,78,106,1
15,79,107,1
15,80,108,1
15,81,109,1
15,82,110,1
15,83,111,1
15,84,112,1
15,85,113,1
15,86,114,1
15,87,115,1
15,88,116,1
15,89,117,1
15,90,118,1
15,91,119,1
15,92,120,1
15,93,121,1
15,94,122,1
15,95,123,1
15,96,124,1
15,97,125,1
15,98,126,1
15,99,127,1
15,100,128,1
15,101,129,1
15,102,130,1
15,103,131,1
15,104,132,1
15,105,133,1
15,106,134,1
15,107,135,1
15,108,136,1
15,109,137,1
15,110,138,1
15,111,139,1
15,112,140,1
15,113,141,1
15,114,142,1
15,115,143,1
15,116,144,1
15,117,145,1
15,118,146,1
15,119,147,1
15,120,148,1
15,121,149,1
15,122,150,1
15,123,151,1
15,124,152,1
15,125,153,1
15,126,154,1
15,127,155,1
15,128,156,1
15,129,157,1
15,130,158,1
15,131,159,1
15,132,160,1
15,133,161,1
15,134,162,1
15,135,163,1
15,136,164,1
15,137,165,1
15,138,166,1
15,139,167,1
15,140,168,1
15,141,169,1
15,142,170,1
15,143,171,1
15,144,172,1
15,145,173,1
15,146,174,1
15,147,175,1
15,148,176,1
15,149,177,1
15,150,178,1
15,151,179,1
15,152,180,1
15,153,181,1
15,154,182,1
15,155,183,1
15,156,184,1
15,157,185,1
15,158,186,1
15,159,187,1
15,160,188,1
15,161,189,1
15,162,190,1
15,163,191,1
15,164,192,1
15,165,193,1
15,166,194,1
15,167,195,1
15,168,196,1
15,169,197,1
15,170,198,1
15,171,199,1
15,172,200,1
15,173,201,1
15,174,202,1
15,175,203,1
15,176,204,1
15,177,205,1
15,178,206,1
15,179,207,1
15,180,208,1
15,181,209,1
15,182,210,1
15,183,211,1
15,184,212,1
15,185,213,1
15,186,214,1
15,187,215,1
15,188,216,1
15,189,217,1
15,190,218,1
15,191,219,1
15,192,220,1
15,193,221,1
15,194,222,1
15,195,223,1
15,196,224,1
15,197,225,1
15,198,226,1
15,199,227,1
15,200,228,1
15,201,229,1
15,202,230,1
15,203,231,1
15,204,232,1
15,205,233,1
15,206,234,1
15,207,235,1
15,208,236,1
15,209,237,1
15,210,238,1
15,211,239,1
15,212,240,1
15,213,241,1
15,214,242,1
15,215,243,1
15,216,244,1
15,217,245,1
15,218,246,1
15,219,247,1
15,220,248,1
15,221,249,1
15,222,250,1
15,223,251,1
15,224,252,1
15,225,253,1
15,226,254,1
15,227,255,1
15,228,256,1
15,229,257,1
15,230,258,1
15,231,259,1
15,232,260,1
15,233,261,1
15,234,262,1
15,235,263,1
15,236,264,1
15,237,265,1
15,238,266,1
15,239,267,1
15,240,268,1
15,241,269,1
15,242,270,1
15,243,271,1
15,244,272,1
15,245,273,1
15,246,274,1
15,247,275,1
15,248,276,1
15,249,277,1
15,250,278,1
15,251,279,1
15,252,280,1
15,253,281,1
15,254,282,1
15,255,283,1
15,256,284,1
15,257,285,1
15,258,286,1
15,259,287,1
15,260,288,1
15,261,289,1
15,262,290,1
15,263,291,1
15,264,292,1
15,265,293,1
15,266,294,1
15,267,295,1
15,268,296,1
15,269,297,1
15,270,298,1
15,271,299,1
15,272,300,1
15,273,301,1
15,274,302,1
15,275,303,1
15,276,304,1
15,277,305,1
15,278,306,1
15,279,307,1
15,280,308,1
15,281,309,1
15,282,310,1
15,283,311,1
15,284,312,1
15,285,313,1
15,286,314,1
15,287,315,1
15,288,316,1
15,289,317,1
15,290,318,1
15,291,319,1
15,292,320,1
15,293,321,1
15,294,322,1
15,295,323,1
15,296,324,1
15,297,325,1
15,298,326,1
15,299,327,1
15,300,328,1
15,301,329,1
15,302,330,1
15,303,331,1
15,304,332,1
15,305,333,1
15,306,334,1
15,307,335,1
15,308,336,1
15,309,337,1
15,310,338,1
15,311,339,1
15,312,340,1
15,313,341,1
15,314,342,1
15,315,343,1
15,316,344,1
15,317,345,1
15,318,346,1
15,319,347,1
15,320,348,1
15,321,349,1
15,322,350,1
15,323,351,1
15,324,352,1
15,325,353,1
15,326,354,1
15,327,355,1
15,328,356,1
15,329,357,1
15,330,358,1
15,331,359,1
15,332,360,1
15,333,361,1
15,334,362,1
15,335,363,1
15,336,364,1
15,337,365,1
15,338,366,1
15,339,367,1
15,340,368,1
15,341,369,1
15,342,370,1
15,343,371,1
15,344,372,1
15,345,373,1
15,346,374,1
15,347,375,1
15,348,376,1
15,349,377,1
15,350,378,1
15,351,379,1
15,352,380,1
15,353,381,1
15,354,382,1
15,355,383,1
15,356,384,1
15,357,385,1
15,358,386,1
15,359,387,1
15,360,388,1
15,361,389,1
15,362,390,1
15,363,391,1
15,364,392,1
15,365,393,1
15,366,394,1
15,367,395,1
15,368,396,1
15,369,397,1
15,370,398,1
15,371,399,1
15,372,400,1
15,373,401,1
15,374,402,1
15,375,403,1
15,376,404,1
15,377,405,1
15,378,406,1
15,379,407,1
15,380,408,1
15,381,409,1
15,382,410,1
15,383,411,1
15,384,412,1
15,385,413,1
15,386,414,1
15,387,415,1
15,388,416,1
15,389,417,1
15,390,418,1
15,391,419,1
15,392,420,1
15,393,421,1
15,394,422,1
15,395,423,1
15,396,424,1
15,397,425,1
15,398,426,1
15,399,427,1
15,400,428,1
15,401,429,1
15,402,430,1
15,403,431,1
15,404,432,1
15,405,433,1
15,406,434,1
15,407,435,1
15,408,436,1
15,409,437,1
15,410,438,1
15,411,439,1
15,412,440,1
15,413,441,1
15,414,442,1
15,415,443,1
15,416,444,1
15,417,445,1
15,418,446,1
15,419,447,1
15,420,448,1
15,421,449,1
15,422,450,1
15,423,451,1
15,424,452,1
15,425,453,1
15,426,454,1
15,427,455,1
15,428,456,1
15,429,457,1
15,430,458,1
15,431,459,1
15,432,460,1
15,433,461,1
15,434,462,1
15,435,463,1
15,436,464,1
15,437,465,1
15,438,466,1
15,439,467,1
15,440,468,1
15,441,469,1
15,442,470,1
15,443,471,1
15,444,472,1
15,445,473,1
15,446,474,1
15,447,475,1
15,448,476,1
15,449,477,1
15,450,478,1
15,451,479,1
15,452,480,1
15,453,481,1
15,454,482,1
15,455,483,1
15,456,484,1
15,457,485,1
15,458,486,1
15,459,487,1
15,460,488,1
15,461,489,1
15,462,490,1
15,463,491,1
15,464,492,1
15,465,493,1
15,466,494,1
15,467,495,1
15,468,496,1
15,469,497,1
15,470,498,1
15,471,499,1
15,472,500,1
15,473,501,1
15,474,502,1
15,475,503,1
15,476,504,1
15,477,505,1
15,478,506,1
15,479,507,1
15,480,508,1
15,481,509,1
15,482,510,1
15,483,511,1
15,484,512,1
15,485,513,1
15,486,514,1
15,487,515,1
15,488,516,1
15,489,517,1
15,490,518,1
15,491,519,1
15,492,520,1
15,493,521,1
15,494,522,1
15,495,523,1
15,496,524,1
15,497,525,1
15,498,526,1
15,499,527,1
15,500,528,1
15,501,529,1
15,502,530,1
15,503,531,1
15,504,532,1
15,505,533,1
15,506,534,1
15,507,535,1
15,508,536,1
15,509,537,1
15,510,538,1
15,511,539,1
15,512,540,1
15,513,541,1
15,514,542,1
15,515,543,1
15,516,544,1
15,517,545,1
15,518,546,1
15,519,547,1
15,520,548,1
15,521,549,1
15,522,550,1
15,523,551,1
15,524,552,1
15,525,553,1
15,526,554,1
15,527,555,1
15,528,556,1
15,529,557,1
15,530,558,1
15,531,559,1
15,532,560,1
15,533,561,1
15,534,562,1
15,535,563,1
15,536,564,1
15,537,565,1
15,538,566,1
15,539,567,1
15,540,568,1
15,541,569,1
15,542,570,1
15,543,571,1
15,544,572,1
15,545,573,1
15,546,574,1
15,547,575,1
15,548,576,1
15,549,577,1
15,550,578,1
15,551,579,1
15,552,580,1
15,553,581,1
15,554,582,1
15,555,583,1
15,556,584,1
15,557,585,1
15,558,586,1
15,559,587,1
15,560,588,1
15,561,589,1
15,562,590,1
15,563,591,1
15,564,592,1
15,565,593,1
15,566,594,1
15,567,595,1
15,568,596,1
15,569,597,1
15,570,598,1
15,571,599,1
15,572,600,1
15,573,601,1
15,574,602,1
15,575,603,1
15,576,604,1
15,577,605,1
15,578,606,1
15,579,607,1
15,580,608,1
15,581,609,1
15,582,610,1
15,583,611,1
15,584,612,1
15,585,613,1
15,586,614,1
15,587,615,1
15,588,616,1
15,589,617,1
15,590,618,1
15,591,619,1
15,592,620,1
15,593,621,1
15,594,622,1
15,595,623,1
15,596,624,1
15,597,625,1
15,598,626,1
15,599,627,1
15,600,628,1
15,601,629,1
15,602,630,1
15,603,631,1
15,604,632,1
15,605,633,1
15,606,634,1
15,607,635,1
15,608,636,1
15,609,637,1
15,610,638,1
15,611,639,1
15,612,640,1
15,613,641,1
15,614,642,1
15,615,643,1
15,616,644,1
15,617,645,1
15,618,646,1
15,619,647,1
15,620,648,1
15,621,649,1
15,622,650,1
15,623,651,1
15,624,652,1
15,625,653,1
15,626,654,1
15,627,655,1
15,628,656,1
15,629,657,1
15,630,658,1
15,631,659,1
15,632,660,1
15,633,661,1
15,634,662,1
15,635,663,1
15,636,664,1
15,637,665,1
15,638,666,1
15,639,667,1
15,640,668,1
15,641,669,1
15,642,670,1
15,643,671,1
15,644,672,1
15,645,673,1
15,646,674,1
15,647,675,1
15,648,676,1
15,649,677,1
15,650,678,1
15,651,679,1
15,652,680,1
15,653,681,1
15,654,682,1
15,655,683,1
15,656,684,1
15,657,685,1
15,658,686,1
15,659,687,1
15,660,688,1
15,661,689,1
15,662,690,1
15,663,691,1
15,664,692,1
15,665,693,1
15,666,694,1
15,667,695,1
15,668,696,1
15,669,697,1
15,670,698,1
15,671,699,1
15,672,700,1
15,673,701,1
15,674,702,1
15,675,703,1
15,676,704,1
15,677,705,1
15,678,706,1
15,679,707,1
15,680,708,1
15,681,709,1
15,682,710,1
15,683,711,1
15,684,712,1
15,685,713,1
15,686,714,1
15,687,715,1
15,688,716,1
15,689,717,1
15,690,718,1
15,691,719,1
15,692,720,1
15,693,721,1
15,694,722,1
15,695,723,1
15,696,724,1
15,697,725,1
15,698,726,1
15,699,727,1
15,700,728,1
15,701,729,1
15,702,730,1
15,703,731,1
15,704,732,1
15,705,733,1
15,706,734,1
15,707,735,1
15,708,736,1
15,709,737,1
15,710,738,1
15,711,739,1
15,712,740,1
15,713,741,1
15,714,742,1
15,715,743,1
15,716,744,1
15,717,745,1
15,718,746,1
15,719,747,1
15,720,748,1
15,721,749,1
15,722,750,1
15,723,751,1
15,724,752,1
15,725,753,1
15,726,754,1
15,727,755,1
15,728,756,1
15,729,757,1
15,730,758,1
15,731,759,1
15,732,760,1
15,733,761,1
15,734,762,1
15,735,763,1
15,736,764,1
15,737,765,1
15,738,766,1
15,739,767,1
15,740,768,1
15,741,769,1
15,742,770,1
15,743,771,1
15,744,772,1
15,745,773,1
15,746,774,1
15,747,775,1
15,748,776,1
15,749,777,1
15,750,778,1
15,751,779,1
15,752,780,1
15,753,781,1
15,754,782,1
15,755,783,1
15,756,784,1
15,757,785,1
15,758,786,1
15,759,787,1
15,760,788,1
15,761,789,1
15,762,790,1
15,763,791,1
15,764,792,1
15,765,793,1
15,766,794,1
15,767,795,1
15,768,796,1
15,769,797,1
15,770,798,1
15,771,799,1
15,772,800,1
15,773,801,1
15,774,802,1
15,775,803,1
15,776,804,1
15,777,805,1
15,778,806,1
15,779,807,1
15,780,808,1
15,781,809,1
15,782,810,1
15,783,811,1
15,784,812,1
15,785,813,1
15,786,814,1
15,787,815,1
15,788,816,1
15,789,817,1
15,790,818,1
15,791,819,1
15,792,820,1
15,793,821,1
15,794,822,1
15,795,823,1
15,796,824,1
15,797,825,1
15,798,826,1
15,799,827,1
15,800,828,1
15,801,829,1
15,802,830,1
15,803,831,1
15,804,832,1
15,805,833,1
15,806,834,1
15,807,835,1
15,808,836,1
15,809,837,1
15,810,838,1
15,811,839,1
15,812,840,1
15,813,841,1
15,814,842,1
15,815,843,1
15,816,844,1
15,817,845,1
15,818,846,1
15,819,847,1
15,820,848,1
15,821,849,1
15,822,850,1
15,823,851,1
15,824,852,1
15,825,853,1
15,826,854,1
15,827,855,1
15,828,856,1
15,829,857,1
15,830,858,1
15,831,859,1
15,832,860,1
15,833,861,1
15,834,862,1
15,835,863,1
15,836,864,1
15,837,865,1
15,838,866,1
15,839,867,1
15,840,868,1
15,841,869,1
15,842,870,1
15,843,871,1
15,844,872,1
15,845,873,1
15,846,874,1
15,847,875,1
15,848,876,1
15,849,877,1
15,850,878,1
15,851,879,1
15,852,880,1
15,853,881,1
15,854,882,1
15,855,883,1
15,856,884,1
15,857,885,1
15,858,886,1
15,859,887,1
15,860,888,1
15,861,889,1
15,862,890,1
15,863,891,1
15,864,892,1
15,865,893,1
15,866,894,1
15,867,895,1
15,868,896,1
15,869,897,1
15,870,898,1
15,871,899,1
15,872,900,1
15,873,901,1
15,874,902,1
15,875,903,1
15,876,904,1
15,877,905,1
15,878,906,1
15,879,907,1
15,880,908,1
15,881,909,1
15,882,910,1
15,883,911,1
15,884,912,1
15,885,913,1
15,886,914,1
15,887,915,1
15,888,916,1
15,889,917,1
15,890,918,1
15,891,919,1
15,892,920,1
15,893,921,1
15,894,922,1
15,895,923,1
15,896,924,1
15,897,925,1
15,898,926,1
15,899,927,1
15,900,928,1
15,901,929,1
15,902,930,1
15,903,931,1
15,904,932,1
15,905,933,1
15,906,934,1
15,907,935,1
15,908,936,1
15,909,937,1
15,910,938,1
15,911,939,1
15,912,940,1
15,913,941,1
15,914,942,1
15,915,943,1
15,916,944,1
15,917,945,1
15,918,946,1
15,919,947,1
15,920,948,1
15,921,949,1
15,922,950,1
15,923,951,1
15,924,952,1
15,925,953,1
15,926,954,1
15,927,955,1
15,928,956,1
15,929,957,1
15,930,958,1
15,931,959,1
15,932,960,1
15,933,961,1
15,934,962,1
15,935,963,1
15,936,964,1
15,937,965,1
15,938,966,1
15,939,967,1
15,940,968,1
15,941,969,1
15,942,970,1
15,943,971,1
15,944,972,1
15,945,973,1
15,946,974,1
15,947,975,1
15,948,976,1
15,949,977,1
15,950,978,1
15,951,979,1
15,952,980,1
15,953,981,1
15,954,982,1
15,955,983,1
15,956,984,1
15,957,985,1
15,958,986,1
15,959,987,1
15,960,988,1
15,961,989,1
15,962,990,1
15,963,991,1
15,964,992,1
15,965,993,1
15,966,994,1
15,967,995,1
15,968,996,1
15,969,997,1
15,970,998,1
15,971,999,1
15,972,1000,1
15,973,1001,1
15,974,1002,1
15,975,1003,1
15,976,1004,1
15,977,1005,1
15,978,1006,1
15,979,1007,1
15,980,1008,1
15,981,1009,1
15,982,1010,1
15,983,1011,1
15,984,1012,1
15,985,1013,1
15,986,1014,1
15,987,1015,1
15,988,1016,1
15,989,1017,1
15,990,1018,1
15,991,1019,1
15,992,1020,1
15,993,1021,1
15,994,1022,1
15,995,1023,1
15,996,1024,1
15,997,1025,1
15,998,1026,1
15,999,1027,1
15,1000,1028,1
15,1001,1029,1
15,1002,1030,1
15,1003,1031,1
15,1004,1032,1
15,1005,1033,1
15,1006,1034,1
15,1007,1035,1
15,1008,1036,1
15,1009,1037,1
15,1010,1038,1
15,1011,1039,1
15,1012,1040,1
15,1013,1041,1
15,1014,1042,1
15,1015,1043,1
15,1016,1044,1
15,1017,1045,1
15,1018,1046,1
15,1019,1047,1
15,1020,1048,1
15,1021,1049,1
15,1022,1050,1
15,1023,1051,1
15,1024,1052,1
15,1025,1053,1
15,1026,1054,1
15,1027,1055,1
15,1028,1056,1
15,1029,1057,1
15,1030,1058,1
15,1031,1059,1
15,1032,1060,1
15,1033,1061,1
15,1034,1062,1
15,1035,1063,1
15,1036,1064,1
15,1037,1065,1
15,1038,1066,1
15,1039,1067,1
15,1040,1068,1
15,1041,1069,1
15,1042,1070,1
15,1043,1071,1
15,1044,1072,1
15,1045,1073,1
15,1046,1074,1
15,1047,1075,1
15,1048,1076,1
15,1049,1077,1
15,1050,1078,1
15,1051,1079,1
15,1052,1080,1
15,1053,1081,1
15,1054,1082,1
15,1055,1083,1
15,1056,1084,1
15,1057,1085,1
15,1058,1086,1
15,1059,1087,1
15,1060,1088,1
15,1061,1089,1
15,1062,1090,1
15,1063,1091,1
15,1064,1092,1
15,1065,1093,1
15,1066,1094,1
15,1067,1095,1
15,1068,1096,1
15,1069,1097,1
15,1070,1098,1
15,1071,1099,1
15,1072,1100,1
15,1073,1101,1
15,1074,1102,1
15,1075,1103,1
15,1076,1104,1
15,1077,1105,1
15,1078,1106,1
15,1079,1107,1
15,1080,1108,1
15,1081,1109,1
15,1082,1110,1
15,1083,1111,1
15,1084,1112,1
15,1085,1113,1
15,1086,1114,1
15,1087,1115,1
15,1088,1116,1
15,1089,1117,1
15,1090,1118,1
15,1091,1119,1
15,1092,1120,1
15,1093,1121,1
15,1094,1122,1
15,1095,1123,1
15,1096,1124,1
15,1097,1125,1
15,1098,1126,1
15,1099,1127,1
15,1100,1128,1
15,1101,1129,1
15,1102,1130,1
15,1103,1131,1
15,1104,1132,1
15,1105,1133,1
15,1106,1134,1
15,1107,1135,1
15,1108,1136,1
15,1109,1137,1
15,1110,1138,1
15,1111,1139,1
15,1112,1140,1
15,1113,1141,1
15,1114,1142,1
15,1115,1143,1
15,1116,1144,1
15,1117,1145,1
15,1118,1146,1
15,1119,1147,1
15,1120,1148,1
15,1121,1149,1
15,1122,1150,1
15,1123,1151,1
15,1124,1152,1
15,1125,1153,1
15,1126,1154,1
15,1127,1155,1
15,1128,1156,1
15,1129,1157,1
15,1130,1158,1
15,1131,1159,1
15,1132,1160,1
15,1133,1161,1
15,1134,1162,1
15,1135,1163,1
15,1136,1164,1
15,1137,1165,1
15,1138,1166,1
15,1139,1167,1
15,1140,1168,1
15,1141,1169,1
15,1142,1170,1
15,1143,1171,1
15,1144,1172,1
15,1145,1173,1
15,1146,1174,1
15,1147,1175,1
15,1148,1176,1
15,1149,1177,1
15,1150,1178,1
15,1151,1179,1
15,1152,1180,1
15,1153,1181,1
15,1154,1182,1
15,1155,1183,1
15,1156,1184,1
15,1157,1185,1
15,1158,1186,1
15,1159,1187,1
15,1160,1188,1
15,1161,1189,1
15,1162,1190,1
15,1163,1191,1
15,1164,1192,1
15,1165,1193,1
15,1166,1194,1
15,1167,1195,1
15,1168,1196,1
15,1169,1197,1
15,1170,1198,1
15,1171,1199,1
15,1172,1200,1
15,1173,1201,1
15,1174,1202,1
15,1175,1203,1
15,1176,1204,1
15,1177,1205,1
15,1178,1206,1
15,1179,1207,1
15,1180,1208,1
15,1181,1209,1
15,1182,1210,1
15,1183,1211,1
15,1184,1212,1
15,1185,1213,1
15,1186,1214,1
15,1187,1215,1
15,1188,1216,1
15,1189,1217,1
15,1190,1218,1
15,1191,1219,1
15,1192,1220,1
15,1193,1221,1
15,1194,1222,1
15,1195,1223,1
15,1196,1224,1
15,1197,1225,1
15,1198,1226,1
15,1199,1227,1
15,1200,1228,1
15,1201,1229,1
15,1202,1230,1
15,1203,1231,1
15,1204,1232,1
15,1205,1233,1
15,1206,1234,1
15,1207,1235,1
15,1208,1236,1
15,1209,1237,1
15,1210,1238,1
15,1211,1239,1
15,1212,1240,1
15,1213,1241,1
15,1214,1242,1
15,1215,1243,1
15,1216,1244,1
15,1217,1245,1
15,1218,1246,1
15,1219,1247,1
15,1220,1248,1
15,1221,1249,1
15,1222,1250,1
15,1223,1251,1
15,1224,1252,1
15,1225,1253,1
15,1226,1254,1
15,1227,1255,1
15,1228,1256,1
15,1229,1257,1
15,1230,1258,1
15,1231,1259,1
15,1232,1260,1
15,1233,1261,1
15,1234,1262,1
15,1235,1263,1
15,1236,1264,1
15,1237,1265,1
15,1238,1266,1
15,1239,1267,1
15,1240,1268,1
15,1241,1269,1
15,1242,1270,1
15,1243,1271,1
15,1244,1272,1
15,1245,1273,1
15,1246,1274,1
15,1247,1275,1
15,1248,1276,1
15,1249,1277,1
15,1250,1278,1
15,1251,1279,1
15,1252,1280,1
15,1253,1281,1
15,1254,1282,1
15,1255,1283,1
15,1256,1284,1
15,1257,1285,1
15,1258,1286,1
15,1259,1287,1
15,1260,1288,1
15,1261,1289,1
15,1262,1290,1
15,1263,1291,1
15,1264,1292,1
15,1265,1293,1
15,1266,1294,1
15,1267,1295,1
15,1268,1296,1
15,1269,1297,1
15,1270,1298,1
15,1271,1299,1
15,1272,1300,1
15,1273,1301,1
15,1274,1302,1
15,1275,1303,1
15,1276,1304,1
15,1277,1305,1
15,1278,1306,1
15,1279,1307,1
15,1280,1308,1
15,1281,1309,1
15,1282,1310,1
15,1283,1311,1
15,1284,1312,1
15,1285,1313,1
15,1286,1314,1
15,1287,1315,1
15,1288,1316,1
15,1289,1317,1
15,1290,1318,1
15,1291,1319,1
15,1292,1320,1
15,1293,1321,1
15,1294,1322,1
15,1295,1323,1
15,1296,1324,1
15,1297,1325,1
15,1298,1326,1
15,1299,1327,1
15,1300,1328,1
15,1301,1329,1
15,1302,1330,1
15,1303,1331,1
15,1304,1332,1
15,1305,1333,1
15,1306,1334,1
15,1307,1335,1
15,1308,1336,1
15,1309,1337,1
15,1310,1338,1
15,1311,1339,1
15,1312,1340,1
15,1313,1341,1
15,1314,1342,1
15,1315,1343,1
15,1316,1344,1
15,1317,1345,1
15,1318,1346,1
15,1319,1347,1
15,1320,1348,1
15,1321,1349,1
15,1322,1350,1
15,1323,1351,1
15,1324,1352,1
15,1325,1353,1
15,1326,1354,1
15,1327,1355,1
15,1328,1356,1
15,1329,1357,1
15,1330,1358,1
15,1331,1359,1
15,1332,1360,1
15,1333,1361,1
15,1334,1362,1
15,1335,1363,1
15,1336,1364,1
15,1337,1365,1
15,1338,1366,1
15,1339,1367,1
15,1340,1368,1
15,1341,1369,1
15,1342,1370,1
15,1343,1371,1
15,1344,1372,1
15,1345,1373,1
15,1346,1374,1
15,1347,1375,1
15,1348,1376,1
15,1349,1377,1
15,1350,1378,1
15,1351,1379,1
15,1352,1380,1
15,1353,1381,1
15,1354,1382,1
15,1355,1383,1
15,1356,1384,1
15,1357,1385,1
15,1358,1386,1
15,1359,1387,1
15,1360,1388,1
15,1361,1389,1
15,1362,1390,1
15,1363,1391,1
15,1364,1392,1
15,1365,1393,1
15,1366,1394,1
15,1367,1395,1
15,1368,1396,1
15,1369,1397,1
15,1370,1398,1
15,1371,1399,1
15,1372,1400,1
15,1373,1401,1
15,1374,1402,1
15,1375,1403,1
15,1376,1404,1
15,1377,1405,1
15,1378,1406,1
15,1379,1407,1
15,1380,1408,1
15,1381,1409,1
15,1382,1410,1
15,1383,1411,1
15,1384,1412,1
15,1385,1413,1
15,1386,1414,1
15,1387,1415,1
15,1388,1416,1
15,1389,1417,1
15,1390,1418,1
15,1391,1419,1
15,1392,1420,1
15,1393,1421,1
15,1394,1422,1
15,1395,1423,1
15,1396,1424,1
15,1397,1425,1
15,1398,1426,1
15,1399,1427,1
15,1400,1428,1
15,1401,1429,1
15,1402,1430,1
15,1403,1431,1
15,1404,1432,1
15,1405,1433,1
15,1406,1434,1
15,1407,1435,1
15,1408,1436,1
15,1409,1437,1
15,1410,1438,1
15,1411,1439,1
15,1412,1440,1
15,1413,1441,1
15,1414,1442,1
15,1415,1443,1
15,1416,1444,1
15,1417,1445,1
15,1418,1446,1
15,1419,1447,1
15,1420,1448,1
15,1421,1449,1
15,1422,1450,1
15,1423,1451,1
15,1424,1452,1
15,1425,1453,1
15,1426,1454,1
15,1427,1455,1
15,1428,1456,1
15,1429,1457,1
15,1430,1458,1
15,1431,1459,1
15,1432,1460,1
15,1433,1461,1
15,1434,1462,1
15,1435,1463,1
15,1436,1464,1
15,1437,1465,1
15,1438,1466,1
15,1439,1467,1
15,1440,1468,1
15,1441,1469,1
15,1442,1470,1
15,1443,1471,1
15,1444,1472,1
15,1445,1473,1
15,1446,1474,1
15,1447,1475,1
15,1448,1476,1
15,1449,1477,1
15,1450,1478,1
15,1451,1479,1
15,1452,1480,1
15,1453,1481,1
15,1454,1482,1
15,1455,1483,1
15,1456,1484,1
15,1457,1485,1
15,1458,1486,1
15,1459,1487,1
15,1460,1488,1
15,1461,1489,1
15,1462,1490,1
15,1463,1491,1
15,1464,1492,1
15,1465,1493,1
15,1466,1494,1
15,1467,1495,1
15,1468,1496,1
15,1469,1497,1
15,1470,1498,1
15,1471,1499,1
15,1472,1500,1
15,1473,1501,1
15,1474,1502,1
15,1475,1503,1
15,1476,1504,1
15,1477,1505,1
15,1478,1506,1
15,1479,1507,1
15,1480,1508,1
15,1481,1509,1
15,1482,1510,1
15,1483,1511,1
15,1484,1512,1
15,1485,1513,1
15,1486,1514,1
15,1487,1515,1
15,1488,1516,1
15,1489,1517,1
15,1490,1518,1
15,1491,1519,1
15,1492,1520,1
15,1493,1521,1
15,1494,1522,1
15,1495,1523,1
15,1496,1524,1
15,1497,1525,1
15,1498,1526,1
15,1499,1527,1
15,1500,1528,1
